hoja,fila,codigo_interno,codigo_proveedor,proveedor,marca,descripcion,familia,estado_final,product_id,codigo_producto,variant_id,sku,supplier_offer_id,decision,issue,motivo
Catálogo organizado,2,,,JEZABELL,,GANCHITO NEGRO INVISIBLE,Accesorios y protección de peluquería,IMPORTED,6c0751b3-7902-415b-93d1-4190bab30ad1,GEN-ACC-3F5202,286477a9-2a95-4089-8aa9-1290d8385e88,GEN-ACC-3F5202-D73211,bee307c3-d290-4cd8-87ea-b4d7262ce8a7,,,
Catálogo organizado,3,AIF002,,MAY,AIFER,BORLA CIRCULAR C/SUJETADOR X2,Accesorios y protección de peluquería,IMPORTED,1e7c56e4-4733-44d3-a6f4-cb93dc9e108a,AIF-ACC-4208CD,8170ecd3-14ad-4937-a281-8dba7115c71a,AIF002,be0bea61-da24-4c6e-a152-cb703918592a,,,
Catálogo organizado,4,,JM-02,CHINO PUNO,BONNET,GORRO PARA SECADO,Accesorios y protección de peluquería,IMPORTED,b8b2e459-9787-4597-846d-55fb0716fc0e,BON-ACC-ABD944,7369c7d4-9f87-4b97-a6e5-41151d9e2909,BON-ACC-ABD944-UNICA,427bc5cc-4e4e-484a-98fa-3fc4c3feff81,,,
Catálogo organizado,5,,SHEY-193,MAY,CROCODILE,SUJETADOR COCODRILO NEGRO,Accesorios y protección de peluquería,IMPORTED,76fe020b-928a-499a-a66a-f60924d5b3e9,CRO-ACC-5CC3E9,58a759ac-3ec4-4921-b0f0-bbaeb7c7e79b,CRO-ACC-5CC3E9-D73211,ddce633b-32bb-413f-9994-41be0f13bf21,,,
Catálogo organizado,6,,,KELMAR PUNO,CROCODILE,SUJETADOR COCODRILO NEGRO,Accesorios y protección de peluquería,IMPORTED,76fe020b-928a-499a-a66a-f60924d5b3e9,CRO-ACC-5CC3E9,58a759ac-3ec4-4921-b0f0-bbaeb7c7e79b,CRO-ACC-5CC3E9-D73211,2bbd45b1-fea5-4162-aadf-5fcfb3e6127c,,,
Catálogo organizado,7,FLO001,,MAY,FLOWER SECRET,MOTA P/BASE X2 CON SUJETADOR,Accesorios y protección de peluquería,IMPORTED,ddaf23af-0a56-4225-8375-e67c94bb12cb,FLO-ACC-5D092C,03a8b1a0-efb4-4de2-9a8c-9a69b87a5f23,FLO001,c82e75df-d024-42c1-bf09-a85804215e3e,,,
Catálogo organizado,8,,,QAI INAMBARI,KIM KIMBLE,MASAJEADOR CABELLO CAJITA,Accesorios y protección de peluquería,IMPORTED,8c43b9b5-7d66-4de4-8a47-8f7f87cb2b7c,KIM-ACC-CF5FBA,87e1e137-f698-4efe-8eb4-00de440065fa,KIM-ACC-CF5FBA-UNICA,3e3e73a6-5cff-4c37-b43b-22c9570fdffa,,,
Catálogo organizado,9,,,MAY,ONGEA,BOTAPELO M/MADERA PROF.,Accesorios y protección de peluquería,IMPORTED,36e592fa-c650-4651-813f-2458f5c21458,ONG-ACC-16D884,8962fb19-1629-4149-b7c8-8f0d52ba6464,ONG-ACC-16D884-UNICA,b6effeac-0b07-4676-acad-61c0061dacef,,,
Catálogo organizado,10,,SHEY-217,MAY,OTROS,BOTAPELO BASE NEGRO,Accesorios y protección de peluquería,IMPORTED,27fc9cd3-ac3d-4894-bd73-a7ca26132cff,GEN-ACC-123552,07705839-e7c2-485c-a255-3a9dd4ecc260,GEN-ACC-123552-D73211,6f69054c-86d1-4125-9109-e5007999ce8a,,,
Catálogo organizado,11,OTR001,,MAY,OTROS,BOTAPELO C/DISEÑO BARBERIA,Accesorios y protección de peluquería,IMPORTED,0d435062-3fb6-46b8-b646-d0f4aa46c2f5,GEN-ACC-A694BA,60a8d787-26f5-4118-bb67-d86022d279d0,OTR001,184849a4-baa3-4f41-90d0-ab22542f4e46,,,
Catálogo organizado,12,,S/C,BAOLISHI,OTROS,BOTAPELO C/TALQUERO NEGRO CHICO,Accesorios y protección de peluquería,IMPORTED,919e94d7-37a2-4721-8e74-4270b042374d,GEN-ACC-C413D3,2145e834-f2d4-4160-b28b-940e605d8b24,GEN-ACC-C413D3-D73211,2d8b31fc-8567-47d7-8c77-113c199a5529,,,
Catálogo organizado,13,,,MAY,OTROS,BOTAPELO METALIZADO C/TALQUERO,Accesorios y protección de peluquería,IMPORTED,f641ccaf-4511-4d9e-8873-50e6076112d2,GEN-ACC-0074A3,f441f80a-c799-4879-9d1e-b222a583d696,GEN-ACC-0074A3-UNICA,0cadb805-c8d8-4253-827f-e518de14e7cd,,,
Catálogo organizado,14,,S/C,BEIFA,OTROS,CAPA BARBERIA C/DISEÑO IMPRT.,Accesorios y protección de peluquería,IMPORTED,c285a492-9c59-4567-9fb1-5335780502ec,GEN-ACC-9DEC3D,16100ae8-361e-44d9-8790-6cd5d7275f93,GEN-ACC-9DEC3D-UNICA,ce4a665e-7922-4850-ab46-c430d1168588,,,
Catálogo organizado,15,,,MAY,OTROS,CAPA IMPERMEABLE NEGRO,Accesorios y protección de peluquería,IMPORTED,2c98649f-caaf-443e-8b9c-6da61710d186,GEN-ACC-D8746D,528551b4-335b-4261-8cdf-9ababea7be54,GEN-ACC-D8746D-D73211,8479e37d-b329-4dd2-9494-14561ef918a4,,,
Catálogo organizado,16,,,MAY,OTROS,CHAQUETAS P/ PELUQUERIA,Accesorios y protección de peluquería,IMPORTED,889b02cf-2940-46f2-87ba-5c68ed9dfcc9,GEN-ACC-AE9B66,ebb17d95-43f2-464a-be04-776ad62440ad,GEN-ACC-AE9B66-UNICA,050f1ec0-8747-4b71-803d-1d01fd725793,,,
Catálogo organizado,17,OTR019,,MAY,OTROS,CLIP METAL CHICO X100,Accesorios y protección de peluquería,IMPORTED,a7bff943-16bf-420f-bc0d-49c97950148d,GEN-ACC-B7ED47,c49f2c68-3e6d-4ca5-adb0-3fa55c8973fa,OTR019,a02abe97-0d55-4eee-b12f-e6e3b9243d62,,,
Catálogo organizado,18,,,KELMAR PUNO,OTROS,CLIP METAL CHICO X12,Accesorios y protección de peluquería,IMPORTED,a7bff943-16bf-420f-bc0d-49c97950148d,GEN-ACC-B7ED47,10811096-8746-4bb7-8d7f-b87a56fbb0d2,GEN-ACC-B7ED47-45D118,c186000a-0dc0-4181-8262-6970b7e9272e,,,
Catálogo organizado,19,OTR021,,MAY,OTROS,CLIP METAL GRANDE X12,Accesorios y protección de peluquería,IMPORTED,2257f1e3-868d-46b5-8c81-600385fcfe49,GEN-ACC-01AA4C,7a92ddc7-f7dd-4e33-a0d2-8c6921bfdac9,OTR021,f222d17d-ab44-4d04-8901-3885c7472c79,,,
Catálogo organizado,20,,S/C,MARISE PUNO,OTROS,COLET SATIN,Accesorios y protección de peluquería,IMPORTED,b4a358e4-dd59-44a6-9aef-bfe1bfdee1e7,GEN-ACC-7C968A,3038f48b-b7f1-474f-a095-96a92d2528ed,GEN-ACC-7C968A-UNICA,53dd2ae8-6a3b-4cbb-94f1-ca3cda4f74b4,,,
Catálogo organizado,21,,,BIJOU,OTROS,GANCHO PICO PATO P/SKIN,Accesorios y protección de peluquería,IMPORTED,b7710269-0801-447f-b540-75e205638e8c,GEN-ACC-D3B835,72ca29e4-32e9-42ba-93f7-567f8bc61abb,GEN-ACC-D3B835-UNICA,8147ff2a-5f28-412a-812b-e14e62fd64d6,,,
Catálogo organizado,22,OTR195,SH-986,CHINO PUNO,OTROS,GORRO DE BAÑO,Accesorios y protección de peluquería,IMPORTED,65e15977-4763-4c6b-8eb0-4ac6c5e9cab5,GEN-ACC-061AA3,ccb93e80-557a-4749-ba59-b38df4aabcbb,OTR195,a974a88a-c6a8-4276-87ea-7b916a59f620,,,
Catálogo organizado,23,,S/C,MARISE PUNO,OTROS,GORRO DE SATIN CON BANDA,Accesorios y protección de peluquería,IMPORTED,7ab22134-2276-4621-a927-ba31d28557ae,GEN-ACC-221B78,4a58d665-edb4-4e43-9880-5f533be6333b,GEN-ACC-221B78-UNICA,ccbdc165-4ec8-4440-a355-adfe80e17a8e,,,
Catálogo organizado,24,,S/C,MARISE PUNO,OTROS,GORRO DE SATIN REVERSIBLE,Accesorios y protección de peluquería,IMPORTED,1f7d73f0-10da-4dec-b921-7c329b5ddf00,GEN-ACC-F7D1E3,1a47f93a-6d89-4284-87ef-5b9dc2784598,GEN-ACC-F7D1E3-UNICA,c448b153-4f3e-4fb2-84a1-0810710e02ca,,,
Catálogo organizado,25,OTR026,,MAY,OTROS,GORRO ELECTRICO,Accesorios y protección de peluquería,IMPORTED,ba5b4336-78c1-496f-9f1c-211917f13b78,GEN-ACC-5CCA6B,94f81e41-1e3c-4bff-a041-305f641fd894,OTR026,c6f41203-f109-448a-8f6d-286c25769ec3,,,
Catálogo organizado,26,,,KELMAR,OTROS,GORRO MALLA,Accesorios y protección de peluquería,IMPORTED,220ef20c-221b-4087-a8b3-38ea57c7ef8b,GEN-ACC-4DC78F,45b821a6-8ef8-46f3-82de-44472318549d,GEN-ACC-4DC78F-UNICA,b8d34996-1b78-42df-89f3-d378afb4cf1a,,,
Catálogo organizado,27,OTR191,O892,CHINO PUNO,OTROS,GORRO PANTY NEGRO,Accesorios y protección de peluquería,IMPORTED,84e4f478-4a2a-4f91-a17b-191db637f460,GEN-ACC-2A585F,f37697df-ed53-4427-b55d-fa857a2bc2cd,OTR191,46214ce6-dec0-43d4-87d5-faa12d109453,,,
Catálogo organizado,28,,,MAY,OTROS,GORRO PLASTICO NEGRO,Accesorios y protección de peluquería,IMPORTED,59524c22-aeda-43d8-9284-63a84fbf90f5,GEN-ACC-074816,7d79db1b-7fd1-4c74-bb92-b384bf29035d,GEN-ACC-074816-D73211,c57de23e-40e4-43ae-88b9-1bc0c5c5a687,,,
Catálogo organizado,29,,1192,BEIFA,OTROS,GORRO SATIN CON CINTA,Accesorios y protección de peluquería,IMPORTED,ea44d79d-6f91-482c-86d4-ef9fed270b6f,GEN-ACC-A44501,4e3feb0c-b077-4f4e-88f6-2902f6911f87,GEN-ACC-A44501-UNICA,59568992-f270-4bde-958f-27535a18a413,,,
Catálogo organizado,30,,1202,ZOLEMIO PLAZA C.,OTROS,GORRO SATIN CON VINCHA BLISTER,Accesorios y protección de peluquería,IMPORTED,ec78d83b-1963-4b06-be19-1a0805106911,GEN-ACC-5A7345,b7fd8ed4-2265-47e2-8e7d-348c55a05654,GEN-ACC-5A7345-UNICA,3789e711-e5cc-4dfa-bc79-cac45eb645aa,,,
Catálogo organizado,31,,,MAY,OTROS,GORRO TERMICO NEGRO,Accesorios y protección de peluquería,IMPORTED,9faf9296-d5e0-4435-b580-26ec7344cb6a,GEN-ACC-585B76,ee1b8206-e3fb-4a6b-81b1-9a3443799592,GEN-ACC-585B76-D73211,e131f668-33b9-48bd-beea-e29e4de1396f,,,
Catálogo organizado,32,OTR009,,MAY,OTROS,HORQUILLA CHICA,Accesorios y protección de peluquería,IMPORTED,b8bb8def-8378-4ab9-b90b-faa0eb77435a,GEN-ACC-9AF10E,fe5bc88c-7bf1-4e4e-bb58-c239ff1b03a6,OTR009,7aa2c385-6656-4805-9ed7-c32d410e2383,,,
Catálogo organizado,33,,S/C,KELMAR PUNO,OTROS,LAZO MAGICO X2,Accesorios y protección de peluquería,IMPORTED,9268bc85-3b06-4b6a-b209-e17aa1d8b163,GEN-ACC-094348,7524d454-63a1-442b-8d24-de8c0f53239d,GEN-ACC-094348-B98594,db18f232-7900-499a-9d36-e6b4048a84be,,,
Catálogo organizado,34,,,QAI-INAMBARI,OTROS,MASAJEADOR CABELLO CHICO,Accesorios y protección de peluquería,IMPORTED,71d539c7-a26f-4628-93f7-fc77242492bb,GEN-ACC-EB3566,48367911-1915-4f79-9c68-835be74640a6,GEN-ACC-EB3566-UNICA,,,,
Catálogo organizado,35,,,QAI INAMBARI,OTROS,MASAJEADOR CABELLO TRIGO,Accesorios y protección de peluquería,IMPORTED,2a33c4d6-3e6e-4529-ab46-120b14c256a3,GEN-ACC-2DF4DA,2ad57cd8-acdb-41de-9395-4c9e02427248,GEN-ACC-2DF4DA-UNICA,b9db698f-38e3-470d-971b-11b052f6cb2c,,,
Catálogo organizado,36,OTR043,,MAY,OTROS,PAPEL CUELLERO BLANCO,Accesorios y protección de peluquería,IMPORTED,c4a97221-fc37-47cc-89dc-18c7d4087d37,GEN-ACC-F50ABF,f7b76e8c-3ffb-49eb-8045-714258726822,OTR043,2e1e33a7-6683-4201-8b9e-53fd48f64a48,,,
Catálogo organizado,37,OTR029,,MAY,OTROS,ROCEADOR BARBERIA C/DISEÑO,Accesorios y protección de peluquería,IMPORTED,57a9f3e2-64e5-4129-abc7-b96335c15d43,GEN-ACC-EFE67C,6c37d994-cc34-4351-a0bf-a41ed7ec374d,OTR029,7331017a-ffa4-4a2b-b671-544da7a974ab,,,
Catálogo organizado,38,OTR054,,MAY,OTROS,ROCEADOR BARBERIA RON,Accesorios y protección de peluquería,IMPORTED,5d3843c6-37fa-41b1-a099-306e98ddcc10,GEN-ACC-9BAB1F,c64ceaac-b0cb-45d5-969d-a05de6ee8d29,OTR054,276a1803-eb2c-4144-9d3a-b994a3222949,,,
Catálogo organizado,39,,,QAI-INAMBARI,OTROS,ROCEADOR CONTINUO CHICO,Accesorios y protección de peluquería,IMPORTED,e8ad61d9-d0ee-4c61-a3e6-765f83c0a9ba,GEN-ACC-169F6A,ea2a5f03-4727-4641-ac9e-62bd17bc7139,GEN-ACC-169F6A-UNICA,,,,
Catálogo organizado,40,,CC-610,RONGQIAN,OTROS,ROCEADOR PLASTICO CHICO,Accesorios y protección de peluquería,IMPORTED,ab00f0d2-4668-48f8-9d83-517e0664338c,GEN-ACC-BD9524,4b941d73-f048-49ad-bd16-678a313113e5,GEN-ACC-BD9524-UNICA,4aba5789-b281-4483-b7a7-e250bfb0ca56,,,
Catálogo organizado,41,,,MAY,OTROS,ROCEADOR TIJERITA CHICO,Accesorios y protección de peluquería,IMPORTED,bfbb1c85-e716-4e42-8110-522ef6ee0deb,GEN-ACC-7B5932,a0ff9f49-1f0d-4e1f-aa7a-6fe4d25eda0d,GEN-ACC-7B5932-UNICA,8233e121-19e1-416a-854e-57bafe7e49c7,,,
Catálogo organizado,42,,SHEY-189,MAY,OTROS,ROLER P/CABELLO #1,Accesorios y protección de peluquería,IMPORTED,9daaf859-efa7-4952-a43f-ddae9ae50138,GEN-ACC-BD5894,a3b1177d-d6ed-4a09-ae79-d65e7af5ac58,GEN-ACC-BD5894-UNICA,57a5f6c1-dd6b-4af3-b9cc-5b1230d2545c,,,
Catálogo organizado,43,OTR168,S/C,ZINGER,OTROS,SET LAZO MAGICO X6pza.,Accesorios y protección de peluquería,IMPORTED,d27ef0ee-87b2-4988-a875-ac4ccc33581c,GEN-ACC-23D103,afd63b47-d271-4697-90ad-78b388d3e211,OTR168,c0d17b6a-5f06-4608-a8f5-294bca581459,,,
Catálogo organizado,44,OTR020,,MAY,OTROS,SUJETADOR COCODRILO PASTEL,Accesorios y protección de peluquería,IMPORTED,388dc92d-d535-4170-a6b2-9af1aeec6c5b,GEN-ACC-57CA2E,5b3a19b5-98a3-4f4f-8324-0bc547649239,OTR020,a8993e71-b95f-4c83-8f9b-5212503ac690,,,
Catálogo organizado,45,OTR171,S/C,ZINGER,OTROS,SUJETADOR MARIPOSA X12 COLORES,Accesorios y protección de peluquería,IMPORTED,104f4b97-b0f5-4dcb-afa0-886a34443d2e,GEN-ACC-3A6648,52304460-102d-42c1-aa8d-49550512e927,OTR171,ddc80d25-eaa2-49e8-aa2c-7aee17e66de5,,,
Catálogo organizado,46,OTR018,,MAY,OTROS,SUJETADOR MARIPOSA X12 NEGRO,Accesorios y protección de peluquería,IMPORTED,104f4b97-b0f5-4dcb-afa0-886a34443d2e,GEN-ACC-3A6648,91a64d7d-49d2-4114-81b4-37456358ff00,OTR018,c651468d-79a0-4240-8c5e-3f75451677e5,,,
Catálogo organizado,47,,LA-259,REVEL,REVE'L,MOTITA C/SUJETADOR x4pza,Accesorios y protección de peluquería,IMPORTED,001c02b5-9ff0-4bb9-9f97-ce1f990968a2,REV-ACC-8E376E,f0c25695-3353-4e2f-9993-32ff067feecc,REV-ACC-8E376E-162C4D,791e2f2a-a6b2-4e3d-9020-3463fec05090,,,
Catálogo organizado,48,,PA-3415,D'JHOSEP INAMB,TWINKLE,PERLAS PARA CABELLO,Accesorios y protección de peluquería,IMPORTED,f633b025-4207-4a5d-be76-45c9dd2afc8a,TWI-ACC-40FF0B,ebb1dbe6-1e4d-4149-94a0-60ab64328529,TWI-ACC-40FF0B-UNICA,265bea20-f06f-484d-a84d-6de62541e50e,,,
Catálogo organizado,49,,,KELMAR,WIG CAP,GORRO PANTY NEGRO,Accesorios y protección de peluquería,IMPORTED,eeea1e7b-2165-4bc5-8a14-311e1678de44,WIG-ACC-C7473F,74ce34e2-de15-4d56-9d36-c217cade52c7,WIG-ACC-C7473F-D73211,e6d26173-737b-4282-b7dd-71abda2d982b,,,
Catálogo organizado,50,,,PLAZA CENTRAL,XIAOQIAN,ADORNO PARA CABELLO,Accesorios y protección de peluquería,IMPORTED,a7af2a55-a318-400c-a76f-716550148054,XIA-ACC-626032,69b694f4-a48a-464c-b85f-ac5992bbf893,XIA-ACC-626032-UNICA,10250b45-104d-484f-8e59-95f5c4383e41,,,
Catálogo organizado,51,OTR161,6359,AJI,AIMEISI,SET 3 PEINES + 1 CEPILLO EN CAJA,Cepillos y peines,IMPORTED,8d089422-f10d-4057-96ef-7d753208d914,AIM-CEP-651E12,52c790ce-4f19-4fae-aeef-2989e95a5f96,OTR161,6b6519ab-f28c-4581-b877-e892f641903e,,,
Catálogo organizado,52,,HD-854,BEIFA,BEIFA,CEPILLO RIZOS CURLY CON CERDA,Cepillos y peines,IMPORTED,dbc1ceaf-ed73-4b44-a9a9-d07a78feb9a8,BEI-CEP-D15416,64ea3ed9-d26b-4554-b7bf-04aa7c31688f,BEI-CEP-D15416-UNICA,722e4abd-5fe0-4ea8-acc2-ee94f9ee4d3b,,,
Catálogo organizado,53,BEI001,,MAY,BEIFA,PEINE PIOJERO METAL ECON,Cepillos y peines,IMPORTED,3a757aa9-9ef7-43bc-b569-ff08e2b27795,BEI-CEP-B1BCD6,c00322b3-6ce8-4303-b40b-ba54d76f60d5,BEI001,4290fe5f-239f-46ea-aa19-5ff9da14b398,,,
Catálogo organizado,54,,1213,BEIFA,CECILIA,CEPILLO BAMBU CUADRADO,Cepillos y peines,IMPORTED,29e11f98-a629-4cc1-8d4e-03a084f57df9,CEC-CEP-91E04E,27ac21b5-2536-4116-8d04-8df0d8124a07,CEC-CEP-91E04E-UNICA,2e1a182e-5a4e-4e52-a6ed-f5df97188f3e,,,
Catálogo organizado,55,,,MAY,CECILIA,CEPILLO CECILIA CUADRADO,Cepillos y peines,IMPORTED,ddbfb430-063f-4a8b-838a-8abec3bf5108,CEC-CEP-CEDF43,8ae8dd42-bb04-4836-9f2f-f966a10463bc,CEC-CEP-CEDF43-UNICA,92e9de40-6228-4e03-8934-9df73cac848a,,,
Catálogo organizado,56,,S/C,KELMAR,CECILIA,CEPILLO REDONDO DE CERDA NEGRO,Cepillos y peines,IMPORTED,d1840b14-e14e-48f2-b035-909ad3e465bf,CEC-CEP-9C7398,68a35ca4-b90c-4534-8867-637e3db49533,CEC-CEP-9C7398-D73211,6b4e732a-42f0-4f5d-a9d8-7b397986bc5f,,,
Catálogo organizado,57,,,QAI-INAMBARI,JIANSHENG,PEINE FIBRA DE ARROZ DIENTE ANCHO 4 COLOR,Cepillos y peines,IMPORTED,1677604a-94f6-4073-803a-ad3296abd670,JIA-CEP-92D223,b9a3f082-850b-47f0-96f0-1fa7a28f7aaa,JIA-CEP-92D223-UNICA,,,,
Catálogo organizado,58,,,ROSA SOTO,KAPELLY,CEPILLO CERDA DE MADERA  #2630,Cepillos y peines,IMPORTED,234904ed-076a-4186-9387-85225bb3b6a9,KAP-CEP-F91430,bbd850a5-94b1-40bd-999c-8c531ce1efac,KAP-CEP-F91430-D4528F,92cc4572-ee3d-408d-a23f-62690c6fe171,,,
Catálogo organizado,59,,,ROSA SOTO,KAPELLY,CEPILLO CERDA DE MADERA  #2640,Cepillos y peines,IMPORTED,234904ed-076a-4186-9387-85225bb3b6a9,KAP-CEP-F91430,89f9d294-42d6-4d82-afbc-e56f163d33ef,KAP-CEP-F91430-DA82F2,050b812e-9558-4fa0-a1de-55d7e79f3ce6,,,
Catálogo organizado,60,OTR045,,MAY,OTROS,BROCHA C/PEINE TINTE NEGRO ECON,Cepillos y peines,IMPORTED,da3c9461-0194-44f6-be17-9e979aef0481,GEN-CEP-B3E9FA,843400dc-5bbf-4995-ac51-3d68cc65a696,OTR045,208018b5-c3b2-4965-9fca-6153ccac58fe,,,
Catálogo organizado,61,,,QAI INAMBARI,OTROS,CEPILLO ANIMES,Cepillos y peines,IMPORTED,33523dbd-54f7-42f2-bf98-f0427ce61a69,GEN-CEP-9AB231,1939c591-f94e-4afa-b2d2-14525fee79f0,GEN-CEP-9AB231-UNICA,7366380b-e08b-473e-a62f-dc0806042355,,,
Catálogo organizado,62,OTR162,S/C,KELMAR,OTROS,CEPILLO CUADRADO NEGRO ECON.,Cepillos y peines,IMPORTED,5c47b7ce-fdd5-4563-9e38-047639d9127c,GEN-CEP-BA6158,4428a601-e713-445e-ab55-946a4228848e,OTR162,0dcbd368-eac6-4e1e-a5e9-9a76477039f3,,,
Catálogo organizado,63,,M-71,MAY,OTROS,CEPILLO CUADRADO PASTEL,Cepillos y peines,IMPORTED,ea0c5fd2-3e6e-4fc2-ac8d-c60280a41adf,GEN-CEP-0EF433,1fd2d9d0-918b-4821-9d23-0f773a49bf08,GEN-CEP-0EF433-E403AB,4ad1b2a1-6ad0-43f1-88f3-9b20d85ce7a9,,,
Catálogo organizado,64,OTR013,,MAY,OTROS,CEPILLO ESCARMINADOR,Cepillos y peines,IMPORTED,64be47a0-54d5-4eda-ba2e-12907e72058b,GEN-CEP-7399B5,7ca77f33-117f-4e48-bd2f-73f5ac7dde1a,OTR013,c8e744d7-4d22-4283-8ccf-08f04c426433,,,
Catálogo organizado,65,,SHEY-172,MAY,OTROS,CEPILLO ESQUELETO M/NEGRO,Cepillos y peines,IMPORTED,46cc5bbf-1105-4c01-bd02-92426bfbd61a,GEN-CEP-91317A,1d51e83c-1554-4e32-86f3-bdae38803c86,GEN-CEP-91317A-46CC15,b500e355-c40e-4900-96bf-d783563e38e3,,,
Catálogo organizado,66,,SHEY-174,MAY,OTROS,CEPILLO ESQUELETO OVALADO,Cepillos y peines,IMPORTED,46cc5bbf-1105-4c01-bd02-92426bfbd61a,GEN-CEP-91317A,e6660e55-28d7-4133-b53c-246b5132ee62,GEN-CEP-91317A-FFD17C,022385e9-8307-44f3-a132-3555b72b0f6c,,,
Catálogo organizado,67,,SHEY-219,MAY,OTROS,CEPILLO FADE C/ PEINE DORADO,Cepillos y peines,IMPORTED,009315fc-14f6-4e82-8e62-f15ef8375397,GEN-CEP-83B5D4,c12be1ad-c6f8-4f3f-a1d0-5fd992c98c27,GEN-CEP-83B5D4-356EC5,41906c49-5b87-4881-aa9c-f03a60867ad8,,,
Catálogo organizado,68,OTR192,SZ-116,CHINO PUNO,OTROS,CEPILLO FADE NEGRO,Cepillos y peines,IMPORTED,e73f86fb-d763-45c4-863d-76fa5ce9db15,GEN-CEP-5C95A3,4c5464a4-4556-47e0-9510-bc4e29e851ca,OTR192,2fcc70d4-a57b-41cf-a582-beb4bf27cb27,,,
Catálogo organizado,69,,,MAY,OTROS,CEPILLO LABERINTO,Cepillos y peines,IMPORTED,05835246-8291-4686-bff6-5d138dfb8130,GEN-CEP-63DA42,e402c4ce-81e1-4dc0-8137-f3952b6c52e9,GEN-CEP-63DA42-UNICA,a3693569-5019-4a34-a5a4-8092c4146bfa,,,
Catálogo organizado,70,,S/C,KELMAR,OTROS,CEPILLO LABERINTO C/CERDA TODO NEGRO,Cepillos y peines,IMPORTED,0d203db6-6a26-4a04-9a28-4184c511c850,GEN-CEP-C8506A,45af8387-2048-48de-9814-91a5f1d30003,GEN-CEP-C8506A-D73211,0ac6def8-c249-4b13-af9f-68a5994903d8,,,
Catálogo organizado,71,,,MAY,OTROS,CEPILLO NANO TECHNOLOGY BLANCO #25,Cepillos y peines,IMPORTED,226994d2-fbc4-416b-a3a2-8842c734aa7c,GEN-CEP-986C49,429b2a48-112d-4877-b298-12e4ceaecabd,GEN-CEP-986C49-38AEE4,9aa46526-1ace-4560-980f-8a9ccc671c86,,,
Catálogo organizado,72,,,MAY,OTROS,CEPILLO NANO TECHNOLOGY BLANCO #32,Cepillos y peines,IMPORTED,226994d2-fbc4-416b-a3a2-8842c734aa7c,GEN-CEP-986C49,f3cc38b5-6ee2-4044-9044-16b1c6665773,GEN-CEP-986C49-51EDD0,6a4ed35e-3431-45f4-8191-1344634ac321,,,
Catálogo organizado,73,,,MAY,OTROS,CEPILLO NANO TECHNOLOGY BLANCO #45,Cepillos y peines,IMPORTED,226994d2-fbc4-416b-a3a2-8842c734aa7c,GEN-CEP-986C49,a895f67c-7ae9-4d75-aa57-432b3c422106,GEN-CEP-986C49-02940B,a51873b3-41c0-485c-af6c-465aab1fd1c6,,,
Catálogo organizado,74,OTR159,,AJI,OTROS,CEPILLO OREJITAS EN CAJA,Cepillos y peines,IMPORTED,cd5650b5-589a-4e6b-9ad7-39765448633b,GEN-CEP-1E5FAD,5371beef-f3eb-4c04-845e-28f25f6a87d5,OTR159,cca5adbe-636d-4491-b425-c8e3fa376330,,,
Catálogo organizado,75,OTR025,,MAY,OTROS,CEPILLO P/PLANCHA MADERA,Cepillos y peines,IMPORTED,c9381ee1-daf0-4444-b369-9a6b83f0bcdb,GEN-CEP-88CA64,b0525f17-e0a7-4bac-8ac1-671335ab4ba9,OTR025,f7ae6d97-c4a1-486a-b9d9-262e028d931e,,,
Catálogo organizado,76,OTR160,,MAY,OTROS,CEPILLO P/RIZOS ACORDEON,Cepillos y peines,IMPORTED,46d934b6-7f3d-4618-8016-0309fe91f592,GEN-CEP-1DBFE4,8a2251d8-269f-47ae-8de8-0d6b4a0ee1e4,OTR160,d22e925c-9409-4e5c-b111-90a40b6ce5f9,,,
Catálogo organizado,77,,,KELMAR,OTROS,CEPILLO P/RIZOS ACORDEON,Cepillos y peines,IMPORTED,46d934b6-7f3d-4618-8016-0309fe91f592,GEN-CEP-1DBFE4,8a2251d8-269f-47ae-8de8-0d6b4a0ee1e4,OTR160,45055074-0773-40ea-8d66-73b39933e14f,,,
Catálogo organizado,78,,,KELMAR,OTROS,CEPILLO RIZOS CURLY CON CERDA,Cepillos y peines,IMPORTED,de32a023-d53b-40e0-99de-32f35578ee4a,GEN-CEP-66D82C,b1f86ca7-0b14-4e91-b8ee-12e8e90aefc9,GEN-CEP-66D82C-A88B81,401c8718-4c91-4a27-98bf-89cc439aac1e,,,
Catálogo organizado,79,,,KELMAR,OTROS,CEPILLO RIZOS CURLY SOLO,Cepillos y peines,IMPORTED,de32a023-d53b-40e0-99de-32f35578ee4a,GEN-CEP-66D82C,eec8929b-93ae-481f-a0f1-6168c2d61a3a,GEN-CEP-66D82C-227268,c50684bb-681e-4379-a375-572bc5087169,,,
Catálogo organizado,80,,,QAI INAMBARI,OTROS,PEINE C/CEPILLO P/BABYHAIRS,Cepillos y peines,IMPORTED,f89b5524-6280-49f0-a2bb-38e973fa5915,GEN-CEP-0F1339,1d84e4d3-3039-402f-b52b-9cfeef58e688,GEN-CEP-0F1339-UNICA,9842a97f-b4d1-4546-af57-0f054b74e7fb,,,
Catálogo organizado,81,OTR169,S/C,ZINGER,OTROS,PEINE CARBON COLA,Cepillos y peines,IMPORTED,2e94e21a-2cfa-48da-b12f-e278c0a8a9c8,GEN-CEP-570B53,5365585c-f5f6-4b77-b07c-68854d14302c,OTR169,1d7add0b-7b40-435c-99c6-23fb2d7abb7a,,,
Catálogo organizado,82,OTR170,S/C,ZINGER,OTROS,PEINE CARBON COLA METAL,Cepillos y peines,IMPORTED,2e94e21a-2cfa-48da-b12f-e278c0a8a9c8,GEN-CEP-570B53,2e5bba75-0d12-42eb-a35e-dcba18f0a916,OTR170,fa7f944d-4565-4e41-82b1-5726d0b9e2ed,,,
Catálogo organizado,83,,,QAI INAMBARI,OTROS,PEINE DE TRIGO ANCHO,Cepillos y peines,IMPORTED,7c0875ab-f0dc-44c9-a3ba-d0f429063b30,GEN-CEP-DF7B27,a5ad9539-9364-4c2c-9087-f6fadd34f6d2,GEN-CEP-DF7B27-95BA23,dae4a932-148f-4701-8751-bbf6ca1effb2,,,
Catálogo organizado,84,,,QAI INAMBARI,OTROS,PEINE DE TRIGO DELGADO,Cepillos y peines,IMPORTED,7c0875ab-f0dc-44c9-a3ba-d0f429063b30,GEN-CEP-DF7B27,6bc1b086-f5aa-47c9-ba35-4b1bc08683f0,GEN-CEP-DF7B27-F24E7E,846620c1-1f05-45bc-8c51-512726f0ebc5,,,
Catálogo organizado,85,OTR024,,MAY,OTROS,PEINE FLAT TOP BLANCO,Cepillos y peines,IMPORTED,3c1198b6-dda7-4c8d-aad3-e9e7509f21a1,GEN-CEP-378B56,921d6955-1a58-411d-88e3-e18c35cb1ad7,OTR024,851b01e5-1e9f-4960-81ea-ce7bcf5c6e9a,,,
Catálogo organizado,86,OTR023,,MAY,OTROS,PEINE FLAT TOP NEGRO,Cepillos y peines,IMPORTED,3c1198b6-dda7-4c8d-aad3-e9e7509f21a1,GEN-CEP-378B56,3988d32e-3769-458a-9def-7b541e458a20,OTR023,5c0246c8-066e-4209-be2c-e00d1d4b7fd0,,,
Catálogo organizado,87,OTR166,S/C,ZINGER,OTROS,PEINE HACHA,Cepillos y peines,IMPORTED,95722ebe-67fb-48a4-8491-908335c356cc,GEN-CEP-6A5573,680a4c99-a9f9-4c1f-8392-e67eca714995,OTR166,4a73641c-ff54-41cb-aeb9-00d07561e44e,,,
Catálogo organizado,88,,,ÑAHUIN INAMB,OTROS,PEINE PLASTICO MOD. BEBE,Cepillos y peines,IMPORTED,e0d32fb0-0ece-4a2b-900b-91ac9a5745b3,GEN-CEP-BE4379,c7bcfe97-2048-4e4d-892f-12b7e411b887,GEN-CEP-BE4379-EB95F2,7b59dc1f-3c75-46cf-91de-10f84accce11,,,
Catálogo organizado,89,,,CUZCO UTILES,OTROS,PEINE PLASTICO MOD. CABALLERO,Cepillos y peines,IMPORTED,e0d32fb0-0ece-4a2b-900b-91ac9a5745b3,GEN-CEP-BE4379,fa167750-908c-44cd-ac6c-0851ac459794,GEN-CEP-BE4379-A9F6D3,9cfea5f6-60f9-4fc3-a204-5319c8e3cd3f,,,
Catálogo organizado,90,,,CUZCO UTILES,OTROS,PEINE PLASTICO MOD. CAREY #900,Cepillos y peines,IMPORTED,e0d32fb0-0ece-4a2b-900b-91ac9a5745b3,GEN-CEP-BE4379,8ec3c0b3-4237-4d18-bfe5-e8608732020a,GEN-CEP-BE4379-31EB8B,7b785a24-3fe8-413f-9b6c-32548bba7d7a,,,
Catálogo organizado,91,,,CUZCO UTILES,OTROS,PEINE PLASTICO MOD. CAREY COLOR,Cepillos y peines,IMPORTED,e0d32fb0-0ece-4a2b-900b-91ac9a5745b3,GEN-CEP-BE4379,aa7d18e2-8e25-476c-9b9d-9c7e639384dd,GEN-CEP-BE4379-D90A30,c0ff7f61-d79b-46ab-ab6c-8b456c51378e,,,
Catálogo organizado,92,,,CUZCO UTILES,OTROS,PEINE PLASTICO MOD. COLA DE RATA,Cepillos y peines,IMPORTED,e0d32fb0-0ece-4a2b-900b-91ac9a5745b3,GEN-CEP-BE4379,4ecf76f0-8367-4f6c-b35f-1b9ccbd69868,GEN-CEP-BE4379-DAD763,ac5fa407-83e2-493f-b2c8-c17758b8ed4a,,,
Catálogo organizado,93,,,IMPORT JCM INAMB,OTROS,PEINE PLASTICO MOD. COPACABANA,Cepillos y peines,IMPORTED,e0d32fb0-0ece-4a2b-900b-91ac9a5745b3,GEN-CEP-BE4379,108c83e3-87e2-4bf1-bc64-6b82cc26f311,GEN-CEP-BE4379-E7D59C,6267739c-37c5-4b4a-a84c-663a5d77a7bf,,,
Catálogo organizado,94,,,IMPORT JCM INAMB,OTROS,PEINE PLASTICO MOD. FLORIDA,Cepillos y peines,IMPORTED,e0d32fb0-0ece-4a2b-900b-91ac9a5745b3,GEN-CEP-BE4379,dd33b26d-a798-4caa-9eb6-c9b38804eb9f,GEN-CEP-BE4379-F7A872,a1adb320-0e78-4b65-b67b-e4d7961dc494,,,
Catálogo organizado,95,,,CUZCO UTILES,OTROS,PEINE PLASTICO MOD. PESCADO,Cepillos y peines,IMPORTED,e0d32fb0-0ece-4a2b-900b-91ac9a5745b3,GEN-CEP-BE4379,cbdcbf62-cc2b-4415-9201-d548a4adf987,GEN-CEP-BE4379-AAE595,83727c4c-17f6-43dd-9c13-5f08c6590d22,,,
Catálogo organizado,96,,306,CHINO PUNO,OTROS,PEINE V PARA PLANCHA,Cepillos y peines,IMPORTED,4a607488-49ac-43b1-bc3a-51ee4b91dc1a,GEN-CEP-713612,31fc3ce3-1117-4a66-995e-09282537d79b,GEN-CEP-713612-UNICA,34f13799-5294-46ea-be7e-b7f093ef0aa5,,,
Catálogo organizado,97,OTR057,,MAY,OTROS,PEINE WAHL DORADO,Cepillos y peines,IMPORTED,95d43ba6-edee-4304-9e27-65e5ad2f0c0f,GEN-CEP-D6CEA7,525237e4-cc71-45dd-a15c-5ac0bec8ea7c,OTR057,a8d912cc-3c07-4085-8c53-bbe9e8e522b7,,,
Catálogo organizado,98,OTR056,,MAY,OTROS,PEINE WAHL TORNASOL,Cepillos y peines,IMPORTED,95d43ba6-edee-4304-9e27-65e5ad2f0c0f,GEN-CEP-D6CEA7,c606efbf-80f1-4d58-97d2-e85866cf2837,OTR056,87863920-31b5-4a34-bbed-089addd6a880,,,
Catálogo organizado,99,OTR039,,MAY,OTROS,PEINE X10,Cepillos y peines,IMPORTED,3e7bc324-9c9a-44c8-a7c1-e623c7b31d93,GEN-CEP-218D92,dfe08ad1-4d28-44f5-be5e-26b82818d6a3,OTR039,dd4fa7e4-860f-4606-a647-d873015f9275,,,
Catálogo organizado,100,,SHEY-198,MAY,OTROS,PEINETA P/CORTE BLISX3 COLORES,Cepillos y peines,IMPORTED,382dd590-4978-4faf-b333-58988f856c7b,GEN-CEP-157A30,925bcc02-c82a-46f7-8096-28a966430c8b,GEN-CEP-157A30-9110BB,bef8dd03-3f9f-4964-a0f3-b765eef26b4b,,,
Catálogo organizado,101,,SHEY-194,MAY,OTROS,PEINETA P/CORTE CAJX10 COLORES,Cepillos y peines,IMPORTED,3b6c2791-3c67-4eb9-b6c0-da64a8972b51,GEN-CEP-87C155,dfa7b497-fad2-4806-9050-19437212e799,GEN-CEP-87C155-504663,144d66a3-a57d-43e5-929b-088841c01f94,,,
Catálogo organizado,102,,SHEY-195,MAY,OTROS,PEINETA P/CORTE CAJX10 NEGRO,Cepillos y peines,IMPORTED,3b6c2791-3c67-4eb9-b6c0-da64a8972b51,GEN-CEP-87C155,88bcb372-6963-4367-a7c4-162d981e478c,GEN-CEP-87C155-D73211,68f090ab-8bd7-4338-8803-07e7a3c60163,,,
Catálogo organizado,103,,SHEY-197,MAY,OTROS,PEINETA P/CORTE CAJX8 COLORES,Cepillos y peines,IMPORTED,382dd590-4978-4faf-b333-58988f856c7b,GEN-CEP-157A30,8aef144d-96e3-44d1-b63c-159d74adb5d4,GEN-CEP-157A30-A5547A,3f06cdce-2fd6-4693-942c-d32f2ccbf9bf,,,
Catálogo organizado,104,TON001,,MAY,TONI&GUY,PEINE ANDYS,Cepillos y peines,IMPORTED,bf1ff940-d643-4835-96b0-50a48d55cd39,TON-CEP-61CAE9,59331ed6-cd8d-4f99-aff4-91a85ce8b21d,TON001,d2599226-6dbc-49e9-8f09-724f775a0fb4,,,
Catálogo organizado,105,,,KEL,TONI&GUY,PEINE CARBON COLA,Cepillos y peines,IMPORTED,d5252c4b-c4de-4bf2-b9a1-2c74e4db8f92,TON-CEP-4E249A,ec7ee574-5f44-42f6-b930-6e110e1ec12d,TON-CEP-4E249A-613D36,a3b9601c-4403-46c6-a1dd-713ff4dbcce2,,,
Catálogo organizado,106,,,KELMAR,TONI&GUY,PEINE CARBON COLA METAL,Cepillos y peines,IMPORTED,d5252c4b-c4de-4bf2-b9a1-2c74e4db8f92,TON-CEP-4E249A,3e7e85e9-846c-4aec-8550-a74ca96c89e1,TON-CEP-4E249A-73B420,6df79846-2b9e-4fc5-b1a4-ab7922bfd1e5,,,
Catálogo organizado,107,TON003,O6100,CHINO PUNO,TONI&GUY,PEINE CARBON CORTE DELG.,Cepillos y peines,IMPORTED,d5252c4b-c4de-4bf2-b9a1-2c74e4db8f92,TON-CEP-4E249A,c09129a6-71cf-4150-a27e-8ac237d1fdf1,TON003,4d7c12da-f77a-4c80-b81d-7f0f3766a2a4,,,
Catálogo organizado,108,TON004,O6940,CHINO PUNO,TONI&GUY,PEINE CARBON CORTE GRUE.,Cepillos y peines,IMPORTED,d5252c4b-c4de-4bf2-b9a1-2c74e4db8f92,TON-CEP-4E249A,c550403e-60a7-456e-8eec-4f020a1d2080,TON004,ff23aee4-53cb-4571-8255-e3c4ad273146,,,
Catálogo organizado,109,TON002,NO166,CHINO PUNO,TONI&GUY,PEINE CARBON WAHL NEGRO,Cepillos y peines,IMPORTED,d5252c4b-c4de-4bf2-b9a1-2c74e4db8f92,TON-CEP-4E249A,7a065988-e937-40cf-9146-8d2892d98f25,TON002,d76eceb5-1249-498d-9c4e-93029b67c046,,,
Catálogo organizado,110,,,MAY,WAHL,CEPILLO FADE MADERA,Cepillos y peines,IMPORTED,eed4b990-a747-47e0-9b95-23b7c020ac2d,WAH-CEP-5570BE,194a7dd5-076d-4442-ab2a-ebee7e7fb181,WAH-CEP-5570BE-UNICA,50988d96-5132-42b2-847e-e2544293ae10,,,
Catálogo organizado,111,,LM-04,CHINO PUNO,,ALUMINIO AZUL 10 METROS,Coloración y procesos químicos,IMPORTED,c792e1ae-3582-456f-aac2-5779dcaf2f81,GEN-COL-7BF4EC,a27dfc9f-9ce6-4441-aba2-506dce84250c,GEN-COL-7BF4EC-B4B388,6ef385a9-eaeb-4f61-92ab-e8c7c745471c,,,
Catálogo organizado,112,,LM-20,CHINO PUNO,,ALUMINIO AZUL 20 METROS,Coloración y procesos químicos,IMPORTED,b092875f-b2b0-4252-8768-00aaad2b34e8,GEN-COL-4A2E49,05081b0f-bef5-471b-9094-05c1395fa5ac,GEN-COL-4A2E49-B4B388,339def2e-b1d3-4318-97ad-76bd01fc93a0,,,
Catálogo organizado,113,,,MAY,BIGEN,BIGEN #26,Coloración y procesos químicos,IMPORTED,2a1daeea-c2fa-48f3-90b5-b21b5e404fef,BIG-COL-5E1B73,0629585d-bf71-4d43-ad40-fecf7bd13cc3,BIG-COL-5E1B73-8B68AE,67c42578-b870-4376-a542-dd14c257870a,,,
Catálogo organizado,114,,,MAY,BIGEN,BIGEN #37,Coloración y procesos químicos,IMPORTED,2a1daeea-c2fa-48f3-90b5-b21b5e404fef,BIG-COL-5E1B73,ef36b91d-b6dc-4770-beea-07af6fb41d92,BIG-COL-5E1B73-D8DCA0,3bda7674-395c-46e7-b113-90e48b863c90,,,
Catálogo organizado,115,,,MAY,BIGEN,BIGEN #45,Coloración y procesos químicos,IMPORTED,2a1daeea-c2fa-48f3-90b5-b21b5e404fef,BIG-COL-5E1B73,a89c4eee-588e-4bb5-b0fa-88e20cd9ff92,BIG-COL-5E1B73-E55227,215a5812-adba-4c5f-9de0-f83b2eb1e94d,,,
Catálogo organizado,116,,,MAY,BIGEN,BIGEN #46,Coloración y procesos químicos,IMPORTED,2a1daeea-c2fa-48f3-90b5-b21b5e404fef,BIG-COL-5E1B73,eb97ba68-970b-4a7f-bb89-ab9a164a8ac7,BIG-COL-5E1B73-191FE8,cdbefd64-785e-4e29-94ea-313f02a503f6,,,
Catálogo organizado,117,,,MAY,BIGEN,BIGEN #47,Coloración y procesos químicos,IMPORTED,2a1daeea-c2fa-48f3-90b5-b21b5e404fef,BIG-COL-5E1B73,3d840949-b235-47e9-88bd-317ce4fd097d,BIG-COL-5E1B73-8BE55D,9f54d13b-20e5-490a-a1b4-8951e20fd3c1,,,
Catálogo organizado,118,,,MAY,BIGEN,BIGEN #48,Coloración y procesos químicos,IMPORTED,2a1daeea-c2fa-48f3-90b5-b21b5e404fef,BIG-COL-5E1B73,6be4e122-9a02-4a9a-8403-7fcd3207c213,BIG-COL-5E1B73-6EE275,50547822-3b04-4335-ada4-2f2cf80a21f5,,,
Catálogo organizado,119,,,MAY,BIGEN,BIGEN #57,Coloración y procesos químicos,IMPORTED,2a1daeea-c2fa-48f3-90b5-b21b5e404fef,BIG-COL-5E1B73,a16b4ff5-6c2c-45e7-9cf9-0fc85ed03424,BIG-COL-5E1B73-DB0E5E,70d40400-860a-421d-8f27-2097207b939c,,,
Catálogo organizado,120,,,MAY,BIGEN,BIGEN #58,Coloración y procesos químicos,IMPORTED,2a1daeea-c2fa-48f3-90b5-b21b5e404fef,BIG-COL-5E1B73,be6ffaa2-b6bc-4f5f-8be3-a96a705ff619,BIG-COL-5E1B73-E94BDC,64fb48d7-4bb1-4af4-bb2d-70ee9d4ddd94,,,
Catálogo organizado,121,,,MAY,BIGEN,BIGEN #59,Coloración y procesos químicos,IMPORTED,2a1daeea-c2fa-48f3-90b5-b21b5e404fef,BIG-COL-5E1B73,e457126b-0299-42f4-9cb6-b8c704cbe8ea,BIG-COL-5E1B73-A632C6,909f03ef-d6b1-4467-bde4-11f87550730d,,,
Catálogo organizado,122,,,MAY,BIGEN,BIGEN #76,Coloración y procesos químicos,IMPORTED,2a1daeea-c2fa-48f3-90b5-b21b5e404fef,BIG-COL-5E1B73,5a8117e1-170b-40c1-90f8-395b95679439,BIG-COL-5E1B73-D3C78E,516966ae-7a7c-4e3d-a8d3-49d559995307,,,
Catálogo organizado,123,,,MAY,BIGEN,BIGEN #96,Coloración y procesos químicos,IMPORTED,2a1daeea-c2fa-48f3-90b5-b21b5e404fef,BIG-COL-5E1B73,6b92e760-d98a-469b-98a2-eeaf89642fca,BIG-COL-5E1B73-9571F9,511753c8-bd9b-4e3f-b9e0-6cadc1a3ec40,,,
Catálogo organizado,124,,,GRUPO PACHECO,LIANGYAN,SET BOWL + 3 BROCHAS P/TINTE,Coloración y procesos químicos,IMPORTED,1bffb2a9-f013-4b64-9532-654fb3d7ac43,LIA-COL-D5B6BB,7f6ba403-2eb7-48cf-ba3b-8efc0d65acb3,LIA-COL-D5B6BB-UNICA,8f11acae-7356-421c-88a8-ef43f1577b3a,,,
Catálogo organizado,125,,JL-1993,SHIALER,NIÑA BONITA,TIZA P/CABELLO EN PEINETA X6 COL.,Coloración y procesos químicos,IMPORTED,95db1735-4d91-437e-8ac3-35465d48d752,NIN-COL-1194DD,09b07722-1bdd-4cdf-8217-eee3fb13bff5,NIN-COL-1194DD-204E86,2cfda042-fc31-47c0-a173-0639e6e7f8ba,,,
Catálogo organizado,126,OTR006,,MAY,OTROS,ALUMINIO 10MTS,Coloración y procesos químicos,IMPORTED,bcfebba8-e5c6-4ca5-977e-d2a5ba33075f,GEN-COL-CD38F3,ec42f470-ca0e-4147-a864-5195dd107e9d,OTR006,6d923cb8-a957-4781-9a3f-0ea8964b89c9,,,
Catálogo organizado,127,OTR007,,MAY,OTROS,ALUMINIO 10MTS GRUESO,Coloración y procesos químicos,IMPORTED,23946a0a-3c49-4113-b6b7-052df4a1fcb5,GEN-COL-6A1665,87f14897-0f36-4341-9667-02020205c34a,OTR007,10c284cb-6bac-4dd0-b81d-71f5ea1af0cd,,,
Catálogo organizado,128,OTR036,,MAY,OTROS,ALUMINIO 5MTR,Coloración y procesos químicos,IMPORTED,bcfebba8-e5c6-4ca5-977e-d2a5ba33075f,GEN-COL-CD38F3,ea02f8a9-11ee-40d5-b807-b95e9d5b76fe,OTR036,b6766df9-4c03-4971-be4a-1d88e3da3efc,,,
Catálogo organizado,129,OTR059,,MAY,OTROS,ALUMINIO C/ALGODÓN,Coloración y procesos químicos,IMPORTED,9b2193c4-f23e-492c-b84f-dc70cab69935,GEN-COL-730895,99d61880-3b45-40b5-9c29-09dc2eff677f,OTR059,f0ea73c1-065a-40da-82a0-90ad39836b47,,,
Catálogo organizado,130,,,MAY,OTROS,APLICADOR LIQUIDO RASTRILLO,Coloración y procesos químicos,IMPORTED,7d9dad2c-01c7-4b01-8761-9de533534696,GEN-COL-5C7E70,d41064f4-58a4-448a-aa8b-c4be25fad54a,GEN-COL-5C7E70-UNICA,22d2c37a-6f1c-4d0f-9050-94aa30ebdba7,,,
Catálogo organizado,131,OTR042,,MAY,OTROS,BOWL PARA TINTE,Coloración y procesos químicos,IMPORTED,27c09f28-355b-49ed-9232-385762724c96,GEN-COL-0EFE75,49d58440-b216-4419-9621-ef5b78bd0e98,OTR042,2dfd8a56-9d97-44ac-87c2-5a6c986a88a8,,,
Catálogo organizado,132,OTR022,,MAY,OTROS,BROCHA P/TINTE NEGRO ECON,Coloración y procesos químicos,IMPORTED,f463b432-f124-462a-ad14-0920d3be9963,GEN-COL-434080,d0be6dac-cb05-4568-a052-17e22cb61022,OTR022,7710a052-5940-453d-948f-7b6f241f243a,,,
Catálogo organizado,133,OTR113,,MAY,OTROS,FOIL ALUMINIO C/CORTADOR,Coloración y procesos químicos,IMPORTED,44c28dde-a1b4-4c9b-85eb-84a8c2d0ed83,GEN-COL-D36C85,64d138bb-a7f2-4ef1-bb18-ba51216a8b95,OTR113,5c4e72f6-9649-42f8-b3f9-d398e3dfd0f4,,,
Catálogo organizado,134,OTR052,,MAY,OTROS,GORRO ALUMINIO,Coloración y procesos químicos,IMPORTED,2b58fb5e-b1e0-4de9-85d4-6199bc892a71,GEN-COL-D82CA3,0f86491c-6234-487c-a1b1-d6fb2236aac4,OTR052,4c6fbe36-9fdc-4d0e-a6ae-9ea1e75f3fcd,,,
Catálogo organizado,135,OTR002,,MAY,OTROS,GORRO JEBE P/RAYITOS,Coloración y procesos químicos,IMPORTED,780a67da-d859-4f59-9aca-3a622fca37da,GEN-COL-FD07EC,d1468210-8295-4f69-96ec-547e4263f042,OTR002,6f635e22-31a9-4c6b-be5b-e599c990a9b1,,,
Catálogo organizado,136,OTR017,,MAY,OTROS,GORRO PLASTICO CELES P/RAYITO,Coloración y procesos químicos,IMPORTED,63ceb555-0d07-4def-b567-c7babf5c0b92,GEN-COL-FD5420,54e4dfa7-6e38-4b21-911e-ce9baf025b73,OTR017,28bd3421-7c75-4a3a-b086-26ccbda452b0,,,
Catálogo organizado,137,,SF-999,CHINO PUNO,OTROS,HILOS P/ CABELLO COLORES,Coloración y procesos químicos,IMPORTED,6dbd240e-45ac-4540-8c62-8aa7018124a8,GEN-COL-91069C,67fe14c6-29f7-4e24-895a-7acb87ccbc58,GEN-COL-91069C-504663,c2b34605-f545-49d4-a252-1e28180f45b9,,,
Catálogo organizado,138,,QZF-113,CHINO PUNO,OTROS,MECHONES DE CABELLO COLORES,Coloración y procesos químicos,IMPORTED,37fe2ce3-e111-43c8-9a51-9c660a55d5af,GEN-COL-1E02B7,2693a80e-a302-487f-ba3a-f6db0c7aeb0e,GEN-COL-1E02B7-504663,9b81c310-6d16-4fc3-b068-ab69be810e45,,,
Catálogo organizado,139,,S/C,MAY,OTROS,SET BOWL + 3 BROCHAS P/TINTE,Coloración y procesos químicos,IMPORTED,05f633d4-d6b8-4bf1-bfaa-a88cd6417e55,GEN-COL-0A5ACB,77bf8076-ad70-4c75-ab71-65e1a954f0c8,GEN-COL-0A5ACB-UNICA,92c0602b-d775-4bc6-afaf-1ee80ab94347,,,
Catálogo organizado,140,,SZ-70,RONQIAN,OTROS,SET BOWL + 3 BROCHAS P/TINTE,Coloración y procesos químicos,IMPORTED,05f633d4-d6b8-4bf1-bfaa-a88cd6417e55,GEN-COL-0A5ACB,77bf8076-ad70-4c75-ab71-65e1a954f0c8,GEN-COL-0A5ACB-UNICA,4f2b8330-0e1b-46bd-8195-be8f0c419f6f,,,
Catálogo organizado,141,WEL002,,J OMAR,WELLA,NEUTRALIZANTE,Coloración y procesos químicos,IMPORTED,c010ae14-b9d7-4684-a869-ee9719e4adfc,WEL-COL-17E3C1,b3661bac-0654-468e-ab57-39039fcd1c6b,WEL002,dae40a55-6217-4d18-997d-e857fde7f40d,,,
Catálogo organizado,142,WEL003,,MAY,WELLA,NEUTRALIZANTE,Coloración y procesos químicos,IMPORTED,c010ae14-b9d7-4684-a869-ee9719e4adfc,WEL-COL-17E3C1,34d4e715-4e74-45bf-a9ce-13b0b51549a7,WEL003,49570bc9-4a42-4b1e-b417-92f5fb90f93f,import_distinct,conflicting_internal_codes,"Código interno propio WEL003: unidad vendible distinta de la fila 141; el Excel repitió la descripción."
Catálogo organizado,143,WEL001,,MAY,WELLA,WELLASTRATE INTENSO,Coloración y procesos químicos,IMPORTED,1f676ac8-1b2b-4c6c-9442-86165d355b5f,WEL-COL-709A18,025976d2-55cf-46d9-91b8-ef74fa2d88fd,WEL001,31b5d56d-ab72-49f3-ada5-1d9e1d0ab27f,,,
Catálogo organizado,144,,,MAY,WELLA,WELLASTRATE SUAVE,Coloración y procesos químicos,IMPORTED,c0ea632d-94bf-4c7c-b5ae-d011e16e59d5,WEL-COL-4454AD,48d17e47-6be4-4b77-8ac2-1bef07827b79,WEL-COL-4454AD-UNICA,1089be9d-ca04-40e4-8e1c-552fb39a811d,,,
Catálogo organizado,145,,CG286,GERMAN TRADI,ANDIS,DESINFECTANTE DE MAQUINA COOL CARE PLUS 5EN1,Desinfección y mantenimiento de máquinas,IMPORTED,b48db87f-c940-4a2c-9777-84ea47b087de,AND-DES-0A4B8E,e23e19fa-cff0-490b-abfe-449d16b591ef,AND-DES-0A4B8E-UNICA,532bbfa5-646a-44db-8f1b-55b67e520d6d,,,
Catálogo organizado,146,ARM001,,MAY,ARMATIC,TAJADOR X2 BLISTER,Máquinas de corte y afeitado,IMPORTED,af151edb-d70b-4679-a6f1-0adc7ea8e49b,ARM-MAQ-887B44,4d71ee24-f584-4b9e-86fe-2368e23d9928,ARM001,12d4479d-91ae-496c-9215-e5b473d6bd3f,,,
Catálogo organizado,147,DOR001,,MAY,DORCO,HOJA DE AFEITAR X10UND,Máquinas de corte y afeitado,IMPORTED,0ca96e1a-41a6-47fb-840f-69a2343c94ce,DOR-MAQ-A361E4,49862a33-adc4-42a2-a199-f06942818759,DOR001,757237a2-1c46-4c31-8ff7-97fca429cc8e,,,
Catálogo organizado,148,OTR044,,MAY,OTROS,NAVAJERO PLASTICO ECON,Máquinas de corte y afeitado,IMPORTED,b708581c-4efe-4c04-be43-1f733c18f444,GEN-MAQ-E26DEB,b890e9b5-7299-4d32-a84b-754cea112437,OTR044,12f37f8b-bf7e-44dd-9c4c-e5d61ec0bcce,,,
Catálogo organizado,149,,,MAY,OTROS,NAVAJERO TORNASOL,Máquinas de corte y afeitado,IMPORTED,08abc7aa-8ea7-4069-9f75-bfcb806ebb3a,GEN-MAQ-02927D,0b3f3eee-35e3-494d-a882-7bf91e0e985e,GEN-MAQ-02927D-AA8DF9,e9e2e88d-0347-457b-854d-57d6a82b8539,,,
Catálogo organizado,150,,,MAY,OTROS,SET TIJERA + NAVAJERO TORNASOL X3,Máquinas de corte y afeitado,IMPORTED,d948aec4-6353-496f-9324-89dc6fbca32f,GEN-MAQ-911F98,5334bef6-b17e-4c56-806c-7f3605bb5959,GEN-MAQ-911F98-C0EA87,d3b13fb5-5456-4685-800a-810c6c6b4b37,,,
Catálogo organizado,151,STR015,,MAY,STRONGER,NAVAJERO METAL,Máquinas de corte y afeitado,IMPORTED,51cc723a-a1b6-4017-8393-e9147d500f89,STR-MAQ-9602A4,65e1089a-1ccf-44ef-b919-ba14be28319d,STR015,ccf4b80a-f6a5-4156-be4f-b50b0570c0f6,,,
Catálogo organizado,152,,,EDW REMAT,SUPREME,MAQUINA CORTE CERA MAGIC EXTRA ELEGANCE,Máquinas de corte y afeitado,IMPORTED,cd8a0661-ed39-4373-a8ac-3d4157ae1c21,SUP-MAQ-40B500,8459ad88-caea-4972-8212-ea2d1974d08c,SUP-MAQ-40B500-UNICA,bf10ec3c-5ce0-4ba4-8f11-36e5e747097f,,,
Catálogo organizado,153,,,EDW REMAT,SUPREME,MAQUINA CORTE VALENTY AMCULL ACERO DORADO,Máquinas de corte y afeitado,IMPORTED,61c9a660-98b9-4bb7-baba-fac77b1c74df,SUP-MAQ-96A726,7a68d297-1ff1-45f8-8db7-761e773a7d0c,SUP-MAQ-96A726-356EC5,14d083af-e75a-46af-9a8a-24bbb89e619d,,,
Catálogo organizado,154,,T-21241,EDW REMAT,SUPREME,MAQUINA CORTE VALENTY AMCULL ROJO CHICO,Máquinas de corte y afeitado,IMPORTED,6bedd5fa-018a-4cee-bd56-8784dfb80774,SUP-MAQ-D89E47,9b95a29e-9a10-4d79-af58-09bd401511b6,SUP-MAQ-D89E47-D39644,8be20ab5-a2db-4804-91b2-65c12c9e3c2e,,,
Catálogo organizado,155,,TO-36,REVEL,,PLANCHA RECORTADORA DE PUNTAS,"Planchas, rizadores, secadoras y cepillos eléctricos",IMPORTED,6530f650-b6d4-469c-9201-d95564372a6b,GEN-PLA-61136B,8c9b9551-486c-4c3d-8eb1-8d3874c7865b,GEN-PLA-61136B-UNICA,34907664-e603-4541-8263-2ee2e4df28f3,,,
Catálogo organizado,156,,,LINDA JHADE,AMINO,DIFUSOR P/SECADORA DE CABELLO,"Planchas, rizadores, secadoras y cepillos eléctricos",IMPORTED,0b161a06-9689-41d1-a1a4-04420bb30a12,AMI-PLA-1FDB94,491694bc-42ca-47d4-9eeb-dec456620040,AMI-PLA-1FDB94-UNICA,cbf38ae6-8d52-4f2d-8e3f-16f90ce785d4,,,
Catálogo organizado,157,,A-94,LEXT,LEXT,PLANCHA DE CABELLO 470·,"Planchas, rizadores, secadoras y cepillos eléctricos",IMPORTED,b7fc4275-a0e1-41cb-a94e-e140a3b8cfe3,LEX-PLA-92AABC,7b813fcb-a4ad-4c22-a62d-52e49b116c2b,LEX-PLA-92AABC-UNICA,366bff43-a982-4ac5-9125-f980ff5ad0af,,,
Catálogo organizado,158,,HT-80049,FLORES SHI PUNO,ON TECK,SECADORA DE CABELLO 1500W,"Planchas, rizadores, secadoras y cepillos eléctricos",IMPORTED,f2bc9385-69f8-48f6-9d65-8730e77db1dd,ONT-PLA-FC2529,b741621d-fcbc-4129-b0dd-d24c126aa5d1,ONT-PLA-FC2529-405815,71e4c4dc-81f9-4459-95a0-fa21ab20a29a,,,
Catálogo organizado,159,,,BRAYAN,ONE DICOS,CEPILLO SECADOR 2EN1,"Planchas, rizadores, secadoras y cepillos eléctricos",IMPORTED,8a58742f-9b63-457e-990a-6c58644f0462,ONE-PLA-377631,865ffe64-1e34-466f-9295-53abab83062d,ONE-PLA-377631-UNICA,b6dc5cb4-7f02-4ef9-9076-51ddd1e8e730,,,
Catálogo organizado,160,,7423,AJI,OTROS,PLANCHA DE CABELLO 220·,"Planchas, rizadores, secadoras y cepillos eléctricos",IMPORTED,0a93f489-3dce-4b66-8baa-4530eaff7504,GEN-PLA-AD486B,013be9f6-c05f-45e8-8f09-a2454e26abea,GEN-PLA-AD486B-UNICA,e4f8b981-d045-4330-8cb3-bda9e27a09f6,,,
Catálogo organizado,161,,H-205,LEXT,QIANG LI,RIZADOR DE CABELLO ESPIRAL,"Planchas, rizadores, secadoras y cepillos eléctricos",IMPORTED,85eb38df-d228-4c2a-8d98-d10058321a94,QIA-PLA-320407,76c85909-9c0f-4e56-96e1-6c7e9327f2f6,QIA-PLA-320407-UNICA,96088917-140a-43c0-81f0-a9fa1c4c6d7d,,,
Catálogo organizado,162,,HR815,GRUP LEO PUNO,ROZIAPRO,PLANCHA P/ CABELLO 950·,"Planchas, rizadores, secadoras y cepillos eléctricos",IMPORTED,c0154894-3f9e-4a15-a877-41b71d82d36a,ROZ-PLA-E255F7,cab781f0-dfb3-4d58-9e1e-ebd29fc85efb,ROZ-PLA-E255F7-UNICA,ddacc9c3-1981-4ea2-b93d-b51c5d151a46,,,
Catálogo organizado,163,,HR817,GRUP LEO PUNO,ROZIAPRO,PLANCHA P/ CABELLO 950·,"Planchas, rizadores, secadoras y cepillos eléctricos",IMPORTED,c0154894-3f9e-4a15-a877-41b71d82d36a,ROZ-PLA-E255F7,0431d068-1148-4601-9f5e-150b528109fb,ROZ-PLA-E255F7-BECFCB,c5fdd41d-4956-4c8a-9a1b-cf02c1118e46,import_distinct,same_supplier_different_codes,"Código de proveedor propio HR817 (≠ fila 162): artículo distinto cuya diferencia descriptiva perdió el Excel; se representa por su referencia."
Catálogo organizado,164,,HR823,GRUP LEO PUNO,ROZIAPRO,PLANCHA P/ CABELLO 950·,"Planchas, rizadores, secadoras y cepillos eléctricos",IMPORTED,c0154894-3f9e-4a15-a877-41b71d82d36a,ROZ-PLA-E255F7,62b7deca-ca28-47cf-a036-e387be24ea3b,ROZ-PLA-E255F7-45871F,eeb748c4-3e6a-412b-b952-dbf8bd0d3f8f,import_distinct,same_supplier_different_codes,"Código de proveedor propio HR823 (≠ fila 162): artículo distinto cuya diferencia descriptiva perdió el Excel; se representa por su referencia."
Catálogo organizado,165,,HR825,GRUP LEO PUNO,ROZIAPRO,PLANCHA P/ CABELLO 950·,"Planchas, rizadores, secadoras y cepillos eléctricos",IMPORTED,c0154894-3f9e-4a15-a877-41b71d82d36a,ROZ-PLA-E255F7,e837f21b-2b0a-4689-8661-87be4129405d,ROZ-PLA-E255F7-2CA836,9594fc7b-a716-46ca-ad52-38f2d338cd9c,import_distinct,same_supplier_different_codes,"Código de proveedor propio HR825 (≠ fila 162): artículo distinto cuya diferencia descriptiva perdió el Excel; se representa por su referencia."
Catálogo organizado,166,,HR863,GRUP LEO PUNO,ROZIAPRO,PLANCHA P/ CABELLO 950·,"Planchas, rizadores, secadoras y cepillos eléctricos",IMPORTED,c0154894-3f9e-4a15-a877-41b71d82d36a,ROZ-PLA-E255F7,d44fe573-c3d7-49d9-96ae-847782552856,ROZ-PLA-E255F7-F3FD0A,788e01a3-7404-4ba1-86f1-46045f6a8fb6,import_distinct,same_supplier_different_codes,"Código de proveedor propio HR863 (≠ fila 162): artículo distinto cuya diferencia descriptiva perdió el Excel; se representa por su referencia."
Catálogo organizado,167,,HR722,GRUP LEO PUNO,ROZIAPRO,RIZADORA SIRENA P/ CABELLO,"Planchas, rizadores, secadoras y cepillos eléctricos",IMPORTED,8d669fd3-c132-4afa-8774-1d3940cff00a,ROZ-PLA-F6E3FB,3dc533df-4f13-4114-960a-0be5d6f9aa89,ROZ-PLA-F6E3FB-UNICA,ff0362c8-bd30-4ede-8769-c02bca391ff1,,,
Catálogo organizado,168,,HD03,GRUP LEO PUNO,ROZIAPRO,SECADORA P/CABELLO TIPO DYSON,"Planchas, rizadores, secadoras y cepillos eléctricos",IMPORTED,d129b868-e59b-4a96-b0b4-a78e2507696e,ROZ-PLA-9E61B9,87070a67-77f9-4dde-bcdb-c66b1dc0a0e8,ROZ-PLA-9E61B9-UNICA,2fb93ae4-0536-4e9f-ae4f-633d78370c46,,,
Catálogo organizado,169,,SN-7729,RONGQIAN,SONAR,SECADORA P/ CABELLO 4000W,"Planchas, rizadores, secadoras y cepillos eléctricos",IMPORTED,82ae6e73-81ee-4f9a-8899-6c1be1024802,SON-PLA-2364A2,2395cae2-eb01-4d46-8cdc-aa7cde310f5f,SON-PLA-2364A2-3E32B9,7a057319-9ae7-4c34-88ce-d76758bfc0a1,,,
Catálogo organizado,170,,658A,CHINO PUNO,GOLDEN PHOENIX,TIJERA ENTRESACAR,"Tijeras, navajas y herramientas",IMPORTED,3714c28b-d012-46b1-9292-e9c35d7161ff,GOL-TIJ-A8758F,be46b4dd-bfbb-4fbf-a8b1-43f55ec13711,GOL-TIJ-A8758F-UNICA,7f055334-41d2-4212-9c7a-f320209bdf70,,,
Catálogo organizado,171,,658B,CHINO PUNO,GOLDEN PHOENIX,TIJERA ENTRESACAR,"Tijeras, navajas y herramientas",IMPORTED,3714c28b-d012-46b1-9292-e9c35d7161ff,GOL-TIJ-A8758F,088815b6-2874-4f04-a758-2b3201ad36dd,GOL-TIJ-A8758F-D3859E,80c715cc-b0fa-436b-9e98-54c8a5200b39,import_distinct,same_supplier_different_codes,"Código de proveedor propio 658B (≠ fila 170): artículo distinto cuya diferencia descriptiva perdió el Excel; se representa por su referencia."
Catálogo organizado,172,,LF-698,CHINO PUNO,GOLDEN PHOENIX,TIJERA FILO DULCE,"Tijeras, navajas y herramientas",IMPORTED,76b0a9f4-9c32-479f-950c-cce6a01b04ad,GOL-TIJ-E1F5A5,63569ec2-fb93-4814-bacb-d8a54b8854b6,GOL-TIJ-E1F5A5-UNICA,45cc8eb5-ca5a-4b96-9da2-8283855882cd,,,
Catálogo organizado,173,MUN001,,MAY,MUNDIAL,TIJERA FILO DULCE 5 1/2,"Tijeras, navajas y herramientas",IMPORTED,d898d417-19a8-41b4-9958-d2fe20b26fe5,MUN-TIJ-135525,d4f26c30-82dc-4a77-bc5e-fcf3f604afce,MUN001,50ce46bc-ed45-42c1-ab28-b28890e82b8e,,,
Catálogo organizado,174,MUN002,,MAY,MUNDIAL,TIJERA MICRODENTADA 7 1/2,"Tijeras, navajas y herramientas",IMPORTED,13e18e51-2eae-47c8-954f-bf6d5b748c75,MUN-TIJ-C2F86C,3cff3939-eba4-4eb8-b3ca-9f3241759282,MUN002,76013fd1-7e52-460b-9a41-537f30edbb47,,,
Catálogo organizado,175,STR004,,MAY,STRONGER,TIJERA ENTRESACADORA M/NEGRO,"Tijeras, navajas y herramientas",IMPORTED,92703f47-735d-4beb-b743-af159707173e,STR-TIJ-3859CE,7d0c4d91-1ec4-443f-8495-ac34d709389d,STR004,9721acdb-48a0-4913-aeb2-87bc87d9fff3,,,
Catálogo organizado,176,,SHEY-454,MAY,STRONGER,TIJERA ENTRESACADORA TORNASOL,"Tijeras, navajas y herramientas",IMPORTED,c8af2c94-bb10-49b8-827a-db2d18b4d62f,STR-TIJ-C881CC,9eade233-4c0f-422e-8d15-51b1cb2a962b,STR-TIJ-C881CC-AA8DF9,2be0334d-286c-4221-a5c9-91a87317b8c9,,,
Catálogo organizado,177,STR002,,MAY,STRONGER,TIJERA FILO DULCE M/NEGRO,"Tijeras, navajas y herramientas",IMPORTED,dd6857cc-4179-409f-bf4c-948973ef37fd,STR-TIJ-73D03E,58256644-2f48-429e-bed5-4474a4dd36f9,STR002,8b9e93ba-f5b2-4227-b68f-967c1d35bec7,,,
Catálogo organizado,178,,SHEY-453,MAY,STRONGER,TIJERA FILO DULCE TORNASOL,"Tijeras, navajas y herramientas",IMPORTED,8d65920f-590e-4b40-8aff-d093f5be244d,STR-TIJ-9FC42C,8bb3a26e-6a4b-4982-a981-b93c1725420a,STR-TIJ-9FC42C-AA8DF9,5c1b6f72-9053-46d0-be5e-e4bcebd46e33,,,
Catálogo organizado,179,STR003,,MAY,STRONGER,TIJERA PULIDORA M/NEGRO,"Tijeras, navajas y herramientas",IMPORTED,fab7ab1a-5c1c-446d-af65-c435410adc9d,STR-TIJ-BC52B5,e997326b-4c8c-4f82-ac1e-ce5dcac564eb,STR003,c5d212a0-763e-4a8d-ba14-638408798d25,,,
Catálogo organizado,180,,SHEY-455,MAY,STRONGER,TIJERA PULIDORA TORNASOL,"Tijeras, navajas y herramientas",IMPORTED,62fca90b-e0de-4a16-8c9f-5085f36d7699,STR-TIJ-5C126D,ba4f0671-1570-4694-8f05-1537436fff71,STR-TIJ-5C126D-AA8DF9,0ad9bca3-1d35-446f-98e6-e4fdb10b8d0e,,,
Catálogo organizado,181,AOY013,,MAY,AQUANET,LACA AQUANET,"Tratamiento, lavado y estilizado",IMPORTED,eea0d2b4-94e9-4186-9fd5-14536d7b5a17,AQU-TRA-337C9A,a39c8f75-3fa1-4a67-a6ab-fe707d900357,AOY013,8594eace-7c47-4e05-ae3e-b1bdf001d693,,,
Catálogo organizado,182,,CG196,GERMAN TRADI,BANDIDO,CERA FIBER WAX 150ML,"Tratamiento, lavado y estilizado",IMPORTED,e747e983-d0a9-4b9a-ba08-11042cba50b9,BAN-TRA-FE095F,09ee3ddc-a732-4eda-8a7c-1c2351f888f4,BAN-TRA-FE095F-331B39,ea6d6793-1a1b-4e28-aa33-260bae05dd07,,,
Catálogo organizado,183,,0001-20,GERMAN TRADI,BANDIDO,POLVO TEXTURIZADOR MATTE 20GR,"Tratamiento, lavado y estilizado",IMPORTED,9dbce8c7-9528-4bda-9ccd-543a35caa592,BAN-TRA-9D30E6,c3dde335-dee2-47a6-9cec-9109c1e58fd9,BAN-TRA-9D30E6-F8C8F5,68dbd250-7810-4feb-8600-a3d7e39f350f,,,
Catálogo organizado,184,,,REVEL,BELLESPA,CERA FIJADORA EN BARRA EFECTO MOJADO,"Tratamiento, lavado y estilizado",IMPORTED,aab49d29-4ea1-41c2-a3fe-93dc510774f0,BEL-TRA-D58F8F,b3b111ee-5b72-4c41-a411-48d81275859e,BEL-TRA-D58F8F-UNICA,95d661f4-68c5-4bd7-b0d2-32cc83bc2c50,,,
Catálogo organizado,185,,,ALICES,HERBAL ESSENCES,MUSS PARA RIZOS 210ML,"Tratamiento, lavado y estilizado",IMPORTED,85d3549d-efbf-46c2-a583-d97068f387a9,HER-TRA-4F6CE2,9cb39a95-dddb-4240-ac95-24a12121dd39,HER-TRA-4F6CE2-5B8E17,2ed67525-c398-4385-b959-5f20188a1534,,,
Catálogo organizado,186,KIR001,,MAY,KIRKLAND,MINOXIDIL,"Tratamiento, lavado y estilizado",IMPORTED,5ab46f80-ed20-4eb0-bfa9-49dea2a19014,KIR-TRA-468033,4b53df89-1daa-446e-8a05-4de031306356,KIR001,56cea7e6-6599-41d7-b4f8-57d697a8d916,,,
Catálogo organizado,187,,,ROSA SOTO,LANOSTERIN,GEL FORTE X180GR LANSTYLE,"Tratamiento, lavado y estilizado",IMPORTED,d13f593d-0a57-4017-9182-168cb99e956a,LAN-TRA-073058,efbb7316-fe62-4624-8326-a3e84e37b4a5,LAN-TRA-073058-UNICA,bfe6cf35-5701-4b9b-ac5f-2a718eb2bd0f,,,
Catálogo organizado,188,,,ROSA SOTO,LANOSTERIN,LAN PROTECTOR TERMICO X250ML,"Tratamiento, lavado y estilizado",IMPORTED,1a2a81b6-115c-46a7-9e3e-a573aa66e2bd,LAN-TRA-438FFA,0ff37a16-8e51-49d7-a8b9-034e66f828a2,LAN-TRA-438FFA-UNICA,eb6382a0-021e-40cc-a68c-caf28ce1f219,,,
Catálogo organizado,189,,,LINDA JHADE,OTROS,CERA FIJADORA D/CABELLO EN BARRA,"Tratamiento, lavado y estilizado",IMPORTED,88d6084c-dae7-43cf-82e2-0c05c6deecf2,GEN-TRA-888AC3,1cc7da23-d412-472e-8488-91e726ce7b72,GEN-TRA-888AC3-UNICA,4429abd1-0b61-41b5-9d07-8a00a9d22949,,,
Catálogo organizado,190,,,MAY,OTROS,SHAMPOO COFFE 10SACHETX25ML,"Tratamiento, lavado y estilizado",IMPORTED,fd832fbd-cdd6-43fe-bb64-27108158da63,GEN-TRA-4FF7DC,241719ce-3d15-4acb-8de6-cd303ddaca21,GEN-TRA-4FF7DC-UNICA,3f048e0c-c1c0-4e2e-89c3-86b24faec624,,,
Catálogo organizado,191,OTR010,,MAY,OTROS,SHAMPOO NEGRO 10SACHETX25ML,"Tratamiento, lavado y estilizado",IMPORTED,95fce8b7-ec79-4c14-a1ea-cdedb321d910,GEN-TRA-A6A44F,a39da390-d610-4cce-bac7-596850f67f8e,OTR010,8d2b6bf3-225a-4717-a1d8-ea54f7613077,,,
Catálogo organizado,192,,,SHIALER,P&W,COLONIA PARA CABELLO 100ML,"Tratamiento, lavado y estilizado",IMPORTED,e276a974-d7c0-4d58-9d07-36f1c1aad01a,PWX-TRA-4EB488,d2e5350d-d7bb-44d0-b725-887d261318a9,PWX-TRA-4EB488-EC676F,a90d6820-9c09-4487-a79c-34d0af336eec,,,
Catálogo organizado,193,,,ROSA SOTO,REFLEX,ACONDICIONAR FLEXI RINSE 1LT.,"Tratamiento, lavado y estilizado",IMPORTED,71ea4e3d-b6ce-49ad-9e12-f38331f6ad59,REF-TRA-AE30F7,4a613b9b-e8d6-4ce1-9030-8024d250fe62,REF-TRA-AE30F7-B58F44,21e4cc91-e07f-4f37-b353-0d30c39eeedd,,,
Catálogo organizado,194,,,ROSA SOTO,REFLEX,SHAMPOO TRANSLUCENT 1LT.,"Tratamiento, lavado y estilizado",IMPORTED,3c162880-5411-4f14-a8cd-31b3f59ae99a,REF-TRA-FB3720,51c50134-3d01-49bf-a38a-8d96d209cff2,REF-TRA-FB3720-B58F44,a0c2a01b-5c8e-455f-bc83-fe42de47535f,,,
Catálogo organizado,195,,RI-002,BELLESPA,REVEL,ACEITE ARGAN 60ML VIDRIO GOTERO,"Tratamiento, lavado y estilizado",IMPORTED,5e629529-b767-4c78-8d1e-0228d0f4b2a0,REV-TRA-5A31A2,e6ecf5cb-5730-4f8f-ab83-cbeccde6b7a2,REV-TRA-5A31A2-611BF7,d36299e8-4bdb-45ce-b87c-c7e4a756df6e,,,
Catálogo organizado,196,,,SHIALER,SAMANTHA,CERA FIJADORA D/CABELLO EN BARRA,"Tratamiento, lavado y estilizado",IMPORTED,5773cf7b-74d6-4be8-8b35-6b900059f582,SAM-TRA-979FE6,816071a3-afb1-48ad-8921-82149f60c587,SAM-TRA-979FE6-UNICA,a0316638-6f66-49f3-9db9-e3ad9b658804,,,
Catálogo organizado,197,VEN001,,MAY,VENA,CERA FIJADORA,"Tratamiento, lavado y estilizado",IMPORTED,5ca42208-098d-49a5-bca4-813f24b92129,VEN-TRA-C059B7,cd57da11-4021-46a2-ae32-0e21ba0ce3bd,VEN001,53a2c4d4-1d58-4851-9d7d-417ce1282bad,,,
Catálogo organizado,198,,,MAY,ANDREA,PEGAMENTO 3/4 1x1,"Adhesivos, removedores y preparadores",IMPORTED,3cbfd796-cbd9-486f-b76f-3f5100c6fec6,AND-ADH-D51BB1,0bb3281e-712b-4474-9912-04b1f77413b3,AND-ADH-D51BB1-UNICA,ff7bca82-36a4-4ade-84cb-ed91deae353b,,,
Catálogo organizado,199,ARD001,,MAY,ARDELL,REMOVEDOR PESTAÑA,"Adhesivos, removedores y preparadores",IMPORTED,e3cc02ff-1ae1-4a77-9c3f-653bf0690a02,ARD-ADH-E792B7,771d614b-f22f-44a2-b445-a7b38f0387e6,ARD001,3df75cbc-f6b9-4eb6-a3c4-0cc19dc8d6c8,,,
Catálogo organizado,200,,,LINDA JHADE,BEAUTE LONDON,PEGAMENTO PESTAÑA TIRA BLACK,"Adhesivos, removedores y preparadores",IMPORTED,97a3d0fc-2d51-4272-a657-aca28e6c4b90,BEA-ADH-7C05A4,659efbff-2940-48a3-ad38-5de57d311afa,BEA-ADH-7C05A4-UNICA,5c2020f4-4a9e-403d-8105-a1309cb10ce5,,,
Catálogo organizado,201,,,MAY,CHERIMOYA,PEGAMENTO Y SELLADOR 2EN1,"Adhesivos, removedores y preparadores",IMPORTED,240e9e18-b044-4890-ab52-191e96d6d11d,CHE-ADH-A59ABA,6a26f752-1fbd-4712-a64d-e3cacf80c96f,CHE-ADH-A59ABA-UNICA,79224ba6-4a9f-4d32-bf01-b18d9fa955d7,,,
Catálogo organizado,202,CHE020,,MAY,CHERIMOYA,PH BALANCING 15ML,"Adhesivos, removedores y preparadores",IMPORTED,77d7c436-d3b5-4b1b-9c5f-40afef0c53ba,CHE-ADH-AD4FD6,c7d6134d-fc07-4f95-8d52-464fe1612a57,CHE020,fc248f76-6c87-4775-9cde-11446c4869f8,,,
Catálogo organizado,203,,,WEDOR,IB,BONDER,"Adhesivos, removedores y preparadores",IMPORTED,a2d36f54-77d3-4bdb-a33d-e797854b2847,IBX-ADH-8E4D10,b7bb7075-6819-469a-883b-7c238c2a017c,IBX-ADH-8E4D10-UNICA,64bfcfce-b2c1-4bbd-a506-865f36b6a0d1,,,
Catálogo organizado,204,,,WEDOR,IB,REMOVEDOR,"Adhesivos, removedores y preparadores",IMPORTED,d4aa8fed-3929-4c64-9c34-08f0efabc732,IBX-ADH-8094DD,2bb13b51-b8b8-45e2-b896-1e9a619f2c63,IBX-ADH-8094DD-UNICA,b919c8a3-1720-41ca-b50f-7b6bea1075b3,,,
Catálogo organizado,205,LAS001,,MAY,LASH,SHAMPOO PESTAÑA,"Adhesivos, removedores y preparadores",IMPORTED,19434568-f785-4786-b139-0edf81741049,LAS-ADH-B770C7,80d8c781-0629-4947-a582-635bfd16fd06,LAS001,e8359d63-510e-4352-9439-92d31733fc87,,,
Catálogo organizado,206,,336001,REVEL,REVE'L,PEGAMENTO DE PESTAÑAS WHITE,"Adhesivos, removedores y preparadores",IMPORTED,504a5d8b-89d8-4f22-ab3f-7c84829ccbab,REV-ADH-C7B6B7,293dd154-f38c-43e0-8083-0c3e3c9ea25e,REV-ADH-C7B6B7-UNICA,16fdd515-4250-4128-90f0-a6a4d5912d3b,,,
Catálogo organizado,207,,DY-307,CHINO PUNO,EYES,PERFILADOR DE CEJAS X6,"Diseño, tinturación y mapeo de cejas",IMPORTED,5405deb9-50bc-4e34-85f7-d6cee527c867,EYE-CEJ-7E8326,c6d851ff-6f57-4d9c-8a5c-742c177d3470,EYE-CEJ-7E8326-204E86,86d35264-7f02-4813-b75f-eb31ebadccdc,,,
Catálogo organizado,208,FER002,S/C,BEIFA,FERYANY,LAPIZ GRANDE MARRON CLA.,"Diseño, tinturación y mapeo de cejas",IMPORTED,45086baa-e0c1-497b-bd4d-65acc0a53c1d,FER-CEJ-85E8E4,675d174f-db11-4034-af25-95fed65b522d,FER002,60d523bc-e4ba-4326-98e7-b674b76a396c,,,
Catálogo organizado,209,FER003,S/C,BEIFA,FERYANY,LAPIZ GRANDE MARRON OSC.,"Diseño, tinturación y mapeo de cejas",IMPORTED,aec94f95-9968-4f5c-b63c-c4ec4dd20719,FER-CEJ-DEB3DC,242f7e43-f232-4de0-837c-85ad12b4f018,FER003,d32620b3-59da-43c1-95a8-b38d735a1c42,,,
Catálogo organizado,210,FER001,S/C,BEIFA,FERYANY,LAPIZ GRANDE NEGRO,"Diseño, tinturación y mapeo de cejas",IMPORTED,e8383805-876b-492f-b32e-7ba20475d8d1,FER-CEJ-A86318,f496db43-4815-4dad-bebf-a838244f4a86,FER001,d5844945-f4f6-49e3-b6b5-facd36753d31,,,
Catálogo organizado,211,GUA003,,MAY,GUAPA,HILO DE MAPEO P/CEJAS,"Diseño, tinturación y mapeo de cejas",IMPORTED,41813361-0704-43b9-9d42-491b839cea14,GUA-CEJ-789080,e1345e24-e988-477b-a6a4-3f71f5d3b316,GUA003,6eef8d63-0b50-4141-8451-efbc08bdacaf,,,
Catálogo organizado,212,GUA001,,MAY,GUAPA,PERFILADOR X3,"Diseño, tinturación y mapeo de cejas",IMPORTED,a774ce7f-d0a2-4f1d-a98b-c8d32124a5bf,GUA-CEJ-468CF8,fe332981-9887-46fa-ac6d-ab49efe5a19d,GUA001,25676529-1ca0-468c-bd94-6773eea54320,,,
Catálogo organizado,213,GUA002,,MAY,GUAPA,PERFILADOR X6,"Diseño, tinturación y mapeo de cejas",IMPORTED,a774ce7f-d0a2-4f1d-a98b-c8d32124a5bf,GUA-CEJ-468CF8,f51ecbc0-b82d-48d4-b913-df1b9c0cc7da,GUA002,172d0432-ae58-499d-b5bf-72b7e94becc2,,,
Catálogo organizado,214,,,MAGIC SHOP,MAGIG SHOP,GEL Y SOMBRA PARA CEJAS 2EN1,"Diseño, tinturación y mapeo de cejas",IMPORTED,6299da2e-1846-4e24-bc7c-aa0afd4a72b5,MAG-CEJ-17F292,2fe9a6ed-9c85-44a1-b05c-c50999f480fb,MAG-CEJ-17F292-UNICA,7c806442-464e-4f97-b5a6-240a5d5281af,,,
Catálogo organizado,215,NAS005,,MAY,NASSER,HENNA CAFÉ OSCURO,"Diseño, tinturación y mapeo de cejas",IMPORTED,69724050-8754-483d-8fc7-fef3613c12c6,NAS-CEJ-3AEFF3,fea85ab9-3c8c-474f-a70a-5c161939fcd1,NAS005,be499d12-9a0a-451f-8bc8-868cffec84ba,,,
Catálogo organizado,216,NAS004,,MAY,NASSER,HENNA CHOCOLATE,"Diseño, tinturación y mapeo de cejas",IMPORTED,967b5fb3-2a86-4539-af22-ce53f2bfe0c5,NAS-CEJ-0E28ED,afc9dff5-007f-4954-9638-37d8cfce3dc2,NAS004,7d198e4c-8423-4534-b5e1-3d8896e94678,,,
Catálogo organizado,217,NAS001,,MAY,NASSER,HENNA MARRON  CLARO,"Diseño, tinturación y mapeo de cejas",IMPORTED,5371f086-c085-46e3-87e8-b303a58ac4b7,NAS-CEJ-B5DCC7,213c843f-ed4f-4cf0-a744-9e5513ebef23,NAS001,324b7bad-c6ef-4d7a-8fba-32de8e5a7753,,,
Catálogo organizado,218,NAS002,,MAY,NASSER,HENNA MARRON  COSCURO,"Diseño, tinturación y mapeo de cejas",IMPORTED,d690d63f-f264-4556-b7b1-ef15ad3370f8,NAS-CEJ-ECEDA3,de8c3079-cf84-496b-a794-1b95aed38d09,NAS002,a707e518-50cd-479a-8c7b-7cdfce16bb7f,,,
Catálogo organizado,219,NAS003,,MAY,NASSER,HENNA NEGRO,"Diseño, tinturación y mapeo de cejas",IMPORTED,652f7cee-2393-4746-9df6-fd66b206c40d,NAS-CEJ-CF40CC,d92397fe-db04-4503-9baf-51b146e37040,NAS003,b5cc9cfa-d628-46d2-b5f8-f7020979701c,,,
Catálogo organizado,220,ORG001,,MAY,ORGANICA,HILO HINDU,"Diseño, tinturación y mapeo de cejas",IMPORTED,f17b3cea-b9cf-427a-8afe-46c48ad04bf7,ORG-CEJ-1B5FC8,a8f46da7-5526-4baf-8098-34278d3b7f23,ORG001,17d2b191-cace-431d-b74c-c5a59d218ea4,,,
Catálogo organizado,221,OTR050,,MAY,OTROS,BROCHA BISELAR P/CEJAS X12,"Diseño, tinturación y mapeo de cejas",IMPORTED,ac1abeaf-f324-48c7-bc9e-7c332c5d940b,GEN-CEJ-134E04,ec0d05e2-21ab-473f-a4ed-dad4102019db,OTR050,ffb1b4fd-c590-461f-8a1c-35efd7176580,,,
Catálogo organizado,222,OTR028,,MAY,OTROS,BROCHA P/CEJAS NEGRO,"Diseño, tinturación y mapeo de cejas",IMPORTED,1512a573-303d-43d4-b301-e3c612c2a481,GEN-CEJ-9BA946,3c82042f-0ba6-4583-801b-bf27a4e50ea7,OTR028,bdb139cc-08e4-4130-8682-b1a07f3c37cf,,,
Catálogo organizado,223,,,MAY,OTROS,CEPILLITO 3EN1 PARA CEJAS Y PEST,"Diseño, tinturación y mapeo de cejas",IMPORTED,5c7b5bda-739d-4225-89ad-9b7f7a82e073,GEN-CEJ-9985AE,1e1985ba-046f-4f6e-92b5-923f41dd986b,GEN-CEJ-9985AE-UNICA,f4f7dc1a-182f-466a-89fd-51548a171037,,,
Catálogo organizado,224,,,ROSE&LIN,ROSE&LIN,LAPIZ MICROBLADING,"Diseño, tinturación y mapeo de cejas",IMPORTED,bf8e56e2-db05-4bd4-9eda-dde69ce3c77c,ROS-CEJ-978AA5,bb54aad2-b873-4229-8cee-bd2c42a1ad36,ROS-CEJ-978AA5-UNICA,70799cfb-e8e0-4ffb-82ba-c463b69761c8,,,
Catálogo organizado,225,,022A,BEIFA,USHAS,CERA CEJAS X24PZA,"Diseño, tinturación y mapeo de cejas",IMPORTED,dd7eb777-cbb6-47eb-ad3f-be030dec90a4,USH-CEJ-B71375,5e83420e-ba2e-449c-b3d4-28f479c4a783,USH-CEJ-B71375-77FA47,2f4b84dd-1169-48e4-b8e9-6cd02c34ba9a,,,
Catálogo organizado,226,,QM-5067,LUXIWAY PUNO 617,AMJY,PESTAÑAS CLASICAS MIX 30P,Extensiones profesionales 1x1/volumen,IMPORTED,08d0517d-4fdd-4d85-b831-a703826e05af,AMJ-EXT-69340D,414a215c-8fa0-49ca-974b-1906c649bf06,AMJ-EXT-69340D-UNICA,31192d40-7273-489d-bff9-e2bd7c8c2a61,,,
Catálogo organizado,227,AND004,,MAY,ANDREA,PEGAMENTO PESTAÑA 1X1 CHICO,Extensiones profesionales 1x1/volumen,IMPORTED,1373362a-f417-4232-9ec7-eb4dfc419b2e,AND-EXT-55BEA3,1cd7a5b1-eafd-4033-ae66-f3a2aeb1a9ce,AND004,24c29d8c-5788-4a22-9775-dd93bb96872a,,,
Catálogo organizado,228,AND003,,MAY,ANDREA,PESTAÑA 1X1 LONG,Extensiones profesionales 1x1/volumen,IMPORTED,d8565d55-d6cd-4796-96d9-f438638bf8cf,AND-EXT-5BC337,ff5daf3b-38d8-43fd-851c-e5f7135700cc,AND003,039d838d-3684-4bff-a3ca-7565f97a22aa,,,
Catálogo organizado,229,AND002,,MAY,ANDREA,PESTAÑA 1X1 MEDIUM,Extensiones profesionales 1x1/volumen,IMPORTED,d8565d55-d6cd-4796-96d9-f438638bf8cf,AND-EXT-5BC337,bd15bca0-7eee-4151-87f1-60cdadb8fe1f,AND002,77049cd7-69bc-4e57-8939-3fc2c5f5fed1,,,
Catálogo organizado,230,AND001,,MAY,ANDREA,PESTAÑA 1X1 SMALL,Extensiones profesionales 1x1/volumen,IMPORTED,d8565d55-d6cd-4796-96d9-f438638bf8cf,AND-EXT-5BC337,1b3558d6-9731-46fe-9eb9-ceb9926b5972,AND001,303026f7-87ba-4d2a-a9d5-5d533c5d8958,,,
Catálogo organizado,231,,DY-342,CHINO PUNO,AOYASIYUE,PESTAÑA 1*1 10D 10MM 60PEST,Extensiones profesionales 1x1/volumen,IMPORTED,31bc87f1-3e05-4bc0-950d-853b3b6755a9,AOY-EXT-DF2F10,7284c448-0aaa-4f00-9f51-81eb70d6730e,AOY-EXT-DF2F10-758E2F,2689e51d-0cec-483e-ad46-778b9ccce005,,,
Catálogo organizado,232,,DY-343,CHINO PUNO,AOYASIYUE,PESTAÑA 1*1 10D 12MM 60PEST,Extensiones profesionales 1x1/volumen,IMPORTED,31bc87f1-3e05-4bc0-950d-853b3b6755a9,AOY-EXT-DF2F10,69b50293-bf8b-4299-9b5f-fe26544118da,AOY-EXT-DF2F10-758882,00c89834-e612-4f09-ab77-439fa1961933,,,
Catálogo organizado,233,ARD002,,MAY,ARDELL,PEGAMENTO PESTAÑA 1X1 3/4,Extensiones profesionales 1x1/volumen,IMPORTED,ec77e07a-44c2-47d2-9021-94d3c4af1c4b,ARD-EXT-EF444C,8c893d52-1f33-4499-97bf-67760d6b97ee,ARD002,44c86765-04a4-421b-8215-f35848c6052a,,,
Catálogo organizado,234,ARD003,,MAY,ARDELL,PEGAMENTO PESTAÑA 1X1 PEQ.,Extensiones profesionales 1x1/volumen,IMPORTED,50d5fcd6-7782-4d01-a0eb-c97d2b49d22e,ARD-EXT-BF3461,fb157731-69a7-4ca1-b1c7-53de9c9c1983,ARD003,622c081c-ae75-4380-a270-7d123ffaa3ae,,,
Catálogo organizado,235,,,LINDA JHADE,BEAUTE LONDON,PEGAMENTO PESTAÑA 1x1 CLEAR,Extensiones profesionales 1x1/volumen,IMPORTED,0b680ff1-365d-4ea9-b57b-6744e410964d,BEA-EXT-0A725E,67dec06b-16a4-46e6-afd8-b8ef5d3148b1,BEA-EXT-0A725E-UNICA,bb1b4be5-2d93-4e60-8587-761bd2591644,,,
Catálogo organizado,236,,NO-7498,BEIFA,BEAUTIFUL KISS,PESTAÑA 9D x6pares,Extensiones profesionales 1x1/volumen,IMPORTED,40f3f566-8656-4d33-9cbd-3b911e4469e4,BEA-EXT-F2E6BE,15357e7d-27cd-4faa-a7b7-d9cc11b57f37,BEA-EXT-F2E6BE-FD105E,ef424fc3-2aaf-4111-ba36-0063092cbc56,,,
Catálogo organizado,237,,,KELMAR PUNO,BEAUTIFUL KISS,PESTAÑA ANIME PRETY MIX,Extensiones profesionales 1x1/volumen,IMPORTED,925b0a32-2e8a-4924-b981-23a337f5d4fe,BEA-EXT-E4056B,e89030e1-6247-4ba6-a669-c1c59ea203c3,BEA-EXT-E4056B-UNICA,9dcf8b7c-25a1-4e94-89c6-07fc245c3b9c,,,
Catálogo organizado,238,,,REVEL,BELLESPA,PESTAÑAS 5D x3pares,Extensiones profesionales 1x1/volumen,IMPORTED,65d5122b-12be-4ac2-a60e-08d1cbe37166,BEL-EXT-E67201,30f123cc-305b-4581-9282-9e695a76b18b,BEL-EXT-E67201-E11D78,5909e0ba-f708-4f4b-ad87-b2f97f193a4c,,,
Catálogo organizado,239,,,REVEL,BELLESPA,PESTAÑAS 6D x3pares,Extensiones profesionales 1x1/volumen,IMPORTED,242add0a-e5d7-4168-94af-b071a2de6edf,BEL-EXT-AD27E3,fb24270c-0607-435e-8586-ca4fd26c82f1,BEL-EXT-AD27E3-E11D78,44938b78-752a-4b76-884a-93bba75f1ea2,,,
Catálogo organizado,240,,,REVEL,BELLESPA,PESTAÑAS 6D x3pares,Extensiones profesionales 1x1/volumen,DUPLICATE_CONFIRMED,,,,,,regla_identidad,,Duplicado exacto de la fila 239 (mismo proveedor y código)
Catálogo organizado,241,,CEL-535,REVEL,BELLESPA,PESTAÑAS 8D x3pares,Extensiones profesionales 1x1/volumen,IMPORTED,4452f105-f645-453d-b2f5-4c37bc802f89,BEL-EXT-175E68,1f397e1a-4018-4f12-a82b-5f5d2ea3f669,BEL-EXT-175E68-E11D78,e238a866-51b4-4a9c-9eeb-cf24fedb60f1,,,
Catálogo organizado,242,,,JEZABELL,BQI,PESTAÑAS ANIME  X120,Extensiones profesionales 1x1/volumen,IMPORTED,a3a6a602-43f3-4e43-8411-ef174ff5addd,BQI-EXT-5EE6D6,71a38629-87b9-4154-952e-5db9736eecda,BQI-EXT-5EE6D6-8057EA,2b9c9a12-421d-4d92-a3bd-a579c6c3e95d,,,
Catálogo organizado,243,,JJM-3,CHINO PUNO,DIY EYELASH,PESTAÑA 1X1 20P+30P MIX CAJA 2CORAZON,Extensiones profesionales 1x1/volumen,IMPORTED,4569caf7-8b3c-47a8-9dcc-c8d005f8c65f,DIY-EXT-224CB9,959075cb-50ad-4e30-83cd-31583311b05e,DIY-EXT-224CB9-UNICA,dda39a81-21bc-4685-906e-fe7d34f8292e,,,
Catálogo organizado,244,,JJM-008,CHINO PUNO,DIY EYELASH,PESTAÑAS 1X1 20P MIX,Extensiones profesionales 1x1/volumen,IMPORTED,b13af8a9-056f-41cc-878e-8c46584e92fc,DIY-EXT-157231,ca65c35d-dedf-484e-9e99-7bd8c2c97997,DIY-EXT-157231-UNICA,938c6001-4b76-41a9-b23d-a5fe45702a22,,,
Catálogo organizado,245,,,NATYBELL,FAMOSSA,PESTAÑAS EFECTO WISPY  X72,Extensiones profesionales 1x1/volumen,IMPORTED,665bab7d-7d97-4649-abd0-30a1e715746e,FAM-EXT-B783C8,bd50eb3b-3200-4d4b-8645-1082357072de,FAM-EXT-B783C8-AD4321,39a5ee4c-83d9-4eb0-a4dd-c13e34f949cf,,,
Catálogo organizado,246,,,NATYBELL,FAMOSSA,PESTAÑAS FOXY F34D 9-13MIX,Extensiones profesionales 1x1/volumen,IMPORTED,47c0dd2d-138a-46f9-9884-fca95ba2771f,FAM-EXT-F44DCA,4e7e0d38-8ea2-4c5e-8311-69a51ccdd8cb,FAM-EXT-F44DCA-UNICA,822bd1ab-b26c-4358-a46f-86293ca0dde6,,,
Catálogo organizado,247,,,NATYBELL,FAMOSSA,PESTAÑAS WISPY F25D 9-13MIX,Extensiones profesionales 1x1/volumen,IMPORTED,01692daf-3c77-4c94-9f5d-e47f2dcfed37,FAM-EXT-B54E00,4e3fa7ba-584d-4ea0-8497-a661c5789ad8,FAM-EXT-B54E00-UNICA,119cf577-45b7-44e6-ae9e-998399a578bc,,,
Catálogo organizado,248,,JJM-004,CHINO PUNO,GN&HM,PESTAÑA 1*1 10P-MIX  60PEST,Extensiones profesionales 1x1/volumen,IMPORTED,012d8864-ead4-421c-8019-d2c624907e9a,GNH-EXT-8659B6,52aacb49-8dda-4a16-9d6e-7589a26ceddf,GNH-EXT-8659B6-UNICA,de933d48-5554-4d7c-95a3-bad58ea7d887,,,
Catálogo organizado,249,,JJM-005,CHINO PUNO,GN&HM,PESTAÑA 1*1 20P-MIX  60PEST,Extensiones profesionales 1x1/volumen,IMPORTED,4eaf81e1-159b-42b2-9724-d819bcf81ba9,GNH-EXT-9AB98D,79cb67f4-84a0-4cac-9834-78f1b50bc81e,GNH-EXT-9AB98D-UNICA,14d51c09-7397-4e22-acdc-0181b8ff3ca9,,,
Catálogo organizado,250,,JJM-007,CHINO PUNO,GN&HM,PESTAÑAS 1X1 CAJA BLANCA,Extensiones profesionales 1x1/volumen,IMPORTED,e9397345-d98c-45fe-b7cd-6edea164b963,GNH-EXT-75AF8B,c3ef2b06-dacc-4f68-874d-baed5c256308,GNH-EXT-75AF8B-UNICA,9bed7fc3-645d-4f45-a63b-472b6281fb88,,,
Catálogo organizado,251,,,SHIALER,KARSEELL,"PESTAÑA 1X1 (10,12,14 mm)",Extensiones profesionales 1x1/volumen,IMPORTED,464eb95c-e051-4d99-a961-80731c2f87fe,KAR-EXT-0394F7,05d238d1-f2b6-4bba-a69b-932c73710972,KAR-EXT-0394F7-UNICA,f34f7586-b0e7-41b2-a183-ac883c5a27ba,,,
Catálogo organizado,252,,DY-333,CHINO PUNO,LA CHARME,PESTAÑA 1*1 10MM 60PEST,Extensiones profesionales 1x1/volumen,IMPORTED,caea9160-22cc-4e62-bb4e-2873bd5ff7ae,LAC-EXT-E84932,73473008-8075-4f19-9220-02525914f281,LAC-EXT-E84932-758E2F,7be6cfe3-d4c1-49f4-9ea4-9aa07a383238,,,
Catálogo organizado,253,,DY-334,CHINO PUNO,LA CHARME,PESTAÑA 1*1 12MM 60PEST,Extensiones profesionales 1x1/volumen,IMPORTED,caea9160-22cc-4e62-bb4e-2873bd5ff7ae,LAC-EXT-E84932,bc9991af-7191-4a5a-a372-fd62e9e5e5c7,LAC-EXT-E84932-758882,ab1e76ee-3862-4fd6-88ad-cdcd0c4c8030,,,
Catálogo organizado,254,,MS007,BEIFA,MASSILLY,PESTAÑA 5D x3pares,Extensiones profesionales 1x1/volumen,IMPORTED,5d320b01-533d-4ca1-947c-93399be6e008,MAS-EXT-D43FC0,1413d7ec-3607-48c6-995f-31b19e5c6b38,MAS-EXT-D43FC0-E11D78,cf5f60ab-8600-4929-97ee-1f6202b1aa64,,,
Catálogo organizado,255,MIN003,,MAY,MINEVA,PESTAÑA 1X1 LONG,Extensiones profesionales 1x1/volumen,IMPORTED,39d75272-3467-4d4f-bdb1-d82e89c2a07b,MIN-EXT-4B386A,0a721cbb-7a46-46a9-8118-5dd1fc3d2bff,MIN003,5fc709f3-7823-4c8f-afa3-fe1b6c38e1c7,,,
Catálogo organizado,256,MIN002,,MAY,MINEVA,PESTAÑA 1X1 MEDIUM,Extensiones profesionales 1x1/volumen,IMPORTED,39d75272-3467-4d4f-bdb1-d82e89c2a07b,MIN-EXT-4B386A,ee855c9a-a59a-4340-aff2-0c9bdd886c67,MIN002,ba66ce95-8ffe-457b-8d5a-385ada5bf7bc,,,
Catálogo organizado,257,MIN001,,MAY,MINEVA,PESTAÑA 1X1 SMALL,Extensiones profesionales 1x1/volumen,IMPORTED,39d75272-3467-4d4f-bdb1-d82e89c2a07b,MIN-EXT-4B386A,98f02dde-d234-4f04-9653-e33e33680fb4,MIN001,9a82f627-088f-4632-9889-818c56b69d44,,,
Catálogo organizado,258,,DY-335,CHINO PUNO,NAGARAKU,EXTENSION DE PESTAÑA YY 0.07D 10MM,Extensiones profesionales 1x1/volumen,IMPORTED,444471a9-a2b5-424e-b26a-b135899ea900,NAG-EXT-6D6E60,93ce6e0e-eb34-4793-96c1-9b6bddab59ab,NAG-EXT-6D6E60-758E2F,701c618b-ed84-4f5d-8571-8724a9878dfa,,,
Catálogo organizado,259,,DY-336,CHINO PUNO,NAGARAKU,EXTENSION DE PESTAÑA YY 0.07D 12MM,Extensiones profesionales 1x1/volumen,IMPORTED,444471a9-a2b5-424e-b26a-b135899ea900,NAG-EXT-6D6E60,1a252938-49f6-4dc2-b13b-9be33c268068,NAG-EXT-6D6E60-758882,16b1da9e-bcb1-4e2c-9ca1-80ca13eb6d4c,,,
Catálogo organizado,260,,SHEY-90,MAY,NEW SHOW,PESTAÑA 1X1 MIX 12P X5FILAS,Extensiones profesionales 1x1/volumen,IMPORTED,37d875f6-c98f-417f-8dcd-0a1e329b447e,NEW-EXT-6B5F01,8e875cc0-141c-45e8-a3f5-0a354cf16bc2,NEW-EXT-6B5F01-UNICA,245f14bc-a264-407c-b8ec-6ba9fc47f82b,,,
Catálogo organizado,261,,,WEDOR,NEW SHOW,PESTAÑA ANIME CAJA CHICA,Extensiones profesionales 1x1/volumen,IMPORTED,9ac4776e-6da7-411e-ba04-d31c3504dc87,NEW-EXT-1B3360,16d28ea1-bc77-4545-b197-34bc66b2da7d,NEW-EXT-1B3360-3AF3E4,f82775be-7b12-4ff0-860b-a12f0c0b3b22,,,
Catálogo organizado,262,,,KELMAR PUNO,NEW SHOW,PESTAÑAS  20P + 30P  x400 .,Extensiones profesionales 1x1/volumen,IMPORTED,4f947561-514b-4bbc-aa30-e690a03f2188,NEW-EXT-C17D10,525acafb-0147-4baf-9016-3a644d05ed4b,NEW-EXT-C17D10-DC2DDD,0594249a-c8d1-442b-b0db-1fa69284fa8d,,,
Catálogo organizado,263,,SHEY-97,MAY,NEW SHOW,PESTAÑAS 2 GROSORES 12 FILAS,Extensiones profesionales 1x1/volumen,IMPORTED,d3615678-6f7f-415d-8f7c-b7961dc3be9e,NEW-EXT-B723A5,13e1761a-124f-4074-975b-e86e9a5e6a2c,NEW-EXT-B723A5-UNICA,93e89d49-f2c0-4af9-8d79-1c1d80ace03a,,,
Catálogo organizado,264,,SHEY-92,MAY,NEW SHOW,PESTAÑAS 6D EN TIRA X10PARES,Extensiones profesionales 1x1/volumen,IMPORTED,279f6456-000e-4896-b284-77393001ee3a,NEW-EXT-951B68,d24164cf-872d-426b-b703-3e1265723687,NEW-EXT-951B68-FFD5B3,767b736a-3699-4db6-a477-df68a838fb65,,,
Catálogo organizado,265,,SHEY-99,MAY,NEW SHOW,PESTAÑAS 9MM-14MM MIX,Extensiones profesionales 1x1/volumen,IMPORTED,b22c10ef-7938-4841-9099-23df2eb56832,NEW-EXT-8769D0,635ed4cb-bcc3-455a-bf81-e0f3e5a00ba4,NEW-EXT-8769D0-0EEAC0,22292ba8-f1f4-4a18-8463-7c96698021e7,,,
Catálogo organizado,266,,,MAURO DORIS IMPORT,NEW SHOW,PESTAÑAS LIBRO MIX,Extensiones profesionales 1x1/volumen,IMPORTED,6e068f99-c5f2-4ac9-aaad-ae04e6a09b82,NEW-EXT-4E119E,a39605c5-8be0-427d-a935-11eca7bebeda,NEW-EXT-4E119E-UNICA,8733168b-1c48-4617-8f28-7a1d7564b8dd,,,
Catálogo organizado,267,,SHEY-98,MAY,NEW SHOW,PESTAÑAS WISPY 9MM-15MM MIX,Extensiones profesionales 1x1/volumen,IMPORTED,f160a2a8-4e85-47d4-a609-7d4fca1afba4,NEW-EXT-AF09D8,e5edc34d-aa04-4d16-8e25-391463daebf8,NEW-EXT-AF09D8-6228FD,7acc7f68-6e3a-439e-8cf2-c00288952c8d,,,
Catálogo organizado,268,,CAT10,KELMAR PUNO,OTROS,PESTAÑA FOXY X5 PARES,Extensiones profesionales 1x1/volumen,IMPORTED,7a8f383a-57cd-4455-a7a4-e9fe64192e66,GEN-EXT-818E71,a39d4740-d0ef-488f-b200-2afd281c5e11,GEN-EXT-818E71-440F22,21fe77e3-5eeb-4d4f-9dd6-e1de2eeb9a22,,,
Catálogo organizado,269,,CAT09,KELMAR PUNO,OTROS,PESTAÑA FOXY X5 PARES,Extensiones profesionales 1x1/volumen,IMPORTED,7a8f383a-57cd-4455-a7a4-e9fe64192e66,GEN-EXT-818E71,76c425cd-bdd5-4f9b-84a6-e2ba37d9f2d7,GEN-EXT-818E71-770D45,7adce2c7-4719-487e-b568-5ebb9a5b12e8,import_distinct,same_supplier_different_codes,"Código de proveedor propio CAT09 (≠ fila 268): artículo distinto cuya diferencia descriptiva perdió el Excel; se representa por su referencia."
Catálogo organizado,270,,R269624,ROSE&LIN,ROSE&LIN,PESTAÑA 0.07C - 11MM,Extensiones profesionales 1x1/volumen,IMPORTED,3440ca5e-edd3-4d1a-a2c7-265c7a0041d3,ROS-EXT-A9101F,9b0a8b4a-5500-4649-9d84-1d16563a353d,ROS-EXT-A9101F-243091,19825ad8-8ca4-4e5a-8cd3-56bc84303c7e,,,
Catálogo organizado,271,,R269623,ROSE&LIN,ROSE&LIN,PESTAÑA 0.07D - 12MM,Extensiones profesionales 1x1/volumen,IMPORTED,3932d2c6-5922-4e8b-aa68-1cb3f5736e9e,ROS-EXT-49B44F,43113b41-5012-49f5-bc0d-20ea74e8db0b,ROS-EXT-49B44F-758882,603f79aa-d1cb-4bd3-b92f-ba11543067e7,,,
Catálogo organizado,272,,R168615,ROSE&LIN,ROSE&LIN,PESTAÑA ANIME 0.07C - 10MM,Extensiones profesionales 1x1/volumen,IMPORTED,2383505f-2330-47d8-8e83-aecae34035b6,ROS-EXT-34EA03,f2773abd-cb37-4d8f-b21c-4061d80dbcc8,ROS-EXT-34EA03-758E2F,507393c7-9979-4d50-8bd5-9cd6edea81b5,,,
Catálogo organizado,273,,R168615,ROSE&LIN,ROSE&LIN,PESTAÑA ANIME 0.07C - 12MM,Extensiones profesionales 1x1/volumen,IMPORTED,2383505f-2330-47d8-8e83-aecae34035b6,ROS-EXT-34EA03,db67fc06-c366-4172-acdb-a57a4f244137,ROS-EXT-34EA03-758882,355f3641-a4ce-43b1-8cbe-bdf1104ce295,import_distinct,duplicate_supplier_code,"El proveedor reutilizó el código R168615 para artículos distintos («PESTAÑA ANIME 0.07C - 12MM» vs «PESTAÑA ANIME 0.07C - 10MM»); se importa como artículo propio y el código queda registrado solo en la primera oferta."
Catálogo organizado,274,,R269618,ROSE&LIN,ROSE&LIN,PESTAÑA FOXY + ANIME 0.07D,Extensiones profesionales 1x1/volumen,IMPORTED,e295e7fc-9a12-4a9f-b4b1-404493aea229,ROS-EXT-C1A292,e41ed97b-ebac-4849-aa85-ce494d070ba5,ROS-EXT-C1A292-UNICA,3996a9fe-cf17-46ce-b671-df9c7307db03,,,
Catálogo organizado,275,,R269147,ROSE&LIN,ROSE&LIN,PESTAÑA VOLUMEN NATURAL 20P+30P 9-14MM,Extensiones profesionales 1x1/volumen,IMPORTED,bcaa1cdf-d6cf-40a1-8e6a-cda664e6e232,ROS-EXT-12E77F,1e91399a-5d8b-4789-abca-a77094334dbf,ROS-EXT-12E77F-F5DCD9,eee7dc90-4611-4cb2-bda8-10a8087336e2,,,
Catálogo organizado,276,SAP003,,MAY,SALON PRO,PEGAMENTO PESTAÑA 1X1 118ML,Extensiones profesionales 1x1/volumen,IMPORTED,ed2e872c-1397-4a19-b7f3-7f0cda0ddc9f,SAL-EXT-C3D6A0,b80c7b05-acde-445e-a1c6-f2afdd097787,SAP003,812b2105-1a2c-4e95-9ee8-93c9934f7ec9,,,
Catálogo organizado,277,SAP001,,MAY,SALON PRO,PEGAMENTO PESTAÑA 1X1 30ML,Extensiones profesionales 1x1/volumen,IMPORTED,ed2e872c-1397-4a19-b7f3-7f0cda0ddc9f,SAL-EXT-C3D6A0,85136fa0-013e-4067-953d-d6d8eba87a53,SAP001,df9b9ee4-cd57-43df-ad35-83209b0760e1,,,
Catálogo organizado,278,SAP002,,MAY,SALON PRO,PEGAMENTO PESTAÑA 1X1 60ML,Extensiones profesionales 1x1/volumen,IMPORTED,ed2e872c-1397-4a19-b7f3-7f0cda0ddc9f,SAL-EXT-C3D6A0,770fe0a1-c202-4d7b-8dfa-2b33b4bdc8d1,SAP002,76237178-660a-4719-a6cc-690040b5b397,,,
Catálogo organizado,279,SEL001,,MAY,SELENE,PEGAMENTO PESTAÑA 1X1,Extensiones profesionales 1x1/volumen,IMPORTED,2c454e33-1f7f-4d3a-8da9-a526abbbc9bf,SEL-EXT-9320C9,045f6a1e-7832-4f60-9168-6ea719d7f19f,SEL001,02059c05-58e8-4835-ba00-0651ae8c246f,,,
Catálogo organizado,280,,,JEZABELL,SNOW,PESTAÑA 10P+20P+30P,Extensiones profesionales 1x1/volumen,IMPORTED,405ce2f1-3f29-452d-ba92-6b499d33f754,SNO-EXT-65BD2E,e63cdb22-f8a7-4a85-bb3e-445cbbd0a0e5,SNO-EXT-65BD2E-UNICA,b5538335-59fa-4ae7-83d3-11659c83b939,,,
Catálogo organizado,281,,,JEZABELL,SNOW,PESTAÑA 20P+30P+40P,Extensiones profesionales 1x1/volumen,IMPORTED,8020b2f1-dd1f-423d-a7c0-aa9dee1e8d4e,SNO-EXT-220474,aeb6c56a-8d49-4404-8909-81be450cd8e4,SNO-EXT-220474-UNICA,ae4490cc-8b8f-4086-94cd-2854a9d462ec,,,
Catálogo organizado,282,,,JEZABELL,SNOW,PESTAÑA C/PEGAM Y PINZA 30P 9-14MIX,Extensiones profesionales 1x1/volumen,IMPORTED,b08719ad-0189-4b46-9946-d7d0ebd0bd17,SNO-EXT-8D5F08,5341667e-16e0-42a4-a464-94defe6258a8,SNO-EXT-8D5F08-UNICA,aa599a56-aad1-42f3-9671-1d99655b0bf2,,,
Catálogo organizado,283,,,JEZABELL,SNOW,PESTAÑAS 20P LIBRO JUMBO X800PEST,Extensiones profesionales 1x1/volumen,IMPORTED,433b37d8-2298-46e0-9192-80e354575696,SNO-EXT-7370A5,6d65a7ea-30cd-4e8e-9925-edb21791a8e4,SNO-EXT-7370A5-UNICA,3b1c0be8-21e6-4958-837d-2271891d9904,,,
Catálogo organizado,284,,SHEY-397,MAY,GLOBAL NAIL,PINZA P/EXTENSION DORADA,Herramientas y consumibles para pestañas,IMPORTED,5e719d1d-1686-4174-9481-c8b6cac2dcdd,GLO-HER-821A67,9671c09d-9c2c-403d-b3a1-9a759388b627,GLO-HER-821A67-356EC5,b2b8c1d6-762b-4ea7-bc67-550420baa40e,,,
Catálogo organizado,285,,,MAY,NAGARAKU,PINZA EN CAJA  L,Herramientas y consumibles para pestañas,IMPORTED,044c17f9-da91-4398-af07-6eb5d76863ff,NAG-HER-11B90C,c3cead03-b69b-4b9a-bf70-a994928ae1ca,NAG-HER-11B90C-UNICA,7cc2610c-8e63-46fc-91da-68444104408a,,,
Catálogo organizado,286,,,MAY,NAGARAKU,PINZA EN CAJA  RECTA,Herramientas y consumibles para pestañas,IMPORTED,42d00c1c-36b1-40d8-b306-14cdd6540b9f,NAG-HER-9A3207,8d25b7fc-366d-47ca-a37a-5f07e9b6cd87,NAG-HER-9A3207-UNICA,2ef25fa2-9f61-4c3d-a489-907de7cba1d9,,,
Catálogo organizado,287,OTR128,,MAY,OTROS,ANILLO ACRILICO P/PEGAMENTO X1PZA,Herramientas y consumibles para pestañas,IMPORTED,758787cd-f276-4bbb-ac8c-6c1ef745f02f,GEN-HER-1AAC4E,2b56ddcc-2d62-4e3a-873b-53ba7be9dbe3,OTR128,b91e9cec-3556-40ea-8dec-02f5d61c4360,,,
Catálogo organizado,288,OTR137,,MAY,OTROS,ANILLO PLASTICO X100PZA,Herramientas y consumibles para pestañas,IMPORTED,a8a06b1c-6491-4010-8f18-edb5ae214dbb,GEN-HER-C94E81,9318ef4f-0d52-4e02-934f-f0c9041fe8f3,OTR137,ae4693f7-ff31-40e9-9552-208af48ab408,,,
Catálogo organizado,289,OTR100,,MAY,OTROS,BOTELLA P/LIMPIEZA DE PESTAÑAS,Herramientas y consumibles para pestañas,IMPORTED,f3c32565-6e2f-4e04-b83a-d7e34aa57a1f,GEN-HER-9F01D1,3e12dd65-408e-48ac-bc1c-83100ff51dbb,OTR100,6209652c-7ec4-4e26-8391-ed529837b201,,,
Catálogo organizado,290,OTR208,,MAY,OTROS,BROCHA P/LAVAR PESTAÑAS,Herramientas y consumibles para pestañas,IMPORTED,2e7c04e7-4026-4427-9cb4-4a444e86229a,GEN-HER-772F06,ded1ce64-9b0d-40c3-a327-1990f4296742,OTR208,6f9f991d-d315-4af4-8273-506a10c568e6,,,
Catálogo organizado,291,OTR105,,MAY,OTROS,CEPILLITO SPULIN X12PZA COLORES,Herramientas y consumibles para pestañas,IMPORTED,ef69fe7f-ab7d-4d4c-8081-32df8914c747,GEN-HER-417AB2,19c480cb-f85c-47aa-8b3c-d74d89898f30,OTR105,333ac1ba-04bb-4f4a-9e53-b3ab98bd347e,,,
Catálogo organizado,292,OTR065,,MAY,OTROS,CEPILLO SPULIN X50 NEGRO,Herramientas y consumibles para pestañas,IMPORTED,19317e55-5c2b-4eef-9c14-d3cae2614721,GEN-HER-A6FEE8,8a772837-9eeb-4adf-9afa-bc2f7459c682,OTR065,970c561a-596a-4131-a0d8-057c4e9ca892,,,
Catálogo organizado,293,OTR203,,MAY,OTROS,CINTA MICROPOR COLORES,Herramientas y consumibles para pestañas,IMPORTED,cfd7a1b9-993a-40af-8d41-0e3adca7cbff,GEN-HER-E86C15,deee437f-a457-48bc-9b3d-7bab13651e57,OTR203,e58ee033-92d8-4c51-8b73-ef1998462593,,,
Catálogo organizado,294,,450126,AJI,OTROS,COBERTOR DE RIMEL P/PESTAÑAS,Herramientas y consumibles para pestañas,IMPORTED,0cd6eea1-68d1-4e36-8fa6-8b7e07a9bdd5,GEN-HER-EBA17B,8b408d1a-0c08-47e3-85df-f8475a12a2ed,GEN-HER-EBA17B-UNICA,3fd6bac7-4cbf-45cb-b7a9-bed196cb8545,,,
Catálogo organizado,295,OTR199,,MAY,OTROS,MICROBRUSH X100 BOLSITA,Herramientas y consumibles para pestañas,IMPORTED,4cafc141-2af2-4768-878d-552103ad6a06,GEN-HER-CB0E17,66fd3781-9b64-42e6-a8c1-a1733fc03be3,OTR199,c41727d6-e1f4-4616-be84-75ac2e66d7d7,,,
Catálogo organizado,296,,,WEDOR,OTROS,MICROBRUSH X100 POTE,Herramientas y consumibles para pestañas,IMPORTED,befaa25c-b608-41aa-ab5e-49d64e55c7bb,GEN-HER-632FAA,38af82b7-340f-469f-8ab3-4ac75944899a,GEN-HER-632FAA-6D8836,c5be202a-2fe3-4444-8792-3d09f2877b7f,,,
Catálogo organizado,297,,,MAY,OTROS,PARCHE HIDROGEL PAQX50 PARES,Herramientas y consumibles para pestañas,IMPORTED,926cf213-4c85-4111-ab08-39be47681fea,GEN-HER-2BFF1E,47c8454f-678d-4ff8-8e68-c327c6feb91c,GEN-HER-2BFF1E-UNICA,641b3935-c83e-42fd-a925-0d7590323f3e,,,
Catálogo organizado,298,OTR084,,MAY,OTROS,PARCHE HIDROGEL X10,Herramientas y consumibles para pestañas,IMPORTED,1927ceed-d212-496a-82f7-e56f03de71bd,GEN-HER-D90094,1d69cd2f-f97b-45a2-9a81-49eae94a34c8,OTR084,ccde45df-dc26-4f63-9b1c-1dbd55c4f8f3,,,
Catálogo organizado,299,,,MAY,OTROS,PIEDRA JADE PEQ CIRCULAR,Herramientas y consumibles para pestañas,IMPORTED,448c1ea9-f386-4a12-96fd-9ba575f3b4ac,GEN-HER-8598F5,751a6b39-f02d-4cf8-b384-b609b5597467,GEN-HER-8598F5-UNICA,06eafa2b-3e28-4d11-b73c-d9be9f2acaab,,,
Catálogo organizado,300,,,MAY,OTROS,PINZA P/PEST. EN TIRA TORNASOL,Herramientas y consumibles para pestañas,IMPORTED,333b3948-aa09-41ed-b0a8-346b6b23430b,GEN-HER-189204,e002a151-e36c-4911-bf8a-64229c42b41f,GEN-HER-189204-AA8DF9,7e3f0235-2ef8-4263-b1fb-c61330ebc63b,,,
Catálogo organizado,301,,,MAY,OTROS,SET PESTAÑA PRACTICA X5PARES,Herramientas y consumibles para pestañas,IMPORTED,7351db75-0061-4612-b8e0-84475e666114,GEN-HER-35355C,6a6d3e48-78d9-46a6-b2f4-a4b69caf3285,GEN-HER-35355C-068A43,b6867dfe-74c9-431e-bc29-c49faac3f9b8,,,
Catálogo organizado,302,,SS-358,CHINO PUNO,OTROS,SPULER EN POTE X100,Herramientas y consumibles para pestañas,IMPORTED,d10491dd-1a9f-4f76-8fba-3cdfc977e5f6,GEN-HER-BBA681,05f2b991-8b74-4b80-a57b-22662edd3167,GEN-HER-BBA681-6D8836,a93655fe-5a1f-4bc9-91c2-193f10fe33c6,,,
Catálogo organizado,303,,SHEY-101,MAY,OTROS,VENTILADOR PESTAÑAS GRANDE,Herramientas y consumibles para pestañas,IMPORTED,10b72f08-6109-48a0-bdde-b23d20d6f92b,GEN-HER-80DCE0,ae9fd68e-bead-490d-97c7-a6259fd48993,GEN-HER-80DCE0-UNICA,0c066ab9-d5cf-4fad-aaa5-b3fd6ca5bc1d,,,
Catálogo organizado,304,,SHEY-102,MAY,OTROS,VENTILADOR PESTAÑAS PEQUEÑO,Herramientas y consumibles para pestañas,IMPORTED,249e758e-41fb-4466-8408-6bb3b2be6952,GEN-HER-E55D3D,2ec03d52-cd13-4554-949d-823d6b65b7d2,GEN-HER-E55D3D-UNICA,7391069f-d2e4-4b2d-b159-e9358f84dc88,,,
Catálogo organizado,305,STR016,,MAY,STRONGER,PINZA ANGULAR DORADA X1,Herramientas y consumibles para pestañas,IMPORTED,4d9ef17e-fad9-406b-afac-5fc523223232,STR-HER-59998C,2bb06bb7-339e-4e43-99e4-2ba05c2cf848,STR016,e238c576-9920-436a-9851-3ee43037793e,,,
Catálogo organizado,306,,,MAY,STRONGER,PINZA ANGULAR PLATEADA X1,Herramientas y consumibles para pestañas,IMPORTED,4d9ef17e-fad9-406b-afac-5fc523223232,STR-HER-59998C,bac8814c-742a-406e-94ac-b9c069b3e440,STR-HER-59998C-B53DFD,805bc38d-c913-4b41-9edb-40694e6b4a1d,,,
Catálogo organizado,307,STR009,,MAY,STRONGER,PINZA CURVA C TORNASOL,Herramientas y consumibles para pestañas,IMPORTED,138109e6-9df9-4559-8523-2b9cab601696,STR-HER-CFF135,1a1e0be7-80f4-46e4-9548-45531361159e,STR009,fc7ede0c-79ab-4f2a-8b71-94f3bf73780b,,,
Catálogo organizado,308,,,MAY,STRONGER,PINZA RECTA TORNASOL X1,Herramientas y consumibles para pestañas,IMPORTED,8a0a768c-87c0-4fe4-8bb2-6c332b44f7b5,STR-HER-CF5D30,2488b77b-0fe5-4ecf-ba02-59979eb35f14,STR-HER-CF5D30-F053CC,c8637788-a89e-448d-8049-dc51414520cb,,,
Catálogo organizado,309,,SHEY-124,MAY,ZOLA,PINZA CURVA C RECTA 3color,Herramientas y consumibles para pestañas,IMPORTED,6ed47396-31cc-4392-96a7-e8ec62e4a804,ZOL-HER-13D722,b81dfa9f-091c-46d3-baa0-c9675a34532d,ZOL-HER-13D722-UNICA,701379de-bfd5-499c-9f5d-6a0c8820e42d,,,
Catálogo organizado,310,AND006,,MAY,ANDREA,KIT PLANCHADO DE CEJAS,"Lifting, rizado y laminado",IMPORTED,179ef22f-9ba4-4efc-bffe-fc8148fa071d,AND-LIF-994B66,543279aa-bf6a-4d6c-affe-ac6d7f220397,AND006,61cf7ad3-2f0e-45eb-8414-4e3f673ae8e8,,,
Catálogo organizado,311,AND005,,MAY,ANDREA,KIT RIZADO & LIFTING 2EN1,"Lifting, rizado y laminado",IMPORTED,6818887b-55c9-417b-8aa4-efeae212915c,AND-LIF-3ED8EA,03ea0632-19f7-4fe8-a33d-b8f1d0f08cdc,AND005,bb0a71cc-931a-49de-b21f-a961e184f8e0,,,
Catálogo organizado,312,,,MAY,CHERIMOYA,KIT LASH LIFT,"Lifting, rizado y laminado",IMPORTED,47d3f5ea-3f85-4936-8165-1db639b96742,CHE-LIF-5BE41B,63824eb4-fb95-4226-b825-5bb5a2addac8,CHE-LIF-5BE41B-UNICA,d596d7d5-fe6f-487e-8dab-e355806a907e,,,
Catálogo organizado,313,,,MAY,ICONSIGN,KIT BROW LIFT CEJAS,"Lifting, rizado y laminado",IMPORTED,f626f860-e506-45e1-9e25-28c0b6bfbe82,ICO-LIF-F06C95,bbdd07ea-a2a7-4a8c-a8b2-0054627c261f,ICO-LIF-F06C95-UNICA,afca7801-7e1a-46a7-b57c-9ff89c7b5beb,,,
Catálogo organizado,314,,,WEDOR,ICONSIGN,KIT LASH LIFT PESTAÑAS (1),"Lifting, rizado y laminado",IMPORTED,1b41a69e-3fc1-4be7-a3bf-8bed5e0cfd68,ICO-LIF-1F62E5,05c7ee97-e9de-4cf6-a1b9-e0dea9daec94,ICO-LIF-1F62E5-UNICA,6bbfe6a3-103a-4733-b9d1-365f1a731115,,,
Catálogo organizado,315,,,MAY,ICONSIGN,KIT LASH LIFT PESTAÑAS (2),"Lifting, rizado y laminado",IMPORTED,29e1ba2e-855e-41cf-be78-4f3a9c333d6c,ICO-LIF-DDEBDF,97d0b306-ff83-4fb0-a070-4d9938ed7f30,ICO-LIF-DDEBDF-UNICA,ddd27e77-a668-4b40-8b35-95bed77e113b,,,
Catálogo organizado,316,,,MAY,J DENIS,LAMINADO DE CEJAS,"Lifting, rizado y laminado",IMPORTED,f393097f-c6ef-446e-a054-fd190c671bef,JDE-LIF-1E0C50,0056727b-24b7-48fb-a510-271a77fae3f3,JDE-LIF-1E0C50-UNICA,ebdca7d4-2a41-4d8b-9e77-a676dc523a03,,,
Catálogo organizado,317,,,MAY,J DENIS,RIZADO DE PESTAÑAS,"Lifting, rizado y laminado",IMPORTED,9b5f64bb-579e-47d6-9c5b-3d45199a3b39,JDE-LIF-426CAB,583c4d4b-4150-4b00-aa81-dd790f723223,JDE-LIF-426CAB-UNICA,e303da85-add8-4fa8-98c7-594ac254e0ad,,,
Catálogo organizado,318,,,WEDOR,OTROS,RULERO C/ADH. #3,"Lifting, rizado y laminado",IMPORTED,0ace9bf2-03dc-40bd-895e-625a214eeb4e,GEN-LIF-E83A22,19b4405b-2f66-4e12-aa52-f6bb59b685e8,GEN-LIF-E83A22-UNICA,5c000c4f-7f9f-47d4-b4aa-2e05179f2304,,,
Catálogo organizado,319,,,WEDOR,OTROS,RULERO C/ADH. #4,"Lifting, rizado y laminado",IMPORTED,865a9901-e3ed-46a6-a825-c4180658334f,GEN-LIF-B53832,474db89c-7a17-4c02-a65b-5697e740e1d4,GEN-LIF-B53832-UNICA,7daa8518-a8fa-475b-8c57-5b9af80cb983,,,
Catálogo organizado,320,,,WEDOR,OTROS,RULERO C/ADH. #5,"Lifting, rizado y laminado",IMPORTED,413e540b-83bf-480e-84e5-0d699449ed87,GEN-LIF-C30780,e903015d-6a11-4ebb-bcbd-18be8c925ed9,GEN-LIF-C30780-UNICA,f96a34e2-0fe2-4261-a4a3-80701a68825d,,,
Catálogo organizado,321,,,WEDOR,OTROS,RULERO C/ADH. #6,"Lifting, rizado y laminado",IMPORTED,465487db-f541-4700-bde3-08008bcb6e70,GEN-LIF-21DC63,724238c9-f5d5-4b3e-aabd-ce88ab14f9c0,GEN-LIF-21DC63-UNICA,16debcee-592f-42e9-be9c-94570ff43b2c,,,
Catálogo organizado,322,,,WEDOR,OTROS,RULERO C/ADH. #7,"Lifting, rizado y laminado",IMPORTED,85c1ea1f-b252-4490-bad8-b67574169251,GEN-LIF-DE794F,95863ed2-864f-4d28-bddf-6c40539c6613,GEN-LIF-DE794F-UNICA,e1fe73e9-333d-474d-ab83-4a13efcdfe23,,,
Catálogo organizado,323,,,WEDOR,OTROS,RULERO C/ADH. #8,"Lifting, rizado y laminado",IMPORTED,787c84a4-4f7a-4e61-869a-1fa9e149f753,GEN-LIF-0A26C6,79e84db9-5812-43ea-a732-21a84afdd6f0,GEN-LIF-0A26C6-UNICA,7b0feb5a-f677-49b8-9368-3c17b56b7bbc,,,
Catálogo organizado,324,,,BEIFA,OTROS,BASTON PARA ONDULAR,"Lifting, rizado y laminado",IMPORTED,86eadf43-0551-4c87-86cf-94a23ec66d38,GEN-LIF-D25201,b3c94360-ebcb-49a2-a924-88af2321b9d4,GEN-LIF-D25201-UNICA,b929b044-2f27-4b0b-a350-d574e8b31f7c,,,
Catálogo organizado,325,,,AJI,OTROS,BASTON PARA ONDULAR,"Lifting, rizado y laminado",IMPORTED,86eadf43-0551-4c87-86cf-94a23ec66d38,GEN-LIF-D25201,b3c94360-ebcb-49a2-a924-88af2321b9d4,GEN-LIF-D25201-UNICA,4d6c2318-6db9-40ae-bfe0-2405d6949c83,,,
Catálogo organizado,326,OTR106,M-114,MAY,OTROS,MOLDE P/LIFTING COLORES,"Lifting, rizado y laminado",IMPORTED,1ad8f489-e0bf-4c1c-849a-229cd51e11cb,GEN-LIF-8A6A00,e62afbf9-1453-4f22-8f42-497f71c22d4c,OTR106,dee8099f-b459-49ab-8851-ce80cfb063b5,,,
Catálogo organizado,327,OTR123,,MAY,OTROS,PEINE P/LIFTING ROSA,"Lifting, rizado y laminado",IMPORTED,417b8a2d-bb47-4a03-b21a-1981dd08c132,GEN-LIF-BFEEDF,9f5cacd3-96f3-4a27-a1d0-b4a4855c5e48,OTR123,af0f056e-c146-4a92-aca0-97eb199cd790,,,
Catálogo organizado,328,OTR124,,MAY,OTROS,PEINE P/LIFTING TRANSPARENTE,"Lifting, rizado y laminado",IMPORTED,0404104a-5a88-46bf-8cb8-bfb4c79fc448,GEN-LIF-F3281B,852036af-5c67-43a0-9cd4-c3aec3b10fc9,OTR124,1aeaa57e-8a19-467c-9fc5-f85650d4cca3,,,
Catálogo organizado,329,YEM001,,MAY,YEMIX,MOLDE P/LIFTING NUBE,"Lifting, rizado y laminado",IMPORTED,68a1d6a5-b4eb-4c6f-84df-55b3dee023fd,YEM-LIF-56A8EC,afb00b2f-2543-4453-9ddd-1ed63ed2d627,YEM001,8fb5aacd-e58c-4dc0-b3e9-ffc440e3dd7a,,,
Catálogo organizado,330,ARD004,,MAY,ARDELL,PEGAMENTO PESTAÑA BANDA PEQ.,"Pestañas en tira, banda y magnéticas",IMPORTED,602f836f-735f-4793-93f8-5cb472841356,ARD-PES-E91C54,dbc46111-d48d-494a-a1cf-8ceebc061a74,ARD004,298b13c3-61b8-4355-b0d9-7640fc6d129c,,,
Catálogo organizado,331,,E-6055,KELMAR PUNO,BEAUTIFUL KISS,PESTAÑA CON PEGA Y PINZA,"Pestañas en tira, banda y magnéticas",IMPORTED,08b8dc23-80d1-4125-9048-0301b468271e,BEA-PES-92F81D,a03f8751-8a2d-40a8-b92a-0c646c8c3887,BEA-PES-92F81D-UNICA,c3947e77-7349-4f25-8d08-65a89cb15d24,,,
Catálogo organizado,332,CAN006,,MAY,CANDY,PESTAÑA BANDA 5D X1PAR,"Pestañas en tira, banda y magnéticas",IMPORTED,e1525b60-7e01-4b42-9e4d-5792dd2321a3,CAN-PES-040BEB,4f44a3ae-64fe-4409-8a14-435d2e7c98ae,CAN006,97225101-7025-4657-b0ce-27c9c9790656,,,
Catálogo organizado,333,CHE002,,MAY,CHERIMOYA,PEGAMENTO PESTAÑA BANDA CLEAR,"Pestañas en tira, banda y magnéticas",IMPORTED,25de01ca-f8dd-403e-b1b1-cbb3ca33fec5,CHE-PES-6B92EE,3423e35e-8fb9-4dcd-9084-c8b83430f94f,CHE002,21fd6e81-70fe-4215-9c5c-fc66255d8def,,,
Catálogo organizado,334,,,QAI INAMBARI,MAGNETIC,PESTAÑAS MAGNETICAS,"Pestañas en tira, banda y magnéticas",IMPORTED,e9038dcb-dcb9-4b5f-b51d-e61b918e2c05,MAG-PES-325DD2,3c7611f2-43ef-4eff-adc6-376d6e86373d,MAG-PES-325DD2-UNICA,b20932c7-f367-4588-9fff-00e7a6d58cc3,,,
Catálogo organizado,335,,,ROSE&LIN,MASSILLY,PESTAÑA BANDA 3D X1PAR,"Pestañas en tira, banda y magnéticas",IMPORTED,d25f92e3-9add-46c4-8516-a24de1dd8c81,MAS-PES-8D6A19,47c50326-6e32-4eef-b954-e7f3265e411b,MAS-PES-8D6A19-UNICA,eaaee373-24c0-4827-bd96-3c445bbc86f8,,,
Catálogo organizado,336,,SURTIDO,BEIFA,MASSILLY,PESTAÑA x1par MOD. SURTIDO (BOX 10par),"Pestañas en tira, banda y magnéticas",IMPORTED,eaf2cf3a-e12f-40e3-8990-94bccb8d04a3,MAS-PES-408225,580a4e3d-6c11-4d24-9feb-6738d41f892a,MAS-PES-408225-UNICA,58b48275-ad1e-4b1a-97db-3f51942b8a15,,,
Catálogo organizado,337,,,MYSTYLE,MYSTYLE,PESTAÑAS MAGNETICAS,"Pestañas en tira, banda y magnéticas",IMPORTED,fc0075a8-2e33-42e1-9435-4ea30a96d070,MYS-PES-C3B42A,c817b483-1b6a-4a16-b91c-2bcf2c1e09fb,MYS-PES-C3B42A-UNICA,c7a52709-284d-4891-b0e2-858956062124,,,
Catálogo organizado,338,NES001,,MAY,NESURA,PESTAÑA NESURA 10D / 10mm,"Pestañas en tira, banda y magnéticas",IMPORTED,f9a57d6a-bad3-4bde-840d-fab098662208,NES-PES-E42A40,2ed6553a-3f07-4d2d-8822-28e28fa82cb7,NES001,1e52cddd-3987-4e7e-b854-e403ba392eb8,,,
Catálogo organizado,339,NES002,,MAY,NESURA,PESTAÑA NESURA 10D / 12mm,"Pestañas en tira, banda y magnéticas",IMPORTED,f9a57d6a-bad3-4bde-840d-fab098662208,NES-PES-E42A40,c7e4fa38-e197-456b-b66d-ddf2de0d22c6,NES002,0ac651cd-2620-403a-a57b-cfbc1f4050bc,,,
Catálogo organizado,340,NES003,,MAY,NESURA,PESTAÑA NESURA 20D / 10mm,"Pestañas en tira, banda y magnéticas",IMPORTED,f9a57d6a-bad3-4bde-840d-fab098662208,NES-PES-E42A40,8b06101c-7277-46d7-b04a-56f0a68e0106,NES003,c0aa922b-4b0d-4db5-aae1-efd9f9851e03,,,
Catálogo organizado,341,NES004,,MAY,NESURA,PESTAÑA NESURA 20D / 12mm,"Pestañas en tira, banda y magnéticas",IMPORTED,f9a57d6a-bad3-4bde-840d-fab098662208,NES-PES-E42A40,bef6b843-6022-4add-b55b-3a59c09878c7,NES004,b0f86b2c-5477-4b7e-b937-d8fb45fd394a,,,
Catálogo organizado,342,,S/C,MAY,OTROS,PESTAÑA IMANTADA x3,"Pestañas en tira, banda y magnéticas",IMPORTED,4cd06ae2-8e89-4318-a7e0-62e7f73ba46c,GEN-PES-6F7308,12264921-26fc-49e3-b00d-533884815e0b,GEN-PES-6F7308-73AEAF,f8e8eb32-e89f-46ab-884c-acd217cfd875,,,
Catálogo organizado,343,,,ROSE&LIN,ROSE&LIN,PESTAÑA X3 PARES ROSA AZUL 5D,"Pestañas en tira, banda y magnéticas",IMPORTED,f740f604-40fe-4cd8-a86e-a7ecc21b1f3e,ROS-PES-B18C73,cccebbfa-9c12-4244-9968-e9e1b81040f0,ROS-PES-B18C73-73AEAF,641d91f8-fa62-4092-9554-e8953049ddac,,,
Catálogo organizado,344,SEL002,,MAY,SELENE,PEGAMENTO PESTAÑA BANDA,"Pestañas en tira, banda y magnéticas",IMPORTED,9f0c5ca9-19b6-4586-893f-35cc3a24d8ad,SEL-PES-9966D1,b509b0db-25b1-4d06-a4d1-bb7c5dab0935,SEL002,7d79734e-6175-48b7-9545-21c7b887bca9,,,
Catálogo organizado,345,,,JEZABELL,SNOW,PESTAÑA 3 MIXTA c/ PINZA Y SPULER,"Pestañas en tira, banda y magnéticas",IMPORTED,d637aa9e-9de9-4760-a007-922d121310c3,SNO-PES-5460CC,bf13001b-ad2e-47bb-98f5-7d1dfd9b04b7,SNO-PES-5460CC-UNICA,8cdda815-cf2b-4c65-9913-dfc071178a95,,,
Catálogo organizado,346,,,JEZABELL,SNOW,PESTAÑA C/ PEGA SELLADOR Y REMOVEDOR 20P,"Pestañas en tira, banda y magnéticas",IMPORTED,7df0c372-b7e7-4977-923e-aeb30d156640,SNO-PES-B4F4C1,3963ff44-0a2d-4d61-8709-ea150e6c0813,SNO-PES-B4F4C1-EA52A8,dad2458b-54f3-4718-bb47-9ea11b5bdcad,,,
Catálogo organizado,347,,,JEZABELL,SNOW,PESTAÑA C/ PEGA SELLADOR Y REMOVEDOR WISPY,"Pestañas en tira, banda y magnéticas",IMPORTED,7df0c372-b7e7-4977-923e-aeb30d156640,SNO-PES-B4F4C1,a2265373-720b-4aec-ab38-c5266917e2b8,SNO-PES-B4F4C1-CF0233,0f6b4df0-2278-48d0-ac21-f2cc623dbbfd,,,
Catálogo organizado,348,,7256,BEIFA,YEMIX,SET PESTAÑA X5par 3D,"Pestañas en tira, banda y magnéticas",IMPORTED,95cd0b98-fb21-4ad1-829d-fea41704be0e,YEM-PES-B24CB7,8a0a1815-613b-4736-877f-61a06c97955a,YEM-PES-B24CB7-UNICA,1507d781-97da-47bd-bda8-56487ddb6e9b,,,
Catálogo organizado,349,,7257,BEIFA,YEMIX,SET PESTAÑA X5par 3D,"Pestañas en tira, banda y magnéticas",IMPORTED,95cd0b98-fb21-4ad1-829d-fea41704be0e,YEM-PES-B24CB7,380613b8-706f-4550-b363-d59b694ad36e,YEM-PES-B24CB7-9375E3,cb26cc95-1b54-4ae2-a66b-373dde93f14a,import_distinct,same_supplier_different_codes,"Código de proveedor propio 7257 (≠ fila 348): artículo distinto cuya diferencia descriptiva perdió el Excel; se representa por su referencia."
Catálogo organizado,350,YEM004,7246,BEIFA,YEMIX,SET PESTAÑA X5par 3D,"Pestañas en tira, banda y magnéticas",IMPORTED,95cd0b98-fb21-4ad1-829d-fea41704be0e,YEM-PES-B24CB7,3023790c-f855-4b36-bfed-a99ae3507fdb,YEM004,46588e04-49e4-4a9f-9d57-107f86821c32,import_distinct,same_supplier_different_codes,"Código de proveedor propio 7246 (≠ fila 348): artículo distinto cuya diferencia descriptiva perdió el Excel; se representa por su referencia."
Catálogo organizado,351,YEM002,7294,BEIFA,YEMIX,SET PESTAÑA X5par 6D,"Pestañas en tira, banda y magnéticas",IMPORTED,4e2ed1c5-3110-4901-9884-97fb20a76a5b,YEM-PES-CCBA5D,f97a8a00-faca-46e1-afc7-a3dd84b34437,YEM002,f0a80823-08c4-4ca6-983b-d29af51e72f8,,,
Catálogo organizado,352,YEM003,7295,BEIFA,YEMIX,SET PESTAÑA X5par 6D,"Pestañas en tira, banda y magnéticas",IMPORTED,4e2ed1c5-3110-4901-9884-97fb20a76a5b,YEM-PES-CCBA5D,6d1699d6-84b6-48b0-b681-d521d29ed004,YEM003,5d6a3e58-9f6f-4d22-bea3-67e573307440,import_distinct,conflicting_internal_codes,"Código interno propio YEM003: unidad vendible distinta de la fila 351; el Excel repitió la descripción."
Catálogo organizado,353,,,YISLU,YISLU,PESTAÑA EN TIRA X20 PARES,"Pestañas en tira, banda y magnéticas",IMPORTED,13a66220-a3d1-4e86-a1ba-dfcfa9cd345d,YIS-PES-474DC7,2fc607fa-756c-4266-a408-a4735cb28ca4,YIS-PES-474DC7-71538C,1f43d4c6-fa1b-4b45-8372-2e7033119277,,,
Catálogo organizado,354,CUR001,,MAY,CURVEX,RIZADOR PESTAÑAS CURVEX,Rizadores de pestañas y repuestos,IMPORTED,a3a5a1ec-132d-429e-bea3-3912254dd98a,CUR-RIZ-381059,e0c56d57-3dd6-4e90-8b1b-645533d3bf49,CUR001,be9b6718-cbc6-4871-88c6-808b17adb827,,,
Catálogo organizado,355,MIN006,,MAY,MINEVA,RIZADOR PESTAÑAS C/PEINE,Rizadores de pestañas y repuestos,IMPORTED,3586d4ed-895e-41e2-8039-699aa16e87ba,MIN-RIZ-F60C52,6019190f-aa23-4c41-b0f4-7504f1c22db6,MIN006,c0042673-c3e1-429a-bd47-3180e3234874,,,
Catálogo organizado,356,MIN007,,MAY,MINEVA,RIZADOR PESTAÑAS M/CURVO TORN.,Rizadores de pestañas y repuestos,IMPORTED,8a6304a1-4ea3-4844-b9b6-9eaf6bdfc415,MIN-RIZ-955835,62d78c92-c90d-4839-b360-43e8e138ad45,MIN007,286fce29-2020-43aa-8136-a2ca21d0451f,,,
Catálogo organizado,357,MIN004,,MAY,MINEVA,RIZADOR PESTAÑAS M/P,Rizadores de pestañas y repuestos,IMPORTED,51fbc515-3c86-4226-808b-790bcca329f7,MIN-RIZ-9282AE,4adf85f4-2196-4c1d-8960-d72d954d29c9,MIN004,ac2aa481-65b4-4756-8ee5-3adeeb6bb6b1,,,
Catálogo organizado,358,MIN005,,MAY,MINEVA,RIZADOR PESTAÑAS M/P LARGO,Rizadores de pestañas y repuestos,IMPORTED,303b6e78-9663-473d-8e1b-9c61eed42468,MIN-RIZ-450B6F,dde1d73f-c5aa-40d3-b781-23b007a308ad,MIN005,277cd41b-69d2-4e74-995e-73c961ff4625,,,
Catálogo organizado,359,OTR102,,MAY,OTROS,REPUESTO P/RIZADOR,Rizadores de pestañas y repuestos,IMPORTED,da8fef89-f9bf-45ed-b5c5-bf04c42427ed,GEN-RIZ-07DED9,6aeb244d-1251-4a07-894b-77184ae44c10,OTR102,e3ef4343-edf3-42a7-8dec-eabcb1ba1601,,,
Catálogo organizado,360,,,MAY,OTROS,RIZADOR PESTAÑAS COLA SIRENA TORN,Rizadores de pestañas y repuestos,IMPORTED,a6ee472f-71a4-4e31-baa2-12a42682f9ea,GEN-RIZ-AEAD90,888b84da-f0f1-41ea-b372-004ce64b829d,GEN-RIZ-AEAD90-UNICA,9a63bdc7-3214-4239-9e3f-4b8295695ec3,,,
Catálogo organizado,361,,SHEY-429,MAY,STRONGER,RIZADOR PESTAÑA CLASICO,Rizadores de pestañas y repuestos,IMPORTED,379915de-fb2c-4b61-bcf3-f8df18fde980,STR-RIZ-025F6E,fb8bec7f-d0f3-4d0a-8ba6-687aac0558b8,STR-RIZ-025F6E-UNICA,c745d1b0-e72b-4000-9ed1-2a1bf3fe5699,,,
Catálogo organizado,362,,SHEY-426,MAY,STRONGER,RIZADOR PESTAÑA M/CONFETI,Rizadores de pestañas y repuestos,IMPORTED,b2ea33a3-21c0-4f1e-86a2-57d35db8365b,STR-RIZ-DE673B,21108b37-78ec-489b-8a8e-9166032c5a91,STR-RIZ-DE673B-UNICA,5ae15935-c5bb-4af1-8cbd-b559d85e998e,,,
Catálogo organizado,363,,SHEY-427,MAY,STRONGER,RIZADOR PESTAÑA M/HOJA C/PEINE,Rizadores de pestañas y repuestos,IMPORTED,e9c3ef9e-3cc4-4ef7-9cfa-bfd7c7aa94f3,STR-RIZ-2A1A0E,87d5fbf8-bd6a-403b-b39a-1ba5f2c70e37,STR-RIZ-2A1A0E-UNICA,e1b8f445-2338-4746-be6e-ceeef9a37140,,,
Catálogo organizado,364,,SHEY-431,MAY,STRONGER,RIZADOR PESTAÑA M/MARIPOSA,Rizadores de pestañas y repuestos,IMPORTED,ad3dfe65-b4eb-45b1-ba40-605270a894e6,STR-RIZ-61AA26,cbe36858-ca66-4aaf-bf6f-24a97344117e,STR-RIZ-61AA26-UNICA,4d2fd37f-4bc5-41d3-a2f5-2e744da5a861,,,
Catálogo organizado,365,,SHEY-428,MAY,STRONGER,RIZADOR PESTAÑA M/PUNTOS C/ PEINE,Rizadores de pestañas y repuestos,IMPORTED,c8920be1-32ff-473e-8a70-fe5fafb490ed,STR-RIZ-6EDEE7,dfb77a9a-278d-45b4-835a-db5c1e59307c,STR-RIZ-6EDEE7-UNICA,060b176d-0ba0-4d7f-9f63-0c6788367828,,,
Catálogo organizado,366,,SHEY-430,MAY,STRONGER,RIZADOR PESTAÑA M/TORN REDONDO,Rizadores de pestañas y repuestos,IMPORTED,24e6ace0-c00c-45c0-86e7-01198e16f877,STR-RIZ-DF185C,4491660e-4608-433a-b730-109e6b27c698,STR-RIZ-DF185C-UNICA,6010e58a-9582-45ab-a0c0-337c8f71fae4,,,
Catálogo organizado,367,,SHEY-433,MAY,STRONGER,RIZADOR PESTAÑA METALIZADO COLOR,Rizadores de pestañas y repuestos,IMPORTED,4eb91692-3b6e-497e-abce-b11efd317604,STR-RIZ-ECA0CC,449fd3ae-c4e7-49c2-a7a8-154b1c5ac077,STR-RIZ-ECA0CC-UNICA,00a00280-79be-4187-9a82-14fc9a8ce06b,,,
Catálogo organizado,368,,,SOTO,DEPILE,BANDA DEPILATORIA FACIAL,Bandas y consumibles,IMPORTED,6d4c3468-a2b9-4676-8181-4f890d792e6e,DEP-BAN-A4FC17,93b6a612-a706-42ac-9a2e-87599adab832,DEP-BAN-A4FC17-UNICA,0de3f43b-734f-4958-84b7-5a35587f1af4,,,
Catálogo organizado,369,,,ROSA SOTO,DEPILE,BANDAS DEPILATORIA X6 DOBLE,Bandas y consumibles,IMPORTED,649ce628-e516-4c06-9d03-03af88a8b71f,DEP-BAN-98D7F8,8de6b0fa-8288-4230-8ab4-2f65bbdaae7a,DEP-BAN-98D7F8-204E86,8418b52a-2428-48d5-b098-d04272023a9a,,,
Catálogo organizado,370,GUA004,,MAY,GUAPA,FILM OSMOTICO,Bandas y consumibles,IMPORTED,6eeebfac-a650-4064-a24a-18de8bddaffd,GUA-BAN-92A5E6,a23495ee-6985-4f5b-8e31-df2504bd3b09,GUA004,f02bf4eb-99e7-4a41-a5a1-32a724cc1487,,,
Catálogo organizado,371,KON016,,MAY,KONSUNG,BANDA CORTADA X100UND,Bandas y consumibles,IMPORTED,ef8a3501-75c8-48f9-87ef-1203db89d011,KON-BAN-1447BF,2551ebf6-4167-4ba0-a864-8e94d294acb5,KON016,af18d764-6978-4bd5-90f0-769a38dc7431,,,
Catálogo organizado,372,,,SHIALER,SAMANTHA,BANDAS DEPILATORIAS x20,Bandas y consumibles,IMPORTED,d342e472-7c3f-4419-bfa4-6ead63e2bfbe,SAM-BAN-84EBF0,5061989c-0b31-4eb1-a4cd-2400f7742bf5,SAM-BAN-84EBF0-71538C,e8b9aca7-5f5d-4e20-881d-a798f4ec0efd,,,
Catálogo organizado,373,WAX002,,MAY,WAXKISS,BANDA ROLLO 80YRD,Bandas y consumibles,IMPORTED,e0581293-1118-41fc-86a7-2e94287a75d5,WAX-BAN-0742E4,fc8d4d8a-ac11-4c63-8203-b96efc637ac9,WAX002,07c7ca21-5e6e-4ec1-928c-0292f93f12ef,,,
Catálogo organizado,374,GIG004,,JOMAR,GIGI,CERA GIGI CAFE 396GR,Ceras depilatorias,IMPORTED,f1e063ab-cb45-4151-b7cd-b9d6fda450f6,GIG-CER-BB46A1,d9f48fb3-d97d-4022-b6ec-aa8577e218ff,GIG004,113b8ec0-c52a-4c46-8a9a-028319c806b6,,,
Catálogo organizado,375,GIG003,,JOMAR,GIGI,CERA GIGI CHOCOLATE 396GR,Ceras depilatorias,IMPORTED,f1e063ab-cb45-4151-b7cd-b9d6fda450f6,GIG-CER-BB46A1,4da7e75a-0d3a-4b5e-be70-8e457cf5355a,GIG003,d6b64234-eb74-408f-b58a-e9ad5b76c6fb,,,
Catálogo organizado,376,GIG002,,JOMAR,GIGI,CERA GIGI MIEL 396GR,Ceras depilatorias,IMPORTED,f1e063ab-cb45-4151-b7cd-b9d6fda450f6,GIG-CER-BB46A1,0a327fa5-4141-4a88-8eb4-c3cb62669af0,GIG002,36b5dd7f-5058-4255-9f79-908c2b31c534,,,
Catálogo organizado,377,GIG001,,MAY,GIGI,CERA GIGI MIEL 396GR M,Ceras depilatorias,IMPORTED,f2e11a6d-3cc3-46d9-9a72-43bebb43d608,GIG-CER-D7ECE3,4cd1dca3-4c55-4784-a7fa-56473fb78929,GIG001,112f0a62-a844-461e-bd9a-06f5047da5df,,,
Catálogo organizado,378,KON011,,WEDOR,KONSUNG,CERA GRANULADA ALOE VERA 100GR,Ceras depilatorias,IMPORTED,0dd55d9c-cb03-4cc8-8e94-af950d69ebe7,KON-CER-515868,b1290bb7-dc5f-4fd5-ac44-25fdcb84a168,KON011,e7606960-aae9-4c1b-886e-9ddbf739420a,,,
Catálogo organizado,379,KON012,,WEDOR,KONSUNG,CERA GRANULADA CHOCOLATE 100GR,Ceras depilatorias,IMPORTED,0dd55d9c-cb03-4cc8-8e94-af950d69ebe7,KON-CER-515868,61c228bf-02ee-45d5-bcbb-e0ef1907ffea,KON012,7786abf3-ea80-4647-9cce-1d5f09c43737,,,
Catálogo organizado,380,KON001,,MAY,KONSUNG,CERA GRANULADA CHOCOLATE 200GR,Ceras depilatorias,IMPORTED,0dd55d9c-cb03-4cc8-8e94-af950d69ebe7,KON-CER-515868,4919dd87-fe0c-4e3d-8249-cb3a4b260c50,KON001,62c5883a-c234-4a5e-bdc5-96b345f349d0,,,
Catálogo organizado,381,,,MAY,KONSUNG,CERA GRANULADA CHOCOLATE 300GR,Ceras depilatorias,IMPORTED,0dd55d9c-cb03-4cc8-8e94-af950d69ebe7,KON-CER-515868,08ec3ad4-495c-49f2-a4ae-45cbadd02461,KON-CER-515868-EAFFB1,ceda907d-54d2-4281-aa99-bc68147bbd26,,,
Catálogo organizado,382,KON002,,MAY,KONSUNG,CERA GRANULADA GRANADA 200GR,Ceras depilatorias,IMPORTED,0dd55d9c-cb03-4cc8-8e94-af950d69ebe7,KON-CER-515868,77805a35-9960-42d2-9446-8a77ac868381,KON002,4c4f9c67-72d2-4ebb-a36f-041e4d4686e4,,,
Catálogo organizado,383,,,WEDOR,KONSUNG,CERA GRANULADA GRANATE 100GR,Ceras depilatorias,IMPORTED,0dd55d9c-cb03-4cc8-8e94-af950d69ebe7,KON-CER-515868,68e1addc-aa53-4076-8f69-98b2045db45a,KON-CER-515868-A8DB10,f983ccf6-a5c0-458b-9d50-d09fc51bafbf,,,
Catálogo organizado,384,KON010,,WEDOR,KONSUNG,CERA GRANULADA MANZANA 100GR,Ceras depilatorias,IMPORTED,0dd55d9c-cb03-4cc8-8e94-af950d69ebe7,KON-CER-515868,24b2b474-9d1c-489d-be72-521dccaeb3ac,KON010,bd798d2c-6524-49b6-a211-01f583106faf,,,
Catálogo organizado,385,KON004,,MAY,KONSUNG,CERA GRANULADA MANZANA 200GR,Ceras depilatorias,IMPORTED,0dd55d9c-cb03-4cc8-8e94-af950d69ebe7,KON-CER-515868,921bcbd5-25bb-4113-b938-9436ff8b5894,KON004,53599893-9e91-455f-896b-6c33a389bb12,,,
Catálogo organizado,386,KON008,,MAY,KONSUNG,CERA GRANULADA MANZANA 300GR,Ceras depilatorias,IMPORTED,0dd55d9c-cb03-4cc8-8e94-af950d69ebe7,KON-CER-515868,c7ff6c5a-5174-4591-975a-3018f929deb7,KON008,360d621a-c866-4c35-a577-42f63e92c435,,,
Catálogo organizado,387,KON009,,WEDOR,KONSUNG,CERA GRANULADA MIEL 100GR,Ceras depilatorias,IMPORTED,0dd55d9c-cb03-4cc8-8e94-af950d69ebe7,KON-CER-515868,3c04f6d5-5787-45f9-be65-7c0e8700aa5b,KON009,57e28a33-26a1-44e7-9608-5739bc8dd0d0,,,
Catálogo organizado,388,KON006,,MAY,KONSUNG,CERA GRANULADA NEGRO 300GR,Ceras depilatorias,IMPORTED,e958bba4-0ac4-411f-955f-58caa0c75922,KON-CER-6D9B3F,81695ee9-0cd7-4b82-b65e-2b567ab90c1d,KON006,5b469474-3aae-4ead-a5a9-ac6026f40989,,,
Catálogo organizado,389,KON013,,WEDOR,KONSUNG,CERA GRANULADA ROSAS 100GR,Ceras depilatorias,IMPORTED,0dd55d9c-cb03-4cc8-8e94-af950d69ebe7,KON-CER-515868,5dd92754-464f-494a-8efe-b26478bbac23,KON013,9c06adb0-237a-4e1f-88e9-cfc67969368d,,,
Catálogo organizado,390,KON003,,MAY,KONSUNG,CERA GRANULADA ROSAS 200GR,Ceras depilatorias,IMPORTED,0dd55d9c-cb03-4cc8-8e94-af950d69ebe7,KON-CER-515868,c546a7bc-b0d7-4472-a824-ac124ca4cb16,KON003,6970808d-88ad-4a83-900c-2d59fde66783,,,
Catálogo organizado,391,KON007,,MAY,KONSUNG,CERA GRANULADA ROSAS 300GR,Ceras depilatorias,IMPORTED,0dd55d9c-cb03-4cc8-8e94-af950d69ebe7,KON-CER-515868,eb765a6d-ae5a-47ee-a3cb-e89d0ad0c149,KON007,a5f58b0a-42a9-4936-aab3-c610ef0ff197,,,
Catálogo organizado,392,KON014,,WEDOR,KONSUNG,CERA ROLLON ALOE VERA 150GR,Ceras depilatorias,IMPORTED,5ad78a5b-4f2f-46a4-8807-1fddab1984b1,KON-CER-D37D1F,dd760f54-3c2e-4847-b891-15db82973d74,KON014,1a160159-50e1-4f72-85a6-cf0168b6e1b6,,,
Catálogo organizado,393,,,WEDOR,KONSUNG,CERA ROLLON CHOCOLATE 150GR,Ceras depilatorias,IMPORTED,5ad78a5b-4f2f-46a4-8807-1fddab1984b1,KON-CER-D37D1F,c323dc99-3917-4a41-9fd5-b53fcbe11245,KON-CER-D37D1F-7D5BDC,c359dcbc-41cd-4e09-93bb-908a69d09f1b,,,
Catálogo organizado,394,,,WEDOR,KONSUNG,CERA ROLLON FRESAS 150GR,Ceras depilatorias,IMPORTED,43667e35-40a8-491c-abf8-5947b8620f51,KON-CER-1D1A4D,635eec8c-2c0b-4d46-a9ba-558853ebf7c6,KON-CER-1D1A4D-CDB532,6b218222-c517-4dc9-adf3-662bb48262ce,,,
Catálogo organizado,395,,,WEDOR,KONSUNG,CERA ROLLON LAVANDA 150GR,Ceras depilatorias,IMPORTED,5ad78a5b-4f2f-46a4-8807-1fddab1984b1,KON-CER-D37D1F,c6cb3f92-0f17-480d-91ac-3a114767913c,KON-CER-D37D1F-F32E9E,bdbf4643-bbe1-4544-8de9-42ab2f6a8302,,,
Catálogo organizado,396,,,WEDOR,KONSUNG,CERA ROLLON MANZANA 150GR,Ceras depilatorias,IMPORTED,5ad78a5b-4f2f-46a4-8807-1fddab1984b1,KON-CER-D37D1F,dc09728e-40ae-422f-bb13-afe3a13f4a98,KON-CER-D37D1F-E24F16,296ae393-5b0f-4da1-a12c-f7f8f490ee82,,,
Catálogo organizado,397,,,WEDOR,KONSUNG,CERA ROLLON MIEL 150GR,Ceras depilatorias,IMPORTED,5ad78a5b-4f2f-46a4-8807-1fddab1984b1,KON-CER-D37D1F,8483dbbe-4eba-4e94-80cb-329b7c55ee9b,KON-CER-D37D1F-35387F,a7c782cf-47a6-4a27-bb4b-609581f0d587,,,
Catálogo organizado,398,,,WEDOR,KONSUNG,CERA ROLLON MILK 150GR,Ceras depilatorias,IMPORTED,897d1f9e-1bd9-46b2-992f-4376f11d8fa0,KON-CER-D59FB5,c1707d49-16b7-4ba7-a13f-279718958e15,KON-CER-D59FB5-CDB532,c00709bb-0a14-4710-a4fa-327e1a25af6a,,,
Catálogo organizado,399,,,WEDOR,KONSUNG,CERA ROLLON ORANGE 150GR,Ceras depilatorias,IMPORTED,88e6b95a-ca72-4551-8319-2137bc970f14,KON-CER-2944CD,3de4e3ba-139b-47a6-9b45-67a1084bb4e8,KON-CER-2944CD-CDB532,10a64027-78d3-4af9-8dda-b1282eeae708,,,
Catálogo organizado,400,,,WEDOR,KONSUNG,CERA ROLLON ROSAS 150GR,Ceras depilatorias,IMPORTED,5ad78a5b-4f2f-46a4-8807-1fddab1984b1,KON-CER-D37D1F,ca867536-fade-47af-a60b-7bc6244cf045,KON-CER-D37D1F-51CF3D,8ec5a8cb-28f0-4302-a0a4-65b095de68a3,,,
Catálogo organizado,401,,,ROSA SOTO,LANOSTERIN,CERA DEPILATORIA DEPILLINI  X500GR.,Ceras depilatorias,IMPORTED,192ebf99-e816-4622-92a1-b99e2444be4c,LAN-CER-9AFC15,e347d08e-056b-4c41-bd37-52b8ffcb76bb,LAN-CER-9AFC15-UNICA,8664d802-674f-469d-b832-bea00d959c09,,,
Catálogo organizado,402,WAX001,,MAY,WAXKISS,CERA WAXKISS  MIEL  400GR,Ceras depilatorias,IMPORTED,a54c152e-0334-43fc-ae8a-51ea0b20d3af,WAX-CER-D6B82A,5856a27d-f08f-44da-b0d2-34dc11730ff3,WAX001,61e823b4-d178-4a6d-82a3-d1ed35b91248,,,
Catálogo organizado,403,,,ROSA SOTO,DEPILE,CREMA CORP DEPILATORIA X150ML,Cremas depilatorias,IMPORTED,1d476c2f-619e-49ba-aec7-a060fb578029,DEP-CRE-DAAE62,b82f6de9-c704-4ddb-9a1d-9148eb76399b,DEP-CRE-DAAE62-UNICA,27dc965f-b247-473f-9fc5-4a44d498c1ef,,,
Catálogo organizado,404,,,SHIALER,NIÑA BONITA,CREMA DEPILATORIA 100ML TUBO,Cremas depilatorias,IMPORTED,4a1c70a0-2bdf-47b3-88a1-a2a671d73635,NIN-CRE-7165EC,3bab6c67-869d-483e-bc42-d3ffe8cbcfde,NIN-CRE-7165EC-EC676F,b0ea77e2-c249-4e98-b081-b9c1cae77f6f,,,
Catálogo organizado,405,,,SHIALER,NIÑA BONITA,CREMA DEPILATORIA 12g. SACHET,Cremas depilatorias,IMPORTED,ec163291-62e9-4111-a561-a1a278a47aa0,NIN-CRE-FB8030,b304c75a-69b1-4585-ba60-da47e63214aa,NIN-CRE-FB8030-6DF525,822ef96e-e0f3-49b7-8ce7-2a3cc9fc6353,,,
Catálogo organizado,406,KON015,,MAY,KONSUNG,TERMOSTATO,Equipos para cera,IMPORTED,b19956f9-6dae-42b8-933e-5b0b40cfa216,KON-EQU-1E655C,c0bf5634-a156-48c5-a81e-0aaeba95094c,KON015,56d1e771-5bfd-4443-99cf-ff1ce60ff3fd,,,
Catálogo organizado,407,,SHEY-230,MAY,OTROS,TERMOSTATO S/N,Equipos para cera,IMPORTED,c772f49f-45cc-40a7-907d-5c544d7e0cf1,GEN-EQU-51D6E0,f6c7406e-519f-4fd3-8d2a-314bfd414843,GEN-EQU-51D6E0-UNICA,4383fd06-9ab4-4157-bddd-8ee96a20da3f,,,
Catálogo organizado,408,,LS-3,FLORES SHI PUNO,WAX HEATER,OLLITA PARA CERA PROWAX100,Equipos para cera,IMPORTED,9f4a5da9-a862-4b5a-ae95-db884f5573b0,WAX-EQU-AE3DB1,388021a8-cc08-46c9-8178-f7854f9c39f8,WAX-EQU-AE3DB1-UNICA,78ccf985-803d-4a07-8f20-35881b5ea910,,,
Catálogo organizado,409,,SHEY-307,MAY,AIFER,GASA PASTILLAS COMPRIMIDAS X50,"Algodón, gasas y wipes",IMPORTED,3cf75191-a564-43b1-91bd-9e4b370a2e91,AIF-ALG-E8DBF7,5122613b-04e6-41c4-958f-41734c740c91,AIF-ALG-E8DBF7-3D717A,6ef4a53d-1c0a-4bd5-a9cf-f95a69ac6d20,,,
Catálogo organizado,410,,,MAY,CKF,ALGODÓN DISCO X120UND,"Algodón, gasas y wipes",IMPORTED,293931d1-5185-4801-b5ae-f34bbdcf4957,CKF-ALG-B0D66A,fd93fe30-8d66-408c-861c-558c0a334b20,CKF-ALG-B0D66A-CA1F76,a52ff9f7-f99f-4dce-9a5a-a3f0621a4323,,,
Catálogo organizado,411,CKF002,,MAY,CKF,ALGODÓN DISCO X70UND,"Algodón, gasas y wipes",IMPORTED,293931d1-5185-4801-b5ae-f34bbdcf4957,CKF-ALG-B0D66A,43a377fc-bf79-4dce-b809-55aa3fc3a64a,CKF002,40891ddf-50d5-4489-98f4-0440504feaef,,,
Catálogo organizado,412,,SS-548,CHINO PUNO,GN&HM,WIPE SIN PELUSA EN ROLLO CHICO,"Algodón, gasas y wipes",IMPORTED,cef9b052-503b-45d9-8e97-46715f8eefa9,GNH-ALG-FFDCFC,448c77bf-b721-435d-a158-e30f570b678a,GNH-ALG-FFDCFC-UNICA,a5957d5c-32a9-41eb-9826-834da836b914,,,
Catálogo organizado,413,,SS-549,CHINO PUNO,GN&HM,WIPE SIN PELUSA EN ROLLO GRANDE,"Algodón, gasas y wipes",IMPORTED,dd7f0590-4151-4eee-b62f-35927ec0ed20,GNH-ALG-208148,702b0c35-ec4e-4df5-9fcd-06ac7bb1c5b7,GNH-ALG-208148-UNICA,082b6fc8-9d41-41d4-a496-71a701c89df4,,,
Catálogo organizado,414,OTR027,,MAY,OTROS,GASA FACIAL OSITO,"Algodón, gasas y wipes",IMPORTED,c24a0475-9843-4a29-876a-eb4eb09863a8,GEN-ALG-7B530B,870c04f9-60f4-4101-b5b7-2815d7d89d87,OTR027,1f0e15a5-0351-40e7-93a1-95e291068462,,,
Catálogo organizado,415,OTR221,SS-241,CHINO PUNO,OTROS,GASA SIN PELUSA FRASCO,"Algodón, gasas y wipes",IMPORTED,dd0832c4-60dd-40f2-bd00-0ebec97fa4a3,GEN-ALG-0ED911,0f3344e4-eff5-433c-87d4-3422d5decdcd,OTR221,2c8ae8a4-7b82-4278-ac73-dba37a60c253,,,
Catálogo organizado,416,OTR120,,MAY,OTROS,GASA SIN PELUSA P/UÑA BLANCO,"Algodón, gasas y wipes",IMPORTED,8f7b26c6-3ec2-4fec-b72c-2c4fa7dc1e00,GEN-ALG-8BAF43,d5d0b135-83dd-46c1-9093-a9a5c9a8b872,OTR120,40cd5334-7a1d-4ce4-8d1f-0560741f19cb,,,
Catálogo organizado,417,OTR121,,MAY,OTROS,GASA SIN PELUSA P/UÑA PASTELES,"Algodón, gasas y wipes",IMPORTED,8d808f71-0f92-4506-ae3b-a0f91d7a57dc,GEN-ALG-62DC88,3d543a22-d3e1-4819-b810-8f674c5ea525,OTR121,64fbc7be-9528-4b8f-84e0-84178c84d226,,,
Catálogo organizado,418,,SS-476,CHINO PUNO,OTROS,PALITO C/DOBLE PUNTA ALGODÓN,"Algodón, gasas y wipes",IMPORTED,9d77e72d-440b-470d-98b2-d8c5f7ab3dce,GEN-ALG-3D171A,30c1d87c-7268-45a8-98a4-b870a0374a72,GEN-ALG-3D171A-UNICA,3f24f1ba-1a8a-4f1f-af55-d890b794cc8d,,,
Catálogo organizado,419,OTR118,,MAY,OTROS,PALITO C/PUNTA ALGODÓN,"Algodón, gasas y wipes",IMPORTED,8ad01b07-b2a3-43fb-80d2-ab010a74341c,GEN-ALG-8D7D7B,8acbcbfd-7aa4-4f16-8d74-b45208cbd60c,OTR118,dd867730-e226-483d-a8a7-2e911c92d93b,,,
Catálogo organizado,420,,TO-33,REVEL,OTROS,PAPELITO ABSORBENTE X100,"Algodón, gasas y wipes",IMPORTED,408c1f8a-afd3-4800-b7c3-a2f2116faf00,GEN-ALG-CD1488,c410392f-964f-4da3-9324-4c6da078dc8e,GEN-ALG-CD1488-6D8836,a5407f6f-5fcb-4129-9fd5-5f9bbae70049,,,
Catálogo organizado,421,,,MAY,OTROS,CAMPO DESECHABLE HELLO KITTY,"Campos, toallas y desechables",IMPORTED,c5cb6e07-d6f9-418f-9af5-005631786bc4,GEN-TOA-C2575C,9a94b514-bd36-4ec0-bb41-89f17e194243,GEN-TOA-C2575C-UNICA,b441f9a4-a641-4514-b326-1bb8fde0b1ca,,,
Catálogo organizado,422,,,MAY,OTROS,CAMPO DESECHABLE HELLO KITTY PLOMO,"Campos, toallas y desechables",IMPORTED,75141bad-82c6-4969-ac21-2954e7f57381,GEN-TOA-6FBF5B,3448c7e4-b61a-416d-8c12-3cba001daa61,GEN-TOA-6FBF5B-UNICA,0040057a-0abb-4279-a23e-f8dd253ed92b,,,
Catálogo organizado,423,OTR037,,MAY,OTROS,CAMPO DESECHABLE ROSADO,"Campos, toallas y desechables",IMPORTED,0cd7f348-7c6c-423f-9e67-c8d9c8186a34,GEN-TOA-DFD4E7,19d50c70-0663-445b-8842-9fa89723f0a5,OTR037,82e21294-a106-4de5-b47e-292526efea07,,,
Catálogo organizado,424,OTR055,,MAY,OTROS,SANDALIAS DESECHABLES X12PAR,"Campos, toallas y desechables",IMPORTED,7ca36571-9e70-4dfa-9e73-4cd407674a4c,GEN-TOA-42480E,98f518f9-c717-43f2-8f80-506502403158,OTR055,856d9e6c-357a-4a16-87b5-c6ad1033c2d8,,,
Catálogo organizado,425,,,MAY,OTROS,TOALLA CHICO BLANCO,"Campos, toallas y desechables",IMPORTED,b7c2937e-b140-4e83-9822-d6c85c99d81d,GEN-TOA-EB1DC8,0bb978bd-5185-4dab-beb7-bceb1fee63e7,GEN-TOA-EB1DC8-5048B7,d992b449-4a17-4195-84b7-e345fce1322c,,,
Catálogo organizado,426,,,MAY,OTROS,TOALLA CHICO NEGRO,"Campos, toallas y desechables",IMPORTED,b7c2937e-b140-4e83-9822-d6c85c99d81d,GEN-TOA-EB1DC8,cac915a8-0a55-4c9e-8780-c1c02238bee9,GEN-TOA-EB1DC8-D73211,f14bb1f2-9cae-4285-965e-808d04dac36e,,,
Catálogo organizado,427,,,MAY,OTROS,TOALLA GRANDE BLANCO,"Campos, toallas y desechables",IMPORTED,94b2e469-3be0-40b3-8b00-09d12a0f3dc5,GEN-TOA-4CBD1B,2db02958-b4e2-4932-b198-987b23e765b1,GEN-TOA-4CBD1B-5048B7,fff82e52-84cf-4950-8a9d-3821408c3524,,,
Catálogo organizado,428,,,MAY,OTROS,TOALLA GRANDE NEGRO,"Campos, toallas y desechables",IMPORTED,94b2e469-3be0-40b3-8b00-09d12a0f3dc5,GEN-TOA-4CBD1B,76fd6772-1331-4db8-a0c7-bbc48150ad50,GEN-TOA-4CBD1B-D73211,0463a544-6160-4afc-bde1-0ac975b170c7,,,
Catálogo organizado,429,,,MAY,OTROS,ATOMIZADOR 60ML,Dispensadores y recipientes generales,IMPORTED,49ba4023-f4cc-48d7-a122-63d1263fa8c8,GEN-DIS-BA186C,66e82f95-b760-4a14-8b22-3950e1bb13fd,GEN-DIS-BA186C-AAC0E7,1242db3a-ea4f-47cf-8fd0-d7aff045b29a,,,
Catálogo organizado,430,ABD001,,MAY,ABD,GUANTES NITRILO NEGRO L,Guantes y protección,IMPORTED,77838a8d-5457-46a4-b993-9d15b2d9585f,ABD-GUA-953BB9,e8efd940-2de1-4ddd-b940-a4147430dfaa,ABD001,a25da979-2bc9-4e85-8fd7-3d74db7ac567,,,
Catálogo organizado,431,ABD003,,MAY,ABD,GUANTES VINILO TRANS M,Guantes y protección,IMPORTED,9af7162c-b08b-4db7-9fba-39d9ffce5f4f,ABD-GUA-44A556,9eebafed-82d0-411b-ac27-46e357309cfd,ABD003,1cbb1643-5e9c-46fa-a214-02af2ef155a8,,,
Catálogo organizado,432,ABD002,,MAY,ABD,GUANTES VINILO TRANS S,Guantes y protección,IMPORTED,9af7162c-b08b-4db7-9fba-39d9ffce5f4f,ABD-GUA-44A556,278e8efc-db39-41eb-b1ff-02f4cea263f9,ABD002,7573fa29-14f7-4f4f-a2fd-19ceea07776f,,,
Catálogo organizado,433,ELI001,,MAY,ELIUD GLOVE,GUANTES NITRILO NEGRO S,Guantes y protección,IMPORTED,c6c7c45c-b5ff-44c0-93c9-b1d44a620f29,ELI-GUA-41E21D,1627de60-e23a-483e-bd37-8fcb4de75a5d,ELI001,5951b196-aacb-40fb-abfb-e1d793ea096a,,,
Catálogo organizado,434,ISU002,,MAY,ISUDAMERICA,GUANTES NITRILO ROSADO M,Guantes y protección,IMPORTED,8347e7b6-b3a3-4449-b6f7-ecb5a2958367,ISU-GUA-95E40F,5de91e00-834b-4dc9-8e59-561a227885e2,ISU002,f7cda4cd-ba84-451c-b61d-cd14274277d2,,,
Catálogo organizado,435,ISU001,,MAY,ISUDAMERICA,GUANTES NITRILO ROSADO S,Guantes y protección,IMPORTED,8347e7b6-b3a3-4449-b6f7-ecb5a2958367,ISU-GUA-95E40F,94b60c60-659f-420b-8bf4-d8db1c778e2d,ISU001,d1fba393-6554-4c8e-b1af-f2cc8beb28e4,,,
Catálogo organizado,436,MAK001,,MAY,MAKETTO,GUANTES LATEX BLANCO M,Guantes y protección,IMPORTED,69db97c5-d3e8-4b30-8017-b6cbe5c61856,MAK-GUA-237023,5199222d-29f0-478d-9955-e6697cf209d4,MAK001,3e2409c5-9d62-4324-bcdb-ffee7c38301b,,,
Catálogo organizado,437,MAK002,,MAY,MAKETTO,GUANTES VINILO TRANS M,Guantes y protección,IMPORTED,39a1c2c0-b5e8-42c0-ac11-302208d0d85f,MAK-GUA-66091B,c59103f4-f2f9-4998-a186-e5b5e6825f87,MAK002,435ba13c-f2e1-4b69-9704-ca2fa545ed6c,,,
Catálogo organizado,438,MED002,,MAY,MEDIVET,GUANTES LATEX BLANCO L,Guantes y protección,IMPORTED,99cc938a-dab6-445a-9fc5-5c40b544e7e0,MED-GUA-5DAFFE,e492eef6-9bb8-4ef3-8b8e-4d9935a4d4d5,MED002,373bcbe0-06e6-4b15-827f-110d1d216e27,,,
Catálogo organizado,439,MED001,,MAY,MEDIVET,GUANTES LATEX BLANCO S,Guantes y protección,IMPORTED,99cc938a-dab6-445a-9fc5-5c40b544e7e0,MED-GUA-5DAFFE,45277cdb-a273-4ba0-928f-986af8b974a2,MED001,12af6e88-42cc-465e-8ca7-8d39df8d7d84,,,
Catálogo organizado,440,,2411-071,MAJU,OTROS,GUANTES PARA LAMPARA UV,Guantes y protección,IMPORTED,65a260ac-4e13-44ae-b160-564ae8debfd3,GEN-GUA-C21AD2,bd491054-8cb1-41d6-be69-57db7a4088e1,GEN-GUA-C21AD2-UNICA,13c38d66-219f-401c-976a-31378c861cc6,,,
Catálogo organizado,441,,SHEY-247,MAY,,ESTERILIZADOR MEDIANO,Sanitización y esterilización,IMPORTED,2bb03d93-f0c2-4628-8341-e8517c6978d0,GEN-SAN-B9FC04,a755b6e1-9c24-46c8-bd15-e035143f0237,GEN-SAN-B9FC04-UNICA,831780a3-1e12-4ceb-bd02-a43dda0d52f0,,,
Catálogo organizado,442,CHE005,,MAY,CHERIMOYA,SANITIZANTE 150ML,Sanitización y esterilización,IMPORTED,32ec5886-6df4-46ea-b58c-f48a1c976393,CHE-SAN-05D6B3,81d2ec83-b060-4312-aeab-d4da5f3419d9,CHE005,7f8564ce-5b55-4984-b1ab-cc880d4dbc71,,,
Catálogo organizado,443,,MT-101,NATYBELL,DESK LAMP,LAMPARA DE LUZ PARA MESA,Lámparas de mesa e iluminación,IMPORTED,56bb4692-8abc-4d59-abb3-840acdc320b7,DES-LAM-BD3C1F,57dda9b2-cdf8-4a85-9f05-c5ad7791cada,DES-LAM-BD3C1F-UNICA,c4d5d3e5-f1a7-49d8-946f-c6ea3a8736b3,,,
Catálogo organizado,444,,,KELMAR PUNO,DESK LAMP,LAMPARA DE LUZ PARA MESA CHICO,Lámparas de mesa e iluminación,IMPORTED,5baa3a79-d885-43b4-ac2e-d7fc812f63e5,DES-LAM-5AEA53,3f65c81a-67ef-4cd8-b6a1-b2f3429984ff,DES-LAM-5AEA53-UNICA,34781b4b-7467-4709-8699-437a02e66a3f,,,
Catálogo organizado,445,,,KELMAR PUNO,DESK LAMP,LAMPARA DE LUZ PARA MESA GRANDE,Lámparas de mesa e iluminación,IMPORTED,3cd3f7b8-27d4-4827-9c8b-79633f013acf,DES-LAM-9B9683,470f0e7d-37a7-4a60-a517-888884789e9c,DES-LAM-9B9683-UNICA,a271d367-cf43-4e4e-8955-99d84421cc64,,,
Catálogo organizado,446,,,BCY TRADICION 3ER PISO,OTROS,LAMPARA MEDIA LUNA DE MESA C/PEDRERIA GRANDE,Lámparas de mesa e iluminación,IMPORTED,aa1ba579-d286-4f3d-8e41-a0d16a61e829,GEN-LAM-ACBEA8,7cac73bc-89ea-40dc-bce0-712b4d75b5e0,GEN-LAM-ACBEA8-UNICA,4cadf2b3-8082-4549-9061-e9c3a1b4fa71,,,
Catálogo organizado,447,,,MAY,OTROS,ESTUCHE SUELTO PORTATIJERAS,"Maletines, neceseres y mochilas",IMPORTED,f23d773c-9bc1-4bfc-b3e4-97de81085645,GEN-MAL-C3FE2E,9aaf80a9-3c9b-4dbe-ad7f-7e1510fd7b30,GEN-MAL-C3FE2E-UNICA,ae193e63-3a67-4f62-aa65-ef8615835abc,,,
Catálogo organizado,448,ZIN001,S/C,ZINGER,OTROS,MALETA CHICA MARMOLEADO ENTERO,"Maletines, neceseres y mochilas",IMPORTED,4520349c-d923-41d4-ba8e-f09410802682,GEN-MAL-A99050,55546178-23ca-4267-be51-2f9638b1671b,ZIN001,84657071-837e-4de7-add9-e7f6d762c46a,,,
Catálogo organizado,449,ZIN002,ADH153,ZINGER,OTROS,MALETA MEDIANA MARMOLEADO C/ROSA,"Maletines, neceseres y mochilas",IMPORTED,bc1e7038-4094-4215-965b-8286eb97b95a,GEN-MAL-8106BF,2b9aff19-5063-407e-ad1e-998586146e75,ZIN002,f11b8c07-eff4-4471-9dd9-ad92f65a4307,,,
Catálogo organizado,450,,,EDW REMAT,OTROS,MOCHILA AMERICAN BARBER NEGRO,"Maletines, neceseres y mochilas",IMPORTED,43b59174-9246-47e0-935c-096944c98dd9,GEN-MAL-D5DFC5,02a2c564-deba-4579-bb66-a3f561efe770,GEN-MAL-D5DFC5-D73211,ed2e68c5-b993-495b-9836-7e7bb5f54ed1,,,
Catálogo organizado,451,OTR158,DD6294V,AJI,OTROS,NECESER DE VIAJE GRAN. LONCHERA 2NIVEL,"Maletines, neceseres y mochilas",IMPORTED,e81b834a-b950-4320-8ee7-c5aec06df6ee,GEN-MAL-5494F1,e97f1adf-a0e5-4cb0-9ae1-632e3fd4af97,OTR158,f42e6052-1486-4b78-b97d-e4e6c793e221,,,
Catálogo organizado,452,OTR157,DD310020V,AJI,OTROS,NECESER DE VIAJE MED. GANCHO METAL DOR.,"Maletines, neceseres y mochilas",IMPORTED,5c5f6a25-ab61-4a1f-acf1-090b0833e6eb,GEN-MAL-2E9789,07678db2-451b-4e90-b655-a4aff8b72641,OTR157,026cc64a-3b77-4264-8739-65b24ae1fe78,,,
Catálogo organizado,453,OTR156,DD310277V,AJI,OTROS,NECESER DE VIAJE MED. GANCHO PLASTICO,"Maletines, neceseres y mochilas",IMPORTED,b4838949-2f8d-4da1-8f9d-6e50dc955fe4,GEN-MAL-B310AA,6cd7200c-1f77-482d-bbc9-02fd5a39060e,OTR156,b45ad3f3-dd8c-4ffe-9939-8adef26dcce2,,,
Catálogo organizado,454,OTR155,DD310287V,AJI,OTROS,NECESER DE VIAJE PEQUEÑO,"Maletines, neceseres y mochilas",IMPORTED,1ca8cdd4-a111-479b-b95a-d93084ffdaf7,GEN-MAL-1507A6,e689604f-7b81-4442-be43-a6f8c5c37906,OTR155,20ed37d1-332a-4e6a-b681-a9352238c42c,,,
Catálogo organizado,455,,,SHIALER,OTROS,SET VIAJERO CARTUCHERA X5,"Maletines, neceseres y mochilas",IMPORTED,9d44e734-9858-467b-a709-2664e509d2c8,GEN-MAL-B790B8,2bd9f372-82dd-4364-bc8f-7096a2e9cf94,GEN-MAL-B790B8-440F22,9de8c260-6d77-4fd2-b8cc-39ff556c483f,,,
Catálogo organizado,456,,3I0528,AJI,OTROS,SET VIAJERO CREMEROS X3,"Maletines, neceseres y mochilas",IMPORTED,2768536a-1631-4c84-b11f-f9338df93624,GEN-MAL-907583,42c0d807-a9ec-48cd-a165-94e114f4529e,GEN-MAL-907583-73AEAF,aa26f0b3-9d7b-4ec6-b3e6-c83a5563806f,,,
Catálogo organizado,457,,CEL-926,REVEL,REVE'L,NECESER 3EN1,"Maletines, neceseres y mochilas",IMPORTED,7ca4567e-d388-4638-aed0-b323add1fda0,REV-MAL-F0FE59,2047a679-ac2d-4547-aa76-a7cc9e46eed8,REV-MAL-F0FE59-UNICA,56003a64-181b-4f1e-8cf3-d7217acf8424,,,
Catálogo organizado,458,,501221,REVEL,REVE'L,NECESER BURBERRY,"Maletines, neceseres y mochilas",IMPORTED,6f8ce860-1cd0-4973-b7ae-5306160bfecb,REV-MAL-9D9CE6,0f1e4073-2255-4171-8cd1-b70109da40dd,REV-MAL-9D9CE6-UNICA,f4c4697e-1404-4e20-934a-b5d97f282d96,,,
Catálogo organizado,459,,LA-650,REVEL,REVE'L,NECESER CORDUROY,"Maletines, neceseres y mochilas",IMPORTED,b006de99-c1f6-418b-a6b5-8acdb593240b,REV-MAL-00E7F1,bf50154c-f766-454e-a082-9ec5d513d454,REV-MAL-00E7F1-UNICA,b421ca69-bc89-4f04-b963-34af4b694494,,,
Catálogo organizado,460,,CEL-924,REVEL,REVE'L,NECESER LENTEJUELAS,"Maletines, neceseres y mochilas",IMPORTED,26afbb50-d044-4250-9429-4d0e5bdd9efb,REV-MAL-366120,4a849837-d9f6-429f-9406-6470e1a510e0,REV-MAL-366120-UNICA,2a1ab7e3-0032-4529-bb4e-f11f71b171b5,,,
Catálogo organizado,461,OTR034,,MAY,OTROS,CAJA INSTRUMENTAL CHICO,Organizadores y carros auxiliares,IMPORTED,5e14b899-9e57-44e2-8edf-dafbdaf4ae6a,GEN-ORG-54D7BE,5eb3c8d8-e772-4dd9-9121-99ffa4558dd7,OTR034,89906957-aacd-4fca-ae23-eead00099cee,,,
Catálogo organizado,462,OTR035,,MAY,OTROS,CAJA INSTRUMENTAL GRANDE,Organizadores y carros auxiliares,IMPORTED,5a08ffed-f73b-497f-8674-6fed349a480a,GEN-ORG-7B3583,1400b6cf-b135-49e6-9a77-3ce542c84719,OTR035,d8617f15-5e78-4c2c-8b3d-edf16188d04e,,,
Catálogo organizado,463,,,TOTALES CUZCO,OTROS,CARRITOS AUXILIARES METAL 3NIVEL,Organizadores y carros auxiliares,IMPORTED,3c3ebad2-6a19-48f8-aa5f-2ce8e1d566dd,GEN-ORG-04573D,ecddaaf8-e611-433c-8c66-f4a0f39ead95,GEN-ORG-04573D-UNICA,fbdc24f3-bf08-4b53-b610-0395e6284f4c,,,
Catálogo organizado,464,OTR144,,AJI,OTROS,ORGANIZADOR D/MAQ. 2EN1 ROTACION 360·,Organizadores y carros auxiliares,IMPORTED,b00a1632-baad-4970-b71d-a7ab18db3f77,GEN-ORG-F333D8,dbb9b8f4-4619-4f52-810f-fad02a6241f5,OTR144,297d5684-d869-48fe-a353-f3fbcaf17ab8,,,
Catálogo organizado,465,OTR147,AJ3899V,AJI,OTROS,ORGANIZADOR D/MAQ. 2NIVEL 8036,Organizadores y carros auxiliares,IMPORTED,acee4b38-22bd-446d-bfb3-8ac53b2269f8,GEN-ORG-86566E,e38ddcdd-6594-4d25-a8f4-0cc79e2ff960,OTR147,db3a584f-09f6-44b5-9fa0-9efc098240c7,,,
Catálogo organizado,466,OTR146,DD3888V,AJI,OTROS,ORGANIZADOR D/MAQ. 3NIVEL 8016,Organizadores y carros auxiliares,IMPORTED,7b38710d-2f15-46b5-8680-8f6b8985e7a6,GEN-ORG-F9B008,a8bfca05-57ad-4c26-8785-c42c7dd5d892,OTR146,7dc2ad36-dbf0-4e41-a5de-2ceb4492de05,,,
Catálogo organizado,467,OTR150,AJ4277V,AJI,OTROS,ORGANIZADOR D/MAQ. 3NIVEL 8051,Organizadores y carros auxiliares,IMPORTED,db5495b1-913f-4f66-94fd-fc28a4e0dcdc,GEN-ORG-BFB791,3d132e3e-6476-48ed-8ede-f2ea1395a456,OTR150,85f49871-eda2-4bb3-8b52-6b976c6ceb64,,,
Catálogo organizado,468,OTR151,AJ4278V,AJI,OTROS,ORGANIZADOR D/MAQ. 3NIVEL 8052,Organizadores y carros auxiliares,IMPORTED,c3db9079-3a80-4929-9436-9d40783feccc,GEN-ORG-5ACDFE,ddd20619-b562-46b9-ae19-369a251f9e30,OTR151,d8811f34-c17a-4e44-82a2-c1737906db62,,,
Catálogo organizado,469,OTR145,,AJI,OTROS,ORGANIZADOR D/MAQ. 4 CAJAS - 6709,Organizadores y carros auxiliares,IMPORTED,955aac38-45cc-45bd-8cb0-e69c8ccaffca,GEN-ORG-37DD1D,2d5fb4a0-4395-4437-b249-dcb449e7e848,OTR145,db7fa4ea-c0bb-4a03-be4d-c79eaaa146d8,,,
Catálogo organizado,470,OTR149,AJ3883V,AJI,OTROS,ORGANIZADOR D/MAQ. BROCHAS,Organizadores y carros auxiliares,IMPORTED,a55d6759-f18c-4fc2-9855-115a1d915466,GEN-ORG-D74C13,77b992ad-3789-438a-b373-dfa78adf75d9,OTR149,ca6ee9d1-454b-41d5-97ba-d52d1d33ce88,,,
Catálogo organizado,471,OTR148,S/N,AJI,OTROS,ORGANIZADOR D/MAQ. CORAZON,Organizadores y carros auxiliares,IMPORTED,bb5cd38a-9442-424d-8fbd-2ba8b23eb38b,GEN-ORG-4BB9CE,ad6a4ae7-eeb8-4137-8bd6-fb844b1f05a9,OTR148,01a56652-96a2-4383-82fd-215babeddcc0,,,
Catálogo organizado,472,,LS-435,RONGQIAN,OTROS,ORGANIZADOR DE BROCHAS GIRATORIO,Organizadores y carros auxiliares,IMPORTED,3c6b1b68-e2e7-4122-af2c-34477b9239a3,GEN-ORG-9E7B8D,34379777-b8b4-4cea-9df6-c43400ffae70,GEN-ORG-9E7B8D-UNICA,77ea3f8a-1bdf-49d9-b947-d8a8a6b1c1f8,,,
Catálogo organizado,473,,,MAY,OTROS,TAPETE PLASTICO NEGRO,Organizadores y carros auxiliares,IMPORTED,25abd484-a898-4e92-a6fa-ae492474960e,GEN-ORG-5E2D02,343c4399-aa37-4dae-8e83-ae8e7fb2fdf3,GEN-ORG-5E2D02-D73211,cdebb461-8b80-4664-9a90-2a2fca54a9d4,,,
Catálogo organizado,474,,,MAY,,FIGARO ROSADO,Revisión manual,EXCLUDED_CONFIRMED,,,,,,exclude,family_unmapped,"Descripción «FIGARO ROSADO» insuficiente para determinar familia/artículo sin conocimiento del negocio. Excluida explícitamente (no bajo «pendiente»); reincorporable con mejor fuente."
Catálogo organizado,475,,,MAY,ADELAS,PCI,Revisión manual,EXCLUDED_CONFIRMED,,,,,,exclude,family_unmapped,"Descripción «PCI» insuficiente para determinar familia/artículo sin conocimiento del negocio. Excluida explícitamente (no bajo «pendiente»); reincorporable con mejor fuente."
Catálogo organizado,476,,,MAY,GOLLE,PEGAMENTO GOLLE,Revisión manual,IMPORTED,694dc290-cd28-4429-b11e-1b62afa9da5c,GOL-SOF-BE932C,753a5544-6789-46fb-8ce5-f609d385a668,GOL-SOF-BE932C-UNICA,aa30fdba-8484-4308-b7f1-114a7de61802,reclassify,family_unmapped,"PEGAMENTO GOLLE es adhesivo para uñas; se clasifica en su familia real y se importa."
Catálogo organizado,477,,,WEDOR,KONSUNG,,Revisión manual,EXCLUDED_CONFIRMED,,,,,,exclude,"family_unmapped;empty_description","Fila sin descripción: no existe artículo describible que importar. Excluida explícitamente; reincorporable si aparece la fuente."
Catálogo organizado,478,,,MAY,LUXOR,JUMBO,Revisión manual,EXCLUDED_CONFIRMED,,,,,,exclude,family_unmapped,"Descripción «JUMBO» insuficiente para determinar familia/artículo sin conocimiento del negocio. Excluida explícitamente (no bajo «pendiente»); reincorporable con mejor fuente."
Catálogo organizado,479,OTR103,,MAY,OTROS,BLEDO UNICORNIO,Revisión manual,EXCLUDED_CONFIRMED,,,,,,exclude,family_unmapped,"Descripción «BLEDO UNICORNIO» insuficiente para determinar familia/artículo sin conocimiento del negocio. Excluida explícitamente (no bajo «pendiente»); reincorporable con mejor fuente."
Catálogo organizado,480,,,BEIFA,BEIFA,EXFOLIANTE CORPORAL 350gr.,"Cuidado corporal, manos y pies",IMPORTED,bae1518d-9bae-4415-a1d6-3500dac98f5b,BEI-CUI-AD95C6,f1466e11-de69-4fdd-b5d9-a75904f0b1d8,BEI-CUI-AD95C6-3762F9,0279e2fa-2a3c-4b7a-bd89-811e8b22864a,,,
Catálogo organizado,481,,LA-106,REVEL,BELLESPA,COLONIAS BODY MIST,"Cuidado corporal, manos y pies",IMPORTED,b5d30949-5533-40b5-80ac-f98b124e6e6a,BEL-CUI-6ECFD1,44c70d64-8877-4f43-81de-4c7eb99274bc,BEL-CUI-6ECFD1-UNICA,effca383-9d64-4af3-ae22-745bf155ab9b,,,
Catálogo organizado,482,COS002,,MAY,COSNATURE,PARAFINA DE PIE,"Cuidado corporal, manos y pies",IMPORTED,ccce0b1a-c336-493e-a4d8-d5a87e5baec0,COS-CUI-B7132F,14896bc2-6175-42ca-a97f-00d1f6ba4f9b,COS002,6e63704c-484e-4b34-8004-02307cb3baf1,,,
Catálogo organizado,483,INT004,,MAY,INTIMATE,ACEITE DE BEBE 12OZ,"Cuidado corporal, manos y pies",IMPORTED,55478d63-c71f-4a51-b3e3-380c30972953,INT-CUI-8AFE5B,c16b6c61-5d5a-45d1-893f-856c10ec76df,INT004,df6217f2-4542-4dea-a734-8405ed3d4094,,,
Catálogo organizado,484,INT002,,MAY,INTIMATE,CREMA HUMECTANTE MELON,"Cuidado corporal, manos y pies",IMPORTED,2d8d264c-7139-4cee-a3e7-674da96a5f43,INT-CUI-1BB390,66b54a95-8da6-47fd-88b7-547022504d4a,INT002,d9cbbf5c-26a3-43fd-b629-e6c6627012cf,,,
Catálogo organizado,485,INT001,,MAY,INTIMATE,CREMA HUMECTANTE PALTA,"Cuidado corporal, manos y pies",IMPORTED,2d8d264c-7139-4cee-a3e7-674da96a5f43,INT-CUI-1BB390,e60e2900-6582-4e1b-a72a-fc7ffd827138,INT001,0dbf8534-6649-44cf-a0ed-8ed3f48fddef,,,
Catálogo organizado,486,INT003,,MAY,INTIMATE,CREMA HUMECTNTE ALOE VERA,"Cuidado corporal, manos y pies",IMPORTED,d2a35602-2eb3-4930-8025-a4d89652c690,INT-CUI-2E4316,ae64433f-a0d0-4646-a82e-7574376ade6c,INT003,35778876-30f8-4e05-8245-dc4e9435114f,,,
Catálogo organizado,487,INT005,,MAY,INTIMATE,TALCO GRANDE 22OZ,"Cuidado corporal, manos y pies",IMPORTED,1093e081-3e7a-44f5-91ab-5c42e4cf81f7,INT-CUI-3814C5,70ca8197-e3b6-4052-a54a-5d6366dbe6d9,INT005,e5b4ae64-7ffc-421e-ae2d-e98e63c65894,,,
Catálogo organizado,488,LAB002,,MAY,LABYS,BOMBA EFERVESENTE BOLSA,"Cuidado corporal, manos y pies",IMPORTED,ed8eccb3-f339-4e5c-9b98-b96112436ed8,LAB-CUI-A84215,31a3d9e9-a51e-4f3b-af6e-e31005650918,LAB002,42d1d2f0-378f-4f48-8da1-6b900aeee9b1,,,
Catálogo organizado,489,LAB001,,MAY,LABYS,BOMBA EFERVESENTE POTE,"Cuidado corporal, manos y pies",IMPORTED,4a354a67-23d6-4c0f-aa99-f81bfbb62de4,LAB-CUI-9D0BC4,9f16689c-861b-4097-8a80-5a7f05df2c2c,LAB001,cdfdb016-36c0-4b38-bcf2-c4559282acd2,,,
Catálogo organizado,490,MYS001,,MYSTYLE,MYSTYLE,EXFOLIANTE CORPORAL BLACKBERRY 500gr.,"Cuidado corporal, manos y pies",IMPORTED,6e9793f4-5b6f-4587-9362-4f074baa8e77,MYS-CUI-2D4165,b5c057c7-d900-436d-b044-f4442f0485bd,MYS001,d0ed6c3e-f5cd-4b13-af0e-83a329fbce17,,,
Catálogo organizado,491,,,MYSTYLE,MYSTYLE,EXFOLIANTE CORPORAL CAFÉ 500gr.,"Cuidado corporal, manos y pies",IMPORTED,f8250136-1af1-470a-919f-de60096eacdb,MYS-CUI-510B44,02cea6c9-153e-4d90-a07f-5e4d2b2e7bfb,MYS-CUI-510B44-6C554D,43c8b5ad-683b-460f-93da-1ef0b6e02c84,,,
Catálogo organizado,492,,,MYSTYLE,MYSTYLE,EXFOLIANTE CORPORAL COCO 500gr.,"Cuidado corporal, manos y pies",IMPORTED,f8250136-1af1-470a-919f-de60096eacdb,MYS-CUI-510B44,82786c7c-6a68-479a-bc7b-0513173df850,MYS-CUI-510B44-EA18CD,edf78d8e-4d14-45f7-a3bc-12ce13fc4805,,,
Catálogo organizado,493,,,MYSTYLE,MYSTYLE,EXFOLIANTE CORPORAL DURAZNO 500gr.,"Cuidado corporal, manos y pies",IMPORTED,f8250136-1af1-470a-919f-de60096eacdb,MYS-CUI-510B44,c003e082-24da-476b-b713-fac3b04e0389,MYS-CUI-510B44-38832C,6d82f004-856b-4725-ad72-dffb64bb0642,,,
Catálogo organizado,494,,,MYSTYLE,MYSTYLE,EXFOLIANTE CORPORAL FRESA 500gr.,"Cuidado corporal, manos y pies",IMPORTED,f8250136-1af1-470a-919f-de60096eacdb,MYS-CUI-510B44,b769b5ae-9260-46ab-81f2-af7794913a2f,MYS-CUI-510B44-9AEF3F,5d5d7f31-9d0e-438d-bd25-36d8ccab8537,,,
Catálogo organizado,495,,,MYSTYLE,MYSTYLE,EXFOLIANTE CORPORAL ROSAS 500gr.,"Cuidado corporal, manos y pies",IMPORTED,f8250136-1af1-470a-919f-de60096eacdb,MYS-CUI-510B44,4fae3bab-6fab-4044-a3ce-6f3fa0a11b45,MYS-CUI-510B44-914047,a76bf89d-9b13-4f2d-939a-dd914b58c8e8,,,
Catálogo organizado,496,,,MYSTYLE,MYSTYLE,JELLY SPA PIE 400GR. LAVANDA,"Cuidado corporal, manos y pies",IMPORTED,99e3f4ca-2490-4a0d-a611-1c76045c3426,MYS-CUI-32ACEB,51d68b3b-bc23-4d9f-b5f3-4b028d856a25,MYS-CUI-32ACEB-C992D2,797cd270-e808-4d37-bf47-5dba9bd97a7a,,,
Catálogo organizado,497,,,MYSTYLE,MYSTYLE,SALES MINERALES 400GR. CITRUS,"Cuidado corporal, manos y pies",IMPORTED,e7aa5061-77d2-44a5-9856-721a3326e59b,MYS-CUI-31BD36,531f32aa-3df6-403c-b2bc-6ee8766659e6,MYS-CUI-31BD36-ED5B3D,fcc60841-6e6b-4f50-8eaf-e0231fed0207,,,
Catálogo organizado,498,,,MYSTYLE,MYSTYLE,SALES MINERALES 400GR. LAVANDA,"Cuidado corporal, manos y pies",IMPORTED,c55a8ad1-d5f0-4c81-b8d9-e82dab84f565,MYS-CUI-FEE21C,381793f6-030e-44b3-9a4a-0af424eafe15,MYS-CUI-FEE21C-C992D2,82b1890f-14fd-445f-af94-6330cf47c07a,,,
Catálogo organizado,499,,,MYSTYLE,MYSTYLE,SALES MINERALES 400GR. MENTOL,"Cuidado corporal, manos y pies",IMPORTED,c4cd4038-176e-42be-84af-a12de6a83c0d,MYS-CUI-E30D09,aeb57a11-8485-49c8-bed1-3d0ed5c23ef2,MYS-CUI-E30D09-ED5B3D,c906b178-7afb-4d7e-9bb5-ad5cc3dc0388,,,
Catálogo organizado,500,,,LINDA JHADE,OTROS,ANTIFAZ DE GEL C/BOLITAS,"Cuidado corporal, manos y pies",IMPORTED,a9ceeb4f-11f8-441c-9f4d-713850622a16,GEN-CUI-BCD527,fe24d38e-5364-4b32-9e98-964fc0bff5dd,GEN-CUI-BCD527-UNICA,203029a4-cf1f-475b-8f95-67ef0c157ebe,,,
Catálogo organizado,501,,,ZOLEMIO PLAZA C.,OTROS,ANTIFAZ DE GEL C/DISEÑO,"Cuidado corporal, manos y pies",IMPORTED,fafb1be1-bd6e-41b4-b999-b4f3145b5f40,GEN-CUI-1132B6,4b7a9c4e-e164-482e-89e8-20647e2f0d57,GEN-CUI-1132B6-UNICA,9fd62eb2-e959-4426-af9c-527f8a4b24dd,,,
Catálogo organizado,502,,,LINDA JHADE,OTROS,ANTIFAZ DE GEL C/ELASTICO,"Cuidado corporal, manos y pies",IMPORTED,1bb75cab-c5fd-4c3a-a03f-0861e8b3c001,GEN-CUI-B177B4,65051c53-5288-40d9-9818-b938dfec90f5,GEN-CUI-B177B4-UNICA,5877f252-4911-46f6-943e-5bd0d54cef87,,,
Catálogo organizado,503,,,LINDA JHADE,OTROS,ANTIFAZ DE GEL C/VELCRO,"Cuidado corporal, manos y pies",IMPORTED,2c16f3ae-a5e0-4f40-8533-b9fba5e67598,GEN-CUI-67F293,e06f564d-2ac8-402d-b6e1-e1dd94d2dbab,GEN-CUI-67F293-UNICA,a940ba18-a6d4-4f15-8c6b-2e57882f4d9f,,,
Catálogo organizado,504,,,ZOLEMIO PLAZA C.,OTROS,ANTIFAZ DE GEL COLOR ENTERO,"Cuidado corporal, manos y pies",IMPORTED,42eeee09-7aae-47d5-911c-52ec1f51061c,GEN-CUI-88E36B,e7583032-26c5-4009-a7b1-16446342d3af,GEN-CUI-88E36B-UNICA,80e00478-bd49-47eb-8cf9-a11655a3317a,,,
Catálogo organizado,505,,,LINDA JHADE,OTROS,CREMA EXFOLIANTE P/CUERPO 400gr.,"Cuidado corporal, manos y pies",IMPORTED,2508ff56-8e26-49f4-ab29-19e941f46a8a,GEN-CUI-EFB807,d4ddd443-97ef-4615-a92c-8ecdf9883f29,GEN-CUI-EFB807-ED5B3D,105ef0e8-3a91-46be-86c8-8f6aa7b088b1,,,
Catálogo organizado,506,,,KELMAR PUNO,OTROS,ESPONJA DE BAÑO BOLA,"Cuidado corporal, manos y pies",IMPORTED,dbf5a0eb-79c9-48c6-8e2e-682e944ed57a,GEN-CUI-CDE93A,9124a1f5-f03f-45cf-82a7-80d6fd1876d9,GEN-CUI-CDE93A-UNICA,20c00c83-0242-44fb-942c-96a013b15022,,,
Catálogo organizado,507,,SH-168,REVEL,REVEL,CREMA HIDRATANTE CORPORAL 8OZ,"Cuidado corporal, manos y pies",IMPORTED,5210839a-ee5b-4d50-baf0-c3b885afe48f,REV-CUI-5FD3C7,ada31235-a364-44b7-8a44-74f743ccdddd,REV-CUI-5FD3C7-B4ACD3,68dcb51c-a952-41be-9513-673a80ba020d,,,
Catálogo organizado,508,,SH-171,REVEL,REVEL,CREMA HIDRATANTE CORPORAL 8OZ,"Cuidado corporal, manos y pies",IMPORTED,5210839a-ee5b-4d50-baf0-c3b885afe48f,REV-CUI-5FD3C7,679b32a7-5ef8-4ef0-9d1a-65135194585c,REV-CUI-5FD3C7-630726,b0b9a200-756c-45c5-a7c0-e21b734164f8,import_distinct,same_supplier_different_codes,"Código de proveedor propio SH-171 (≠ fila 507): artículo distinto cuya diferencia descriptiva perdió el Excel; se representa por su referencia."
Catálogo organizado,509,,SH-170,REVEL,REVEL,CREMA HIDRATANTE CORPORAL 8OZ,"Cuidado corporal, manos y pies",IMPORTED,5210839a-ee5b-4d50-baf0-c3b885afe48f,REV-CUI-5FD3C7,57fb2791-4a37-4b4c-bf1b-58a7a787404c,REV-CUI-5FD3C7-E68C01,f3583a17-1e5d-4477-b9b8-dba3eb32180c,import_distinct,same_supplier_different_codes,"Código de proveedor propio SH-170 (≠ fila 507): artículo distinto cuya diferencia descriptiva perdió el Excel; se representa por su referencia."
Catálogo organizado,510,,SH-163,REVEL,REVEL,CREMA HIDRATANTE CORPORAL 8OZ,"Cuidado corporal, manos y pies",IMPORTED,5210839a-ee5b-4d50-baf0-c3b885afe48f,REV-CUI-5FD3C7,e834e95d-f252-4b3c-a54d-129f4496f3b7,REV-CUI-5FD3C7-6FE2CD,6f6f7ad5-dddd-47a7-a025-f376cabdbd1d,import_distinct,same_supplier_different_codes,"Código de proveedor propio SH-163 (≠ fila 507): artículo distinto cuya diferencia descriptiva perdió el Excel; se representa por su referencia."
Catálogo organizado,511,,SH-165,REVEL,REVEL,CREMA HIDRATANTE CORPORAL 8OZ,"Cuidado corporal, manos y pies",IMPORTED,5210839a-ee5b-4d50-baf0-c3b885afe48f,REV-CUI-5FD3C7,ad1d5daf-0001-46e9-b3aa-ea9480661f24,REV-CUI-5FD3C7-F8BCC1,055d2a90-6782-4bdc-9689-44175b0dd137,import_distinct,same_supplier_different_codes,"Código de proveedor propio SH-165 (≠ fila 507): artículo distinto cuya diferencia descriptiva perdió el Excel; se representa por su referencia."
Catálogo organizado,512,ROX003,,MAY,ROXY,EXFOLIANTE CARA Y CUERPO,"Cuidado corporal, manos y pies",IMPORTED,67d6c42a-9bfd-480b-a77b-db4601ca014f,ROX-CUI-393843,c5b9ff1d-2bd0-40c5-8ee9-6a955e1ce85b,ROX003,3e7880d0-8d63-42f4-bcd3-a73460c7762e,,,
Catálogo organizado,513,ROX002,,MAY,ROXY,EXFOLIANTE DE MANOS,"Cuidado corporal, manos y pies",IMPORTED,f85f27d2-b898-4f99-8b4a-f5033f4cf3ec,ROX-CUI-1ACEBE,c396788e-40ff-4de4-9591-a0c988203574,ROX002,264d05b3-d029-4eaf-bdce-ee5509db8de9,,,
Catálogo organizado,514,ROX001,,MAY,ROXY,EXFOLIANTE DE PIES,"Cuidado corporal, manos y pies",IMPORTED,cb33ac7f-74c8-4715-ac6c-e805c28f2d78,ROX-CUI-08D3B7,e738b981-1ff0-4f63-a863-952a10c494e9,ROX001,1ef11134-4d9e-41b1-a20d-629ef7a73c12,,,
Catálogo organizado,515,ROX004,,MAY,ROXY,HUMECTANTE MANO Y CUERPO,"Cuidado corporal, manos y pies",IMPORTED,0b225af5-30c1-4576-be51-5bd0fe8ffa6c,ROX-CUI-F6BF92,aa1908af-8946-4858-877b-506cf6566058,ROX004,a27d0614-5d9b-41ab-821b-27333dcb17f7,,,
Catálogo organizado,516,,AC-566,BELLESPA,BELLESPA,GUASHA MASAJE FACIAL VIDRIO,Cuidado facial,IMPORTED,0ee89ca1-99b3-4875-956b-13a063727835,BEL-CUI-642E9C,2e2beb58-e5fc-49c9-b455-c6a9dcc54259,BEL-CUI-642E9C-UNICA,348982c0-5367-403e-b7ed-c905e58a3220,,,
Catálogo organizado,517,,PAR-001,BELLESPA,BELLESPA,PARCHE ANTIACNE COLOR PIEL,Cuidado facial,IMPORTED,46d5b9a8-2ad3-4639-a620-ebd8bf10a096,BEL-CUI-5ABC2D,154dd63f-2f9b-46a8-b0df-958ed879cd2b,BEL-CUI-5ABC2D-UNICA,16dccd80-c02a-403d-a5fb-8bdacf0b7bc1,,,
Catálogo organizado,518,,PAR-004,BELLESPA,BELLESPA,PARCHE ANTIACNE PATITAS,Cuidado facial,IMPORTED,79ed1ece-faea-4d30-8a8a-b4230a94e555,BEL-CUI-E15E17,72f4f395-ba04-4451-a183-f28fb857728f,BEL-CUI-E15E17-UNICA,686539e6-07b2-4a97-9a6a-bf280c678cae,,,
Catálogo organizado,519,,,REVEL,BELLESPA,PAÑITOS DESMAQUILLANTES FACIAL,Cuidado facial,IMPORTED,96c561aa-fa4d-4ae2-b860-206889321c33,BEL-CUI-365D19,0902b088-ff2c-4892-80c0-46ce6b2163d0,BEL-CUI-365D19-UNICA,9db22b5d-efd7-435a-9fb0-f255f72aa558,,,
Catálogo organizado,520,,AC-565,BELLESPA,BELLESPA,RODILLO MASAJE FACIAL VIDRIO,Cuidado facial,IMPORTED,f16033c7-26ee-460d-9bc5-86d0b34e8b6a,BEL-CUI-6CAEE6,450c84bc-e2e9-4373-a890-40fdf37f0e53,BEL-CUI-6CAEE6-UNICA,e8799968-7143-4740-8f6f-699216eadbfc,,,
Catálogo organizado,521,,,MAY,BIOAQUA,GEL EXFOLIANTE DE ARROZ,Cuidado facial,IMPORTED,c5abc542-45a8-4f12-aa91-5b63932f9854,BIO-CUI-2E52D8,cdd027bf-36a6-42f4-8998-f950f9b91de2,BIO-CUI-2E52D8-UNICA,a9d9e7d0-1bae-44d4-a44d-5261cbbaa778,,,
Catálogo organizado,522,,S/C,SHUN FENG PUNO,BIOAQUA,GEL EXFOLIANTE DE ARROZ 250GR,Cuidado facial,IMPORTED,c5abc542-45a8-4f12-aa91-5b63932f9854,BIO-CUI-2E52D8,88b23434-13f6-4cc8-9f10-d13568eaa4c9,BIO-CUI-2E52D8-C4413D,b0d4696e-7d9d-4112-9508-ae9937d94f0b,,,
Catálogo organizado,523,,LA-019,REVEL,CHOVEMOAR,MASCARILLA HIDRATANTE ALOE VERA,Cuidado facial,IMPORTED,91c1e63a-b027-471f-8f0e-0081b08acba1,CHO-CUI-D02D17,f519303a-2453-4760-b34e-30a9dd01cd52,CHO-CUI-D02D17-B84D58,b084c388-00c4-4d06-b938-f908be8d8d34,,,
Catálogo organizado,524,,LA-019,REVEL,CHOVEMOAR,MASCARILLA HIDRATANTE ARROZ,Cuidado facial,IMPORTED,ee72a507-e9be-4410-8fbc-64adc3a6cf82,CHO-CUI-C609B0,ad79fc58-e125-459a-ba83-87814e2bbbe7,CHO-CUI-C609B0-UNICA,d6579aea-81ba-4ca8-904f-a3dd2e5e7b9d,import_distinct,duplicate_supplier_code,"El proveedor reutilizó el código LA-019 para artículos distintos («MASCARILLA HIDRATANTE ARROZ» vs «MASCARILLA HIDRATANTE ALOE VERA»); se importa como artículo propio y el código queda registrado solo en la primera oferta."
Catálogo organizado,525,,LA-019,REVEL,CHOVEMOAR,MASCARILLA HIDRATANTE LECHE,Cuidado facial,IMPORTED,b6d9eedc-441b-4700-8a7e-c40000643d7d,CHO-CUI-8B9680,1b4ad562-d038-47fb-b0fa-7e3c94fbcefc,CHO-CUI-8B9680-UNICA,89f1a988-a13b-4d07-88b9-169ed8d3924e,import_distinct,duplicate_supplier_code,"El proveedor reutilizó el código LA-019 para artículos distintos («MASCARILLA HIDRATANTE LECHE» vs «MASCARILLA HIDRATANTE ALOE VERA»); se importa como artículo propio y el código queda registrado solo en la primera oferta."
Catálogo organizado,526,,LA-019,REVEL,CHOVEMOAR,MASCARILLA HIDRATANTE UVA,Cuidado facial,IMPORTED,91c1e63a-b027-471f-8f0e-0081b08acba1,CHO-CUI-D02D17,262acf41-0953-4a55-aac6-53f24e8b0cce,CHO-CUI-D02D17-D3837D,188c214f-ec61-4445-b8e9-466a62f1fac1,import_distinct,duplicate_supplier_code,"El proveedor reutilizó el código LA-019 para artículos distintos («MASCARILLA HIDRATANTE UVA» vs «MASCARILLA HIDRATANTE ALOE VERA»); se importa como artículo propio y el código queda registrado solo en la primera oferta."
Catálogo organizado,527,,LA-021B,REVEL,CHOVEMOAR,MASCARILLA NEGRA BAMBU CAJAX10PCS,Cuidado facial,IMPORTED,688d3fb9-1fbb-461b-bba6-7d1f0a5ddd09,CHO-CUI-C3960C,46961bc0-4c92-4f90-a864-b4c173debe15,CHO-CUI-C3960C-D73211,f6edf608-c370-47a0-8fc2-b3b1963592e5,,,
Catálogo organizado,528,,LA-021C,REVEL,CHOVEMOAR,MASCARILLA NEGRA GRANOS CAJAX10PCS,Cuidado facial,IMPORTED,3edcd25b-ba60-4c93-bdd7-4f11420597a1,CHO-CUI-C5593C,8db1e30d-2267-4c45-8baf-fe12b9214ca8,CHO-CUI-C5593C-D73211,c290779e-d179-4f97-9a43-fdd84d751c78,,,
Catálogo organizado,529,COS001,,MAY,COSNATURE,PARAFINA FACIAL,Cuidado facial,IMPORTED,8bf63e9f-3b61-474e-becf-e3f52344ac0a,COS-CUI-122F9A,95a64eeb-0104-46a5-8404-3e10779561da,COS001,4ad80b6e-1ceb-4634-8321-9d07f368c116,,,
Catálogo organizado,530,,QM-5027-1,LUXIWAY PUNO 615,CUTE HALR,PARCHE PARA GRANO X40,Cuidado facial,IMPORTED,b6d2a353-cf06-4bd1-a5db-cc9ddda51fe0,CUT-CUI-F236DB,0c43f810-5113-468a-a855-0b86c889abbd,CUT-CUI-F236DB-1C74DE,ce5e4548-8a83-4b89-8488-72e72ce29ce3,,,
Catálogo organizado,531,NTF001,,MAY,NTFS,VAPORIZADOR FACIAL,Cuidado facial,IMPORTED,0b51debe-1fd2-48d4-86e2-8fcdd17480a6,NTF-CUI-16C604,98b126a6-1d21-4f54-954c-706cce4b43c9,NTF001,fde398b7-217f-413f-9c57-1610618f9242,,,
Catálogo organizado,532,OTR005,,MAY,OTROS,CEPILLO FACIAL,Cuidado facial,IMPORTED,63db0f5f-fba5-465e-821f-3f2e7aea8c4c,GEN-CUI-8B7384,712ac0f8-e062-4f28-b010-2ed32ff87392,OTR005,1648bbec-6f74-4d8b-b264-9adaed19ca27,,,
Catálogo organizado,533,OTR217,,,OTROS,CEPILLO FACIAL 2EN1,Cuidado facial,IMPORTED,f516ad44-9041-46eb-becc-f489e7bbec2a,GEN-CUI-4C83BD,30f6204a-c159-4e65-8f20-2c06ed87c806,OTR217,,,,
Catálogo organizado,534,OTR067,,MAY,OTROS,ESPATULA FACIAL SILICON X1 LADO,Cuidado facial,IMPORTED,0d475d0e-3d77-4af6-9458-62b603820c85,GEN-CUI-260102,5dd7ae41-458f-4d87-9f02-22f219750d1b,OTR067,b7d3f70f-df29-40e4-827d-7876f6b586c0,,,
Catálogo organizado,535,OTR049,,MAY,OTROS,ESPATULA FACIAL SILICON x2 LADO,Cuidado facial,IMPORTED,0d475d0e-3d77-4af6-9458-62b603820c85,GEN-CUI-260102,042addcd-6235-4dc3-8cf2-2331bde75900,OTR049,71e69102-62a4-451e-a25c-a102939a7268,,,
Catálogo organizado,536,,,AJI,OTROS,HIELERA FACIAL ECONOMICO,Cuidado facial,IMPORTED,7cc6eb15-c790-401f-ae81-c1617894d9b8,GEN-CUI-DC4659,71ecd905-e718-4913-82d1-c5f5866452ba,GEN-CUI-DC4659-UNICA,a842ab7e-da0b-41e2-8bf4-09f2f4705af6,,,
Catálogo organizado,537,,SS-397,CHINO PUNO,OTROS,PIEDRA CUARZO CORAZON,Cuidado facial,IMPORTED,27c21c78-3d93-4814-bf36-9511d79ea250,GEN-CUI-8441A2,f246b469-1f91-48dd-a40c-f91ea7f9d794,GEN-CUI-8441A2-UNICA,394b0f6c-9236-4db1-93bd-a3c9ca801e75,,,
Catálogo organizado,538,,R168375,ROSE&LIN,OTROS,RODILLO + GUA SHA FACIAL CUARZO VERDE,Cuidado facial,IMPORTED,fdbd8f9b-794a-46c6-a9c2-41cf62deeb62,GEN-CUI-E359F5,abc77f34-f435-4ad2-b914-5768a88f816c,GEN-CUI-E359F5-B794D0,880d82b2-ac20-46a1-94db-e3f6ed8068a3,,,
Catálogo organizado,539,,,ROSE&LIN,OTROS,RODILLO + GUA SHA FACIAL PLASTICO COLORES,Cuidado facial,IMPORTED,02f05135-279f-4ba4-b68d-acbc2aa98cc6,GEN-CUI-B8B920,029fcc9f-0c8a-4236-b059-281f9ec01f36,GEN-CUI-B8B920-504663,efaaba6c-e81d-4bc7-845a-01e6aeb63c51,,,
Catálogo organizado,540,OTR186,SS-385,CHINO PUNO,OTROS,SET SACAESPINILLAS ESTUCHE X4pza.,Cuidado facial,IMPORTED,333d3e59-c262-405d-8057-00718eb46535,GEN-CUI-9400A5,559b1bf9-e5e5-4bdc-91d0-00c19db04fb7,OTR186,8e92c66c-9cca-42e2-b38a-a85546579377,,,
Catálogo organizado,541,,R269538,ROSE&LIN,OTROS,TOALLA DE CARA ROLLO,Cuidado facial,IMPORTED,6b971802-5cc3-4474-ac2d-c24dca8a6d2a,GEN-CUI-B38B7B,05c481ea-2b1c-4e45-a742-eb175e5e98c1,GEN-CUI-B38B7B-UNICA,feb0e13a-7365-4612-9c5a-7786e1197972,,,
Catálogo organizado,542,PRO001,,MAY,PROBELL,MASCARILLA NEGRA FACIAL EN TUBO,Cuidado facial,IMPORTED,0622668e-e773-4970-bb2c-65d2f6cba1c1,PRO-CUI-D4F2E3,371db1fd-edb8-48b1-aded-37f5b9385476,PRO001,fdd4ba30-8991-4074-85b7-64879070f986,,,
Catálogo organizado,543,,EH-737,REVEL,REVEL,AGUA MICELAR,Cuidado facial,IMPORTED,11bfa5d7-9ded-41d0-86c0-2d280b1d94f8,REV-CUI-C7D992,fa07194e-45e4-4303-a455-3896be7e9a82,REV-CUI-C7D992-UNICA,b0dbf297-c681-4fa4-a7d2-c97b8f44ede6,,,
Catálogo organizado,544,,AC-754,BELLESPA,REVEL,HIELERA FACIAL,Cuidado facial,IMPORTED,f8a99f7f-ce26-462d-8b54-1f1b8842b87f,REV-CUI-48115F,92141878-683c-4c30-9524-d2ab1171ffe8,REV-CUI-48115F-UNICA,81135d6c-63bd-47ac-9f46-017499bf9117,,,
Catálogo organizado,545,,#601033,REVEL,REVEL,MASCARILLA COLLAGEN LIP MASK CAJAX20PCS,Cuidado facial,IMPORTED,b5891e7b-ec7d-4a45-a4c5-2c4a80948e65,REV-CUI-0261FC,6059dd46-39ca-4ece-b9af-2682fcd3865a,REV-CUI-0261FC-UNICA,384671b3-f8f4-41c0-b91f-5b0e5c7982a3,,,
Catálogo organizado,546,,,REVEL,REVEL,MASCARILLA DE LABIOS,Cuidado facial,IMPORTED,9809d066-7501-428a-885c-0ba6fab5015a,REV-CUI-8CA120,d7303168-1f01-4ebc-8dcd-8793812b5e0f,REV-CUI-8CA120-UNICA,28144a19-9e3b-4ef6-81f2-f7f8282c0191,,,
Catálogo organizado,547,ROS001,,MAY,ROSE PARIS,MASCARILLA DORADA COLAGENO,Cuidado facial,IMPORTED,2db65d4f-2bf3-41f3-9115-7c2c13f1a5e8,ROS-CUI-EEE06E,86a9377e-e628-4bed-ba35-fdf0d027b5f7,ROS001,674609eb-90be-4b72-8aed-06fde5520a74,,,
Catálogo organizado,548,,R269594,ROSE&LIN,ROSE&LIN,CEPILLO DE LIMPIEZA FACIAL,Cuidado facial,IMPORTED,fe84ba8d-384c-4ef1-b7ab-509e38b67f03,ROS-CUI-25BFDF,35f8f496-486f-443d-87a5-a08ff768b1e3,ROS-CUI-25BFDF-UNICA,87da1b76-a71b-42cb-9e1f-b7686b20ea5c,,,
Catálogo organizado,549,,AC-364,BELLESPA,BELLESPA,ESPEJO TOCADOR PINK STRAS,Espejos y accesorios personales,IMPORTED,31de5efe-3eba-438a-90dd-d56a63f3d1ad,BEL-ESP-B90C9C,55b47a14-c5ba-476e-b4b1-fb485adc47e8,BEL-ESP-B90C9C-UNICA,42fbf1ba-a6ca-4ccd-8fa7-ef5e640b41cf,,,
Catálogo organizado,550,,,MAY,OTROS,CEPILLO C/ESPEJO,Espejos y accesorios personales,IMPORTED,bf067ff7-7753-49b9-91fc-657cf5964dbb,GEN-ESP-D583D4,4f9b97cf-2802-40d9-828e-7d83a6b9724f,GEN-ESP-D583D4-UNICA,5ae4d2f0-5dcb-4c2a-a881-68889177df22,,,
Catálogo organizado,551,,JZ-58,HAOYU LADO AJI,OTROS,ESPEJITO CARTERA DELGADO,Espejos y accesorios personales,IMPORTED,a5e60f61-4093-4a0b-b53d-7c834a5c832e,GEN-ESP-52A1BB,56e309b5-d941-48a6-8767-605d81398d63,GEN-ESP-52A1BB-UNICA,1aeab421-b7e6-4580-a914-fa7cc5ec9f48,,,
Catálogo organizado,552,,JZ-57,HAOYU LADO AJI,OTROS,ESPEJITO CARTERA GRUESO,Espejos y accesorios personales,IMPORTED,7ec3f9a6-ed46-46f7-bcca-96ca60a80f30,GEN-ESP-CDA9F1,58910740-3c86-48f8-adc5-d12d739dee6c,GEN-ESP-CDA9F1-UNICA,867d46d9-b611-4079-921f-415ad6c2f5cc,,,
Catálogo organizado,553,OTR153,DD5131V,AJI,OTROS,ESPEJITO D/CARTERA C/AUMENTO DELGADO,Espejos y accesorios personales,IMPORTED,84421d8e-7489-47e8-ac9f-7e383148dff1,GEN-ESP-478E17,dd567bb5-283e-4c7b-9894-6f719037e6f2,OTR153,65820aed-a5ac-4b38-b689-3bfc3b81f785,,,
Catálogo organizado,554,OTR154,DD310014V,AJI,OTROS,ESPEJITO D/CARTERA C/AUMENTO GRUESO,Espejos y accesorios personales,IMPORTED,70ceb909-94c6-4a95-a742-c36ca840fd4b,GEN-ESP-B69C3D,a95bc926-93df-4492-8f06-9e2e8c171479,OTR154,739d305c-d0a0-4695-9cfe-a71a8f60866a,,,
Catálogo organizado,555,OTR152,DD310382,AJI,OTROS,ESPEJO C/SOPORTE OVALADO,Espejos y accesorios personales,IMPORTED,d77b38a0-4a04-4af7-86df-040b814842d2,GEN-ESP-CB02F2,b5980646-722d-4da5-b0eb-a6cf3d51ebb4,OTR152,268e94b3-386f-4b91-b5b2-502b7f0f2578,,,
Catálogo organizado,556,,JZ-20,HAOYU LADO AJI,OTROS,ESPEJO TOCADOR CON LUZ LED,Espejos y accesorios personales,IMPORTED,615fa664-91a5-4091-90e9-0df6cd9721da,GEN-ESP-DE0199,e076a5ab-d801-4c13-84b5-97deed2dbe4c,GEN-ESP-DE0199-UNICA,c4c29475-fc70-426b-b8cb-2b902afe6348,,,
Catálogo organizado,557,,XR-6602,AMATE COSM,OTROS,NECESER COSMETICO CON ESPEJO LED,Espejos y accesorios personales,IMPORTED,020b160c-106e-4115-814f-70270f9bd996,GEN-ESP-189286,ee74b60b-66a8-4542-bc73-f2cfe5dceb31,GEN-ESP-189286-UNICA,c8d2c493-b323-4796-a9e5-19cf46a529b3,,,
Catálogo organizado,558,,,REVEL,OTROS,PERFUMERO 5ML,Espejos y accesorios personales,IMPORTED,6f081f66-0af0-4567-9388-161cb4e95492,GEN-ESP-F7A6C5,4ae14b7c-3295-4891-9736-4509cc834c69,GEN-ESP-F7A6C5-227E8F,cc6f9ad7-5853-4501-9676-4bfde86fc14e,,,
Catálogo organizado,559,,,MAY,OTROS,PERFUMERO 5ML,Espejos y accesorios personales,IMPORTED,6f081f66-0af0-4567-9388-161cb4e95492,GEN-ESP-F7A6C5,4ae14b7c-3295-4891-9736-4509cc834c69,GEN-ESP-F7A6C5-227E8F,abd66c0b-44b1-45d7-be65-0538d8c6e32f,,,
Catálogo organizado,560,,,BEIFA,OTROS,PERFUMERO 5ML,Espejos y accesorios personales,IMPORTED,6f081f66-0af0-4567-9388-161cb4e95492,GEN-ESP-F7A6C5,4ae14b7c-3295-4891-9736-4509cc834c69,GEN-ESP-F7A6C5-227E8F,d3b3925c-265b-4231-b18a-12928295ada2,,,
Catálogo organizado,561,,,REVEL,OTROS,PERFUMERO 8ML,Espejos y accesorios personales,IMPORTED,6f081f66-0af0-4567-9388-161cb4e95492,GEN-ESP-F7A6C5,1db54cc5-8d0e-4f7c-8598-9b1e9cf4908d,GEN-ESP-F7A6C5-F1C85B,f3baad7d-c702-452f-a7f0-10a15ebfa25b,,,
Catálogo organizado,562,OTR184,SS-239,CHINO PUNO,OTROS,POLVO EFECTO ESPEJO PLATEADO X6,Espejos y accesorios personales,IMPORTED,35ad2361-e432-4a42-b066-f432e6c84299,GEN-ESP-BAF16D,11319a6e-6778-46f5-921c-d25cfde478a2,OTR184,036efefd-fdae-4a87-b93f-8753bdc24d79,,,
Catálogo organizado,563,OTR108,SHEY-382,MAY,OTROS,POLVO ESPEJO DORADO,Espejos y accesorios personales,IMPORTED,8de1d238-21af-41b0-9773-5d3f4b9daf9b,GEN-ESP-0B38FC,1b0ec420-1e42-4108-aadc-fb7a44a2a826,OTR108,,,bulk_commit_failed,
Catálogo organizado,564,OTR107,SHEY-383,MAY,OTROS,POLVO ESPEJO PLATEADO,Espejos y accesorios personales,IMPORTED,8de1d238-21af-41b0-9773-5d3f4b9daf9b,GEN-ESP-0B38FC,41c5f2f2-d488-481d-a92c-9b8e8a733b05,OTR107,,,bulk_commit_failed,
Catálogo organizado,565,,S/C,KELMAR PUNO,OTROS,VINCHA FACIAL BLANCO,Espejos y accesorios personales,IMPORTED,1ab982aa-7030-4ce8-9337-718dad920b7b,GEN-ESP-FCCFC3,0073f356-6692-49e3-981f-0a578f21df0d,GEN-ESP-FCCFC3-5048B7,72d2411b-ce3b-4ba6-8cc4-090867620284,,,
Catálogo organizado,566,,,ZOLEMIO PLAZA C.,OTROS,VINCHA NUBE CON STRAS,Espejos y accesorios personales,IMPORTED,de3d750f-c095-4741-8d1f-81bb6d94ceb9,GEN-ESP-4628E4,38218c59-6c62-446f-9d26-00bc8834eed5,GEN-ESP-4628E4-UNICA,3bac468e-a483-4670-816d-49bed0760cdb,,,
Catálogo organizado,567,,SH-213,REVEL,REVEL,JELLY LIP LABIOS,Labios,IMPORTED,55e9a047-eb9a-479d-bbc3-f1f421d0f976,REV-LAB-035352,629a9b5d-fd09-4218-909f-d0cee1425a48,REV-LAB-035352-UNICA,1cea57ec-41e2-489b-88a1-12a7252f96dc,,,
Catálogo organizado,568,AIF003,,MAY,AIFER,APLICADOR DE SOMBRA NEGRO X10,Maquillaje de ojos y rostro,IMPORTED,de1fe325-eb61-4343-b53c-9454f61e4039,AIF-MAQ-BA0A1D,68acf84d-0c1f-4a1b-9b10-8b7497bd85e4,AIF003,ee6ee2fe-01bf-4dfc-a0f4-53558ff6e069,,,
Catálogo organizado,569,,SHEY-314,MAY,AIFER,ESPONJA GALLETA X2 OVALADO,Maquillaje de ojos y rostro,IMPORTED,5fdcf383-3611-49fb-be8d-5c08e5a618d2,AIF-MAQ-AF4777,01b8497e-d11b-4dec-b0a2-053e622b6684,AIF-MAQ-AF4777-B98594,fec5825f-ee21-45b7-ab2b-dae3baf3d141,,,
Catálogo organizado,570,,,MAY,AIFER,SET MOTAS REDONDAS PRACTICA X25,Maquillaje de ojos y rostro,IMPORTED,c0a86fd8-45b2-4a57-9933-d76b879b3636,AIF-MAQ-46CA51,5b8db116-e093-4af4-a8a1-3bf5e7120eec,AIF-MAQ-46CA51-AC98D0,250de0d9-3c3d-496d-a4f4-9ad2626542b5,,,
Catálogo organizado,571,ALE001,,MAY,ALEX,APLICADOR DE SOMBRA ESCARCHADA,Maquillaje de ojos y rostro,IMPORTED,a683c56e-514e-40aa-8b75-e75cf44f805a,ALE-MAQ-7CF018,ba04a3e9-3249-4840-9103-32f2661fe661,ALE001,f45a4879-954c-4718-9dbb-17223c5233a4,,,
Catálogo organizado,572,,8121,BEIFA,BEIFA,BORLA TRIANGULAR C/PEDRERIA NEGRO X2,Maquillaje de ojos y rostro,IMPORTED,50139af0-6df2-48f5-b686-f09c3ee1ef7b,BEI-MAQ-6A86CA,544f46e0-7742-4d02-8361-bedc99273237,BEI-MAQ-6A86CA-2CDB08,ae0bb2b4-d291-4653-838b-b7fd7cd3d6d6,,,
Catálogo organizado,573,,,BELLESPA,BELLESPA,BLENDER X2 PZA COLOR ENTERO,Maquillaje de ojos y rostro,IMPORTED,2d48308c-2359-45f5-a49a-66d6bb01f09d,BEL-MAQ-147327,b548f0d8-ab51-40f0-b1fe-5fbd0cff1785,BEL-MAQ-147327-B98594,4bbbe202-f723-462c-b7cd-fb15206b905f,,,
Catálogo organizado,574,,CEL-241,REVEL,BELLESPA,BROCHA PATA DE CABRA 2EN1,Maquillaje de ojos y rostro,IMPORTED,4473b87b-a9b1-4662-a5de-2ec5bc240b10,BEL-MAQ-670260,9698ed88-57b9-4215-88c9-e48430e1f23d,BEL-MAQ-670260-UNICA,8f100018-8957-429f-b592-5ad20ce439a0,,,
Catálogo organizado,575,,363591,REVEL,BELLESPA,MINI HUEVITO x5pza,Maquillaje de ojos y rostro,IMPORTED,2a5be28f-649b-4621-83a8-38af3f81f6c2,BEL-MAQ-3CD17F,ed293153-83e7-49a0-8535-afe49d2e8df6,BEL-MAQ-3CD17F-FB1E99,f732c903-0cc0-41bc-8974-ac2c14f8a86e,,,
Catálogo organizado,576,,#363609,BELLESPA,BELLESPA,PINCEL PARA DELINEADO X20PZA,Maquillaje de ojos y rostro,IMPORTED,7632525d-45ae-4964-855f-f8a55c594a9c,BEL-MAQ-193250,0117719d-a9cd-4c98-85ab-74362bd9b6f4,BEL-MAQ-193250-C25E25,bace1b51-f0e5-443a-a68f-148a3112fb46,,,
Catálogo organizado,577,,LHO-011,REVEL,BELLESPA,SET BLENDER X10 PZS,Maquillaje de ojos y rostro,IMPORTED,a8360fe4-c975-4b33-804f-89e1aed97bb0,BEL-MAQ-3FE3C0,a4e6e69c-23b1-4cd5-9f23-e65650465670,BEL-MAQ-3FE3C0-AB894C,f947a323-ff48-4925-ae1f-28d7c305ac9f,,,
Catálogo organizado,578,,LHO-005,REVEL,BELLESPA,SET BORLA X6 BLISTER,Maquillaje de ojos y rostro,IMPORTED,3a72c34a-c48e-4473-b6d3-3e2487a36d02,BEL-MAQ-0DA52C,82f402de-6920-450e-8e66-0a8b06cf9b7b,BEL-MAQ-0DA52C-204E86,d6d6d66a-ddc2-4b00-bc95-b1086af69763,,,
Catálogo organizado,579,DEC003,,MAY,DECO ART,PIGMENTO AMERICANO AMARILLO,Maquillaje de ojos y rostro,IMPORTED,0be4df30-3c4d-4e68-b9db-57de52b8c885,DEC-MAQ-C71B75,8fd42f79-15bb-4493-8741-8c28ce1d50c4,DEC003,39f5b7df-554a-4c7a-bd7c-5c26407f8b57,,,
Catálogo organizado,580,DEC005,,MAY,DECO ART,PIGMENTO AMERICANO AZUL,Maquillaje de ojos y rostro,IMPORTED,0be4df30-3c4d-4e68-b9db-57de52b8c885,DEC-MAQ-C71B75,d658ed26-d9a4-4d1b-a1c8-b029ac276b5b,DEC005,9a81e34e-b9f3-42d6-8e09-661d8e2a78ed,,,
Catálogo organizado,581,DEC001,,MAY,DECO ART,PIGMENTO AMERICANO BLANCO,Maquillaje de ojos y rostro,IMPORTED,0be4df30-3c4d-4e68-b9db-57de52b8c885,DEC-MAQ-C71B75,4d0ab86f-a1ba-4ef7-b76f-0009d197e5dd,DEC001,f72fb740-89f0-426c-a7ad-bdd0f2272e20,,,
Catálogo organizado,582,DEC002,,MAY,DECO ART,PIGMENTO AMERICANO NEGRO,Maquillaje de ojos y rostro,IMPORTED,0be4df30-3c4d-4e68-b9db-57de52b8c885,DEC-MAQ-C71B75,23a8cf58-238d-4b8c-925b-a02a4cc668c5,DEC002,c5e25127-a652-4941-a788-316e77c9513c,,,
Catálogo organizado,583,DEC004,,MAY,DECO ART,PIGMENTO AMERICANO ROJO,Maquillaje de ojos y rostro,IMPORTED,0be4df30-3c4d-4e68-b9db-57de52b8c885,DEC-MAQ-C71B75,2aec686f-dc5d-40d0-873a-e312a7d95b8f,DEC004,0909111b-2ec1-41fb-9bf6-35f301af34fd,,,
Catálogo organizado,584,DEC006,,MAY,DECO ART,PIGMENTO AMERICANO VERDE,Maquillaje de ojos y rostro,IMPORTED,0be4df30-3c4d-4e68-b9db-57de52b8c885,DEC-MAQ-C71B75,4f7afea8-2d2f-42d7-949c-f41dd8d0f00c,DEC006,68dc1f09-904f-4976-bfb2-9032a7d8c753,,,
Catálogo organizado,585,,,MAY,FACE GEMS,GEMAS P/ROSTRO,Maquillaje de ojos y rostro,IMPORTED,7e92ae0e-92bb-4561-beea-b2b5eedbde5e,FAC-MAQ-3F02D0,80b112a8-61f0-40a6-b587-11f7fa42c468,FAC-MAQ-3F02D0-UNICA,5fdea002-60b3-4bcb-a6b4-69cd2079e215,,,
Catálogo organizado,586,,AD-3013,LINDA JHADE,GEMS STICKERS,PEDRERIA P/ROSTRO,Maquillaje de ojos y rostro,IMPORTED,7e4fe1aa-6428-4044-9fbb-87a458376a39,GEM-MAQ-57CB87,c28b9465-9458-4ef7-94c2-ac7632562871,GEM-MAQ-57CB87-UNICA,96e22357-6dcf-4c84-8df1-a0dbd6021c7e,,,
Catálogo organizado,587,,,MAY,MAGICOLORS,CARITA PINTADA NEON X6,Maquillaje de ojos y rostro,IMPORTED,de49242e-24c9-41c8-8c39-c7405cdc9b62,MAG-MAQ-EC0059,a6077e7c-a2e1-4247-aaf7-9edcec4b9273,MAG-MAQ-EC0059-591AAE,d77484b7-a5a5-413e-8c01-aaa5d501b9ac,,,
Catálogo organizado,588,,,MAY,MAGICOLORS,CARITA PINTADA PRIMARIO X5,Maquillaje de ojos y rostro,IMPORTED,a15dbcc5-5d8c-42b3-9d8a-d5801cf1c304,MAG-MAQ-EBDF7A,332fba61-db48-4699-9d3e-f7c7fa36e767,MAG-MAQ-EBDF7A-440F22,7023dcec-e055-4990-9ce5-ee329f66aedf,,,
Catálogo organizado,589,,,MAY,MAGICOLORS,CARITA PINTADA PRIMARIO X6,Maquillaje de ojos y rostro,IMPORTED,a15dbcc5-5d8c-42b3-9d8a-d5801cf1c304,MAG-MAQ-EBDF7A,6b2d991a-a836-4902-be48-017028210bb6,MAG-MAQ-EBDF7A-204E86,3e0de032-8a3c-4c3b-abc9-b62e03a85aa9,,,
Catálogo organizado,590,,,MAY,MANFEL,ESPONJA GALLETA X2,Maquillaje de ojos y rostro,IMPORTED,6dfea2d5-be5d-406c-b355-f398475a0e92,MAN-MAQ-BCFE85,49622bbb-f0bd-48d0-90ee-8c53547d5985,MAN-MAQ-BCFE85-B98594,6c65c35a-6dc0-4737-90df-bff3cd6679bb,,,
Catálogo organizado,591,OTR228,,MAY,OTROS,BROCHA ARCOIRIS X7pza.,Maquillaje de ojos y rostro,IMPORTED,f66f679f-6918-4e2f-aa12-7a208402a570,GEN-MAQ-44D2B5,df1554be-1b4e-448d-bfcf-3cc7ba200a59,OTR228,0f084bb3-ef66-40b8-a2f0-cd22dbe9bb79,,,
Catálogo organizado,592,OTR227,,MAY,OTROS,BROCHA AURORA X8pza.,Maquillaje de ojos y rostro,IMPORTED,868aad56-a3b0-469b-a407-b87ab671ca1c,GEN-MAQ-433703,321bd66a-7816-44fc-a35d-6003013d1089,OTR227,9fbd460f-8ecb-43fa-addc-6eb44523cd29,,,
Catálogo organizado,593,,SHEY-303,MAY,OTROS,BROCHA CHATA METALIZADO,Maquillaje de ojos y rostro,IMPORTED,47a362ed-a1f1-4236-87f1-8b22b43d4e57,GEN-MAQ-A902CD,d0c2af9c-cfa9-40fa-bedb-059578e64fac,GEN-MAQ-A902CD-UNICA,78160c22-d90b-4334-a9a0-ff4a8ce17a37,,,
Catálogo organizado,594,OTR047,,MAY,OTROS,BROCHA FACIAL M/BLANCO DELGADO,Maquillaje de ojos y rostro,IMPORTED,d03a4e7e-a81f-402f-8b70-3b86646eb8cd,GEN-MAQ-A6C7E4,bc0a0250-a875-479e-a8d8-142f5bcf94a8,OTR047,c8d84ab7-c30b-4b45-85b6-0495d99db209,,,
Catálogo organizado,595,OTR048,,MAY,OTROS,BROCHA FACIAL M/BLANCO GRUESO,Maquillaje de ojos y rostro,IMPORTED,d03a4e7e-a81f-402f-8b70-3b86646eb8cd,GEN-MAQ-A6C7E4,04052f24-6cc7-4ed5-8a3c-a847f8aad192,OTR048,e5df24c4-623d-4db2-a2a6-2152805b1044,,,
Catálogo organizado,596,OTR064,,MAY,OTROS,BROCHA FACIAL M/MADERA,Maquillaje de ojos y rostro,IMPORTED,90447711-5472-45ba-8e3d-b6dceceacec6,GEN-MAQ-1AA504,3522dfa8-fb4d-4064-84b8-456109d21299,OTR064,9bf2ed74-235c-44c1-ba6a-bcb1f8aa448a,,,
Catálogo organizado,597,OTR226,,MAY,OTROS,BROCHA SIRENA MAQ. X7pza.,Maquillaje de ojos y rostro,IMPORTED,4fe832bd-23bc-45db-aa78-8fdc46943f1f,GEN-MAQ-9FE931,15d2ee24-cf19-4ed6-b12b-51a98e49f461,OTR226,39e21442-1ac8-4448-b40c-62411060a9dd,,,
Catálogo organizado,598,OTR175,AGE-0136,CHINO PUNO,OTROS,ESPONJA HUEVITO X1pza,Maquillaje de ojos y rostro,IMPORTED,a1055ae4-7ebd-474d-b5aa-b5c13df8b22a,GEN-MAQ-9A82E5,99037deb-98e8-46e6-a1eb-0dab3d8ad8dc,OTR175,ff2f90f5-67c3-4e0c-b90c-b6805fe3c817,,,
Catálogo organizado,599,OTR173,AGE-004,CHINO PUNO,OTROS,ESPONJA P/POLVO X4pza. COLORES,Maquillaje de ojos y rostro,IMPORTED,0c01f79e-b563-4731-b98c-a105b5db2ea4,GEN-MAQ-09CEED,e1b5de97-16e1-4f00-a998-252c57d55086,OTR173,5f86e10a-82d7-4945-910e-eec39d38813a,,,
Catálogo organizado,600,OTR174,NO-8015,CHINO PUNO,OTROS,ESPONJA P/POLVO X7pza. CREMA,Maquillaje de ojos y rostro,IMPORTED,16059b5e-2935-4003-9722-2dffac11ef9b,GEN-MAQ-164D7E,22e82c23-99c5-4775-8628-8ef1ba27e11b,OTR174,c96d89ea-a298-43c0-aaa8-ce1f3dbe7f9b,,,
Catálogo organizado,601,,H-500,HAOYU LADO AJI,OTROS,HUEVITO X1,Maquillaje de ojos y rostro,IMPORTED,5be7c2d3-3ee2-4933-8a94-80a7f8af1ffa,GEN-MAQ-F20A7F,58b350bf-1fe2-4e11-9941-38ec623f0a53,GEN-MAQ-F20A7F-FD3356,3e139b62-6eea-47b9-a7fd-92d6cff87479,,,
Catálogo organizado,602,OTR130,,MAY,OTROS,LIPSBRUSH X50PZA,Maquillaje de ojos y rostro,IMPORTED,fefa9b61-cf6d-48a2-aaf3-933af094cd7d,GEN-MAQ-1C6BD1,f94f52a6-81f8-4e04-9c2b-240cf635f8b8,OTR130,13725a3c-6bd4-49b6-8874-65c59faa653f,,,
Catálogo organizado,603,OTR053,,MAY,OTROS,MOTA QUESITO X8,Maquillaje de ojos y rostro,IMPORTED,255d3c22-d465-4456-b7dc-d7aa4111a69d,GEN-MAQ-924318,f4a1977d-ee4e-44dd-b072-1943fc6a9352,OTR053,0e414d8f-bfd4-4b07-828b-4fad24115c75,,,
Catálogo organizado,604,,,YISLU,OTROS,MOTITAS C/ GANCHO PARA DIFUMINAR,Maquillaje de ojos y rostro,IMPORTED,488c0b63-e1ae-4ef1-9a59-b846be8b9d3d,GEN-MAQ-8BCADC,5acc788c-46be-4e1c-96fd-1f4eb471f9ae,GEN-MAQ-8BCADC-01CD85,7e7980cb-7fd8-4dbf-8f4c-c4688ba4d57f,,,
Catálogo organizado,605,,,NATYBELL,OTROS,MOTITAS C/GANCHO P/ DIFUMINAR BLANCO,Maquillaje de ojos y rostro,IMPORTED,488c0b63-e1ae-4ef1-9a59-b846be8b9d3d,GEN-MAQ-8BCADC,e35dcf66-b4b9-44cc-a555-04eca83118d6,GEN-MAQ-8BCADC-09699B,f72840ce-42c5-44db-aadc-f9f8e4ccc77a,,,
Catálogo organizado,606,,,MAY,OTROS,PINCEL CARITA PINTADA X6,Maquillaje de ojos y rostro,IMPORTED,97e9be47-fb48-4be4-bbdc-979002d876fb,GEN-MAQ-40DD38,745db7be-2a73-4143-96b9-a04dfcde61d4,GEN-MAQ-40DD38-204E86,5d013079-2e19-416a-a779-c69e97683010,,,
Catálogo organizado,607,,,KELMAR PUNO,OTROS,SET BLENDER X15 PZS EN POTE,Maquillaje de ojos y rostro,IMPORTED,88d782a9-832e-4629-b32f-f44fbcf0139f,GEN-MAQ-F01D8E,92a25624-a1ac-46d4-8fa3-32bbfcb7f23c,GEN-MAQ-F01D8E-7E2C62,07cb10dc-d72d-4ec7-ac0f-080e3781b2d9,,,
Catálogo organizado,608,,LHO-003,REVEL,OTROS,SET BORLA X3 CARTUCH.,Maquillaje de ojos y rostro,IMPORTED,02378171-ca70-491a-bef0-3a6d9fac57c4,GEN-MAQ-37C193,d55f2203-b4e1-417d-83a4-f532b5effa8f,GEN-MAQ-37C193-73AEAF,46fb3b84-16df-495b-822b-d1fd1e56af75,,,
Catálogo organizado,609,,S/C,KELMAR PUNO,OTROS,SET MOTAS P/ BASE Y POLVO X8,Maquillaje de ojos y rostro,IMPORTED,4d366939-3f6d-4501-a7fa-838168174c2f,GEN-MAQ-A75501,ff9e7651-03a3-402d-9a28-debb158149e3,GEN-MAQ-A75501-3E0435,7ec99259-b2e5-4337-92bc-ddddcb9550de,,,
Catálogo organizado,610,,LT-010,CHINO PUNO,REALROLA,PEDRERIA P/ROSTRO COLORES,Maquillaje de ojos y rostro,IMPORTED,ad640cf7-1f94-4f81-a875-db588ff4671a,REA-MAQ-6D67BF,e0e95803-6641-479e-b359-d8217f5e8043,REA-MAQ-6D67BF-504663,5e5527ec-f77b-4b1e-9de4-071166650e2d,,,
Catálogo organizado,611,,SH-202,REVEL,REVEL,DELINEADOR LIQUIDO NEGRO,Maquillaje de ojos y rostro,IMPORTED,334ab264-2030-4888-a476-f30d84993683,REV-MAQ-72DC7B,e8c072c0-47f8-4bd3-a567-b8e6a737c708,REV-MAQ-72DC7B-D73211,32aa98d7-03ec-4aa4-9a48-e2e88fcf3925,,,
Catálogo organizado,612,,SH-479,REVEL,REVEL,PALETA DE SOMBRAS LIBRO 4 HOJAS,Maquillaje de ojos y rostro,IMPORTED,dc8d0898-3641-4f7a-8f59-71b3119dc167,REV-MAQ-708D79,87640a42-0ff5-4bbe-b1cc-b4cace20087a,REV-MAQ-708D79-18DFC2,d08b3452-44da-4b30-b04e-ec25d23ad57d,,,
Catálogo organizado,613,,SH-488,REVEL,REVEL,PALETA DE SOMBRAS LIBRO 5 HOJAS,Maquillaje de ojos y rostro,IMPORTED,dc8d0898-3641-4f7a-8f59-71b3119dc167,REV-MAQ-708D79,685c51ad-1cd3-4f20-85c7-221953e7ac17,REV-MAQ-708D79-66BE3C,2c573a98-f5d5-4fe2-bb5b-f59bf455b20e,,,
Catálogo organizado,614,ACR021,S/C,MAY,ACRYLOVE,GEL BASE 14ML,"Bases, tops, brillos y finalizadores",IMPORTED,9a55a190-746b-4f88-accf-a38b3d57fbfa,ACR-BAS-D0A39C,1968d4c4-17dc-4fd7-b712-74635d8db8c9,ACR021,6f14f7da-9492-4d98-be5f-1af9129eb390,,,
Catálogo organizado,615,ACR022,S/C,MAY,ACRYLOVE,GEL TOP 14ML,"Bases, tops, brillos y finalizadores",IMPORTED,2a2afa12-899d-4ebf-a73c-940c0547f2d1,ACR-BAS-A95913,c3a0abfd-ec22-4446-b8d0-83db477a11b1,ACR022,cafd47f0-912f-4039-b47e-81df4e7bda1e,,,
Catálogo organizado,616,ADM011,,MAY,ADMISS,BRILLO,"Bases, tops, brillos y finalizadores",IMPORTED,5b46e29a-d60c-4b64-b841-4724ee98b6fe,ADM-BAS-95AA3A,2da6bc39-d817-44ca-9a7e-10fd796cf17d,ADM011,e855cc6e-484e-42ef-8a34-2624e2b4796a,,,
Catálogo organizado,617,ADM012,,MAY,ADMISS,BRILLO AMBAR,"Bases, tops, brillos y finalizadores",IMPORTED,1a88a3d5-0538-4c37-b84e-85932472b676,ADM-BAS-7A12A4,42aa182d-4ff4-4262-bd53-c0761889099d,ADM012,6fa870cb-cce9-4732-a2e6-9b042a242cfc,,,
Catálogo organizado,618,ADM013,,MAY,ADMISS,BRILLO COSMICO,"Bases, tops, brillos y finalizadores",IMPORTED,d2b4e011-fef1-4620-971a-5305f100189d,ADM-BAS-19A8D1,d0ea61fb-8526-4e1e-bdeb-baf476c683cb,ADM013,a9d00be1-f58b-4662-b737-bae2a27fb600,,,
Catálogo organizado,619,ADM014,,MAY,ADMISS,BRILLO FIESTA,"Bases, tops, brillos y finalizadores",IMPORTED,486c585e-d751-4d17-ae69-ad732d9869f4,ADM-BAS-109588,a54b1630-3432-44bf-913a-f9a31fce0ba3,ADM014,173d3778-999f-4498-bd3f-18b3eafed94e,,,
Catálogo organizado,620,ADM015,,MAY,ADMISS,BRILLO GEL 10ML,"Bases, tops, brillos y finalizadores",IMPORTED,20e8b409-9942-4d44-80b2-04de05e0c34d,ADM-BAS-00D0CD,fc1c48d2-4be4-4e82-baf8-e0cdc0ec1ca2,ADM015,18c21413-5720-4bfe-9bd4-781751dc180b,,,
Catálogo organizado,621,ADM016,,MAY,ADMISS,BRILLO HIELO,"Bases, tops, brillos y finalizadores",IMPORTED,cd66b3a0-a26e-4494-ba48-4290817e2de7,ADM-BAS-01A1F2,49273aca-7712-43cd-b3e5-11da1f513fff,ADM016,0612c568-a604-4aaa-8b30-6ae19492b72f,,,
Catálogo organizado,622,ADM017,,MAY,ADMISS,BRILLO LUKE,"Bases, tops, brillos y finalizadores",IMPORTED,76ae5319-37fa-4069-b929-dc28babae831,ADM-BAS-8E21A7,647fd01e-2489-4532-8886-54a738d57248,ADM017,a7dfc847-0a44-4518-bcb8-b0a91c2848ef,,,
Catálogo organizado,623,ADM018,,MAY,ADMISS,BRILLO PLATINO,"Bases, tops, brillos y finalizadores",IMPORTED,8b7d258e-5b0a-4ee5-a1f0-e33106c482a6,ADM-BAS-92B367,53b08a78-d08d-42d6-ae65-2be8327942c4,ADM018,bcd79881-66f2-49d8-9077-01df75c4bc44,,,
Catálogo organizado,624,ADM019,,MAY,ADMISS,BRILLO SECANTE,"Bases, tops, brillos y finalizadores",IMPORTED,f5bf0034-d702-48c5-9aac-cf00e44c4323,ADM-BAS-EE4980,890152cf-ae21-412f-a478-f94c8fe463ef,ADM019,e4da6462-f377-41e4-9a86-e9db62aefa9c,,,
Catálogo organizado,625,ADM020,,MAY,ADMISS,BRILLO SUPER STAR,"Bases, tops, brillos y finalizadores",IMPORTED,50839b27-d75f-47cf-9478-d7c8232aef0e,ADM-BAS-978CF5,63e48ac7-eba5-44c4-8603-845487fb5f33,ADM020,08db501f-959c-46b7-8a4a-9575f0f1f6f8,,,
Catálogo organizado,626,,,WEDOR,CANDY SECRET,TOP COAT 15ML,"Bases, tops, brillos y finalizadores",IMPORTED,c09b5de9-dcaf-4967-ada3-bf74f972e966,CAN-BAS-D53D66,1e4fb09d-e957-4e01-b2f3-154349fb8007,CAN-BAS-D53D66-98A00E,512b4405-0935-4c7a-8b12-1f2b8c90e82c,,,
Catálogo organizado,627,,LC2011,ROSE&LIN,CHARM LIMIT,BASE COAT 10ML,"Bases, tops, brillos y finalizadores",IMPORTED,752ce290-42d6-4306-b101-486cb91dd77a,CHA-BAS-6AEFBB,1c972006-671c-4c54-ac53-d3b5c0e82a16,CHA-BAS-6AEFBB-95538C,56c67376-764d-4343-b442-3b5969e7165b,,,
Catálogo organizado,628,,LC2533,ROSE&LIN,CHARM LIMIT,BASE COAT MOÑITO 15ML,"Bases, tops, brillos y finalizadores",IMPORTED,d90cfec1-c931-411b-a2c6-c6f212e356f1,CHA-BAS-37BAA1,f220499d-4b62-4431-9855-d675a07941ee,CHA-BAS-37BAA1-98A00E,05facfb3-da13-4f9e-871c-dfcf4770019c,,,
Catálogo organizado,629,,LC2012,ROSE&LIN,CHARM LIMIT,TOP COAT 10ML,"Bases, tops, brillos y finalizadores",IMPORTED,613b929b-8b9a-4ef6-b8e5-b13766146825,CHA-BAS-B30049,9cc6ef82-a6fc-4886-8d23-cb87f6ace4a3,CHA-BAS-B30049-95538C,5f16277b-4a85-46cf-b3e9-50285603dc55,,,
Catálogo organizado,630,,LC2532,ROSE&LIN,CHARM LIMIT,TOP COAT MOÑITO 15ML,"Bases, tops, brillos y finalizadores",IMPORTED,2074bd91-f9a9-4e5f-ac28-0ec974fd642f,CHA-BAS-59320D,6704d042-b395-44be-91aa-99b0696ca24a,CHA-BAS-59320D-98A00E,9a5cbdf1-9bf5-45ba-af74-c4a129d8743b,,,
Catálogo organizado,631,CHE017,,MAY,CHERIMOYA,BASE COAT 15ML,"Bases, tops, brillos y finalizadores",IMPORTED,cf81125f-366f-459d-b333-d50da7730e70,CHE-BAS-1B01A6,dbcf93bf-17b7-48e9-93ce-ebe0a82907ee,CHE017,b69134a5-883b-4956-9d11-9f1bda768577,,,
Catálogo organizado,632,CHE018,,MAY,CHERIMOYA,MATTE TOP COAT 15ML,"Bases, tops, brillos y finalizadores",IMPORTED,438d831b-c0f3-4b15-991c-07f1d91e93f9,CHE-BAS-8A5448,c9feb005-845d-4944-a0eb-5df301551a89,CHE018,3a020274-5c3e-401e-b2bd-3546dc561ed6,,,
Catálogo organizado,633,,,MAY,CHERIMOYA,TOP COAT 15ML,"Bases, tops, brillos y finalizadores",IMPORTED,f90ce6b7-6ddc-447c-8ff8-ca154f5f9021,CHE-BAS-A4062C,6a114e6c-67d9-4169-bd9e-40008f68d817,CHE-BAS-A4062C-98A00E,c71b3700-2532-43b4-a2cd-c92861499a00,,,
Catálogo organizado,634,CHE019,,MAY,CHERIMOYA,TOP FINISH GEL 15ML,"Bases, tops, brillos y finalizadores",IMPORTED,a930daf7-9f33-4652-acc3-38ec573df6c2,CHE-BAS-85E537,4891e7c0-aac9-460d-953c-c6991315ac49,CHE019,e712f0e7-1ad1-49f6-a129-42379f6e249f,,,
Catálogo organizado,635,,,CIANNY TRADIC,CIANNY,TOP COAT HIGH VISCOSITY,"Bases, tops, brillos y finalizadores",IMPORTED,f4d0c1c7-58d6-42fd-96a3-af8979ec0418,CIA-BAS-F185BD,b8b860ab-4e28-44da-b2d7-070d3acbfee7,CIA-BAS-F185BD-UNICA,1bb3f815-724e-4daf-8135-f104180b7dd3,,,
Catálogo organizado,636,DEM001,,MAY,DEMERT,SECANTE DE UÑAS SPRAY,"Bases, tops, brillos y finalizadores",IMPORTED,05c8b112-a89c-4de5-98b4-55d67e53eb2a,DEM-BAS-6955C5,53b97938-3ff3-4358-94bd-655e290204d3,DEM001,7e476688-a76e-4efc-91ec-4fbab436a49e,,,
Catálogo organizado,637,,,MAY,FANTASY NAILS,GLAM GEL FINALIZADOR 15ml,"Bases, tops, brillos y finalizadores",IMPORTED,bdbc4868-0d7a-4f75-8059-89d862e814a2,FAN-BAS-8C2A80,3d44dbae-4c87-4d08-8831-701faa8c7957,FAN-BAS-8C2A80-98A00E,c3133d27-8829-4720-9396-8a8c4d0ff58b,,,
Catálogo organizado,638,,,MARLY,FLOWER SECRET,BASE COAT 15ML,"Bases, tops, brillos y finalizadores",IMPORTED,be42f3c4-6fc8-4151-b76d-724a6b04a8de,FLO-BAS-51F7B6,5dffde14-99d5-4c2a-ba47-6f72009a83f8,FLO-BAS-51F7B6-98A00E,4c67bae2-01af-424c-8a1c-ebf3f75852c8,,,
Catálogo organizado,639,,,MARLY,FLOWER SECRET,TOP COAT 15ML,"Bases, tops, brillos y finalizadores",IMPORTED,1488ecaa-740e-4474-8e6c-ae88304faf3b,FLO-BAS-8134DF,72b04abd-47b4-4765-ac02-2692afb6bec3,FLO-BAS-8134DF-98A00E,6dbaceb9-e527-42dd-96e7-1a1f0b99adbc,,,
Catálogo organizado,640,,,MAY,L&D,BASE RUBBER MOÑITO,"Bases, tops, brillos y finalizadores",IMPORTED,0dbb7c5e-175b-4582-9b77-858b84137931,LDX-BAS-6598E9,2ec9eb55-537d-45f2-9165-f42a59707e11,LDX-BAS-6598E9-UNICA,81d3c803-158a-4a1a-96f2-7cfe39b24c13,,,
Catálogo organizado,641,MAS098,,MAY,MASGLO,BASE AJOS Y LIMON,"Bases, tops, brillos y finalizadores",IMPORTED,d6d612fd-ad34-46c8-afab-1987a6a14968,MAS-BAS-9D7615,85dc579d-175f-422f-82fc-b37f70d8791e,MAS098,d28bcbfe-9f1e-4db3-8152-abac52b17dd8,,,
Catálogo organizado,642,MAS096,,MAY,MASGLO,BASE NUTRITIVA,"Bases, tops, brillos y finalizadores",IMPORTED,92182f79-28b8-494d-8618-5a6733f89662,MAS-BAS-5CA25A,ea300bba-13da-488c-bdca-a4cb33de6645,MAS096,1a55b39f-5876-4060-84c5-7fa4ffd57a90,,,
Catálogo organizado,643,MAS097,,MAY,MASGLO,BASE UÑAS FUERTES,"Bases, tops, brillos y finalizadores",IMPORTED,c48334e4-512d-4975-8727-dbe341a0c94a,MAS-BAS-60D634,bf4784ed-3f7c-466c-a842-1be2c8d7d906,MAS097,b329d755-1c44-4729-8e11-56be8ee712ba,,,
Catálogo organizado,644,MAS083,,MAY,MASGLO,BRILLO AJEDREZ,"Bases, tops, brillos y finalizadores",IMPORTED,8befa5ec-4e2e-4cf6-81f5-49a8b368705d,MAS-BAS-4A5948,3f654004-d070-4032-9308-029d3e57b65d,MAS083,705fb7f4-b2fa-4f5a-86a1-924cb2d4a2e2,,,
Catálogo organizado,645,MAS089,,MAY,MASGLO,BRILLO ARCOIRIS,"Bases, tops, brillos y finalizadores",IMPORTED,eb6cabc1-132e-427a-933e-78b38120fc9a,MAS-BAS-47031A,a47375ef-de4f-4eb3-b85a-66c4b88d0d84,MAS089,3ab7f8a6-3292-4b74-a16a-a2f888f8abba,,,
Catálogo organizado,646,MAS091,,MAY,MASGLO,BRILLO BENEVOLENTE,"Bases, tops, brillos y finalizadores",IMPORTED,a099be79-a6c8-46e8-a196-c1aaad8625ab,MAS-BAS-EA67FB,5c95a162-2667-44b4-8607-678569aadfa5,MAS091,33d0325d-b10b-4736-a81d-88c295353214,,,
Catálogo organizado,647,MAS087,,MAY,MASGLO,BRILLO CONFIANZA,"Bases, tops, brillos y finalizadores",IMPORTED,05e41734-3575-4c28-ad7b-dfb321846200,MAS-BAS-AA8352,90d4f442-5c5d-4826-8f3f-f8f08d371233,MAS087,1c11b01f-4288-48f3-bacc-f7ede6103e4a,,,
Catálogo organizado,648,MAS085,,MAY,MASGLO,BRILLO CORAL,"Bases, tops, brillos y finalizadores",IMPORTED,d93cad2d-2e7d-43ff-891a-43de55be0806,MAS-BAS-485F70,d31557b4-151b-4e4c-ab5e-9ecff807e8fe,MAS085,b666676d-b176-4c1b-b387-c0da8e5362fb,,,
Catálogo organizado,649,MAS088,,MAY,MASGLO,BRILLO DESTELLOS,"Bases, tops, brillos y finalizadores",IMPORTED,b3d12a55-8c9f-4ab1-9181-3edbb1c47ac5,MAS-BAS-A87DF1,8a04544a-7f65-4c9d-8014-b615bc5e7c47,MAS088,fdc164f0-cf08-4681-a4f4-a72a42fa155a,,,
Catálogo organizado,650,MAS107,,MAY,MASGLO,BRILLO GEL TAPA NEGRA,"Bases, tops, brillos y finalizadores",IMPORTED,76bef59c-a9d6-49f2-b763-c656cc1d0974,MAS-BAS-5BE36A,18350986-2210-47e9-b03e-e599d8e0f84d,MAS107,1d52777e-0a1b-43e9-adaa-be41b41c62f3,,,
Catálogo organizado,651,MAS086,,MAY,MASGLO,BRILLO MANCORA,"Bases, tops, brillos y finalizadores",IMPORTED,ac021d3c-ff3a-4e13-9480-7e27217f23ac,MAS-BAS-2F4E4B,dd8752e6-6bba-483f-a128-14bff05d352b,MAS086,adbc9e4a-551b-4fd5-9bcd-6338c466a0c8,,,
Catálogo organizado,652,MAS084,,MAY,MASGLO,BRILLO ROSA,"Bases, tops, brillos y finalizadores",IMPORTED,d93cad2d-2e7d-43ff-891a-43de55be0806,MAS-BAS-485F70,7bff6af9-fbdd-4722-b9c9-b646d3b5592b,MAS084,84e410a0-4c33-4842-99bd-7404e4123e54,,,
Catálogo organizado,653,MAS099,,MAY,MASGLO,BRILLO SECANTE,"Bases, tops, brillos y finalizadores",IMPORTED,f0ea7def-16e5-4645-b931-3805b97a6095,MAS-BAS-227150,0edb7113-c7e8-4998-a130-77f11da707ba,MAS099,edf3171b-053d-426a-ae12-d36b345f960a,,,
Catálogo organizado,654,MAS025,,MAY,MASGLO,BRILLO SEDA,"Bases, tops, brillos y finalizadores",IMPORTED,ee97469b-c98f-4266-9768-ff00f6c8e4c9,MAS-BAS-C07AEC,25084a12-5f8a-495e-8b57-96fd007dc7fc,MAS025,a954072a-c4a5-4ad8-b845-a6d610bdd2d4,,,
Catálogo organizado,655,MAS090,,MAY,MASGLO,BRILLO TRES OROS,"Bases, tops, brillos y finalizadores",IMPORTED,d1d15d85-d146-4336-b05a-c50139153e42,MAS-BAS-298094,5f4663e9-9ce0-48bc-8eeb-7d7504ab5316,MAS090,db80cfeb-7ca7-4843-a933-723cbf38b2dc,,,
Catálogo organizado,656,MAS100,,MAY,MASGLO,MATIFICADOR,"Bases, tops, brillos y finalizadores",IMPORTED,479fabb9-0f95-43e2-bb31-1b620c30004e,MAS-BAS-F09780,b4b8cbfb-d1c5-40fa-80c0-6a49a875556e,MAS100,a3f4ffe1-0967-4b57-8d11-88b796e82551,,,
Catálogo organizado,657,MAS012,,MAY,MASGLO,SELLANTE DE ACRILICO 15ml.,"Bases, tops, brillos y finalizadores",IMPORTED,e1fff914-3a3e-4824-9067-78fa9baabf11,MAS-BAS-F9578C,d3bbfbe9-1f0c-48c7-a9e8-fb67c5178fcc,MAS012,d5d3836c-7ac0-433c-83c2-8a2a3dbd7e82,,,
Catálogo organizado,658,MAS094,,MAY,MASGLO,TOTAL CARE NUDE,"Bases, tops, brillos y finalizadores",IMPORTED,fcc88f26-00b8-4a7f-8f18-b3451c4fbb4b,MAS-BAS-DD366D,af3ac0a6-bc29-41c9-9dd7-50f52acd8cc1,MAS094,1b1d8af7-1e7e-45f7-adac-9ea77eefa99d,,,
Catálogo organizado,659,MAS095,,MAY,MASGLO,TOTAL CARE ROSADA,"Bases, tops, brillos y finalizadores",IMPORTED,fcc88f26-00b8-4a7f-8f18-b3451c4fbb4b,MAS-BAS-DD366D,d5ab0ea6-d7e6-4ffb-8ab2-132197a67076,MAS095,3b12c56f-4b88-42bc-b69e-de60ea4d8cc5,,,
Catálogo organizado,660,MCN003,,MC,MC NAILS,GEL BASE FOUNDATION 15ML,"Bases, tops, brillos y finalizadores",IMPORTED,2efe909a-afca-4579-8c1f-954dbef14995,MCN-BAS-9B2DA9,1c757dbc-dd97-459f-b0b4-d9c5e9cca03d,MCN003,5b21d5cc-f3e6-45ff-b404-3f61f629d433,,,
Catálogo organizado,661,MCN005,,MC,MC NAILS,GEL TOP GLAM SHIMMER 15ML,"Bases, tops, brillos y finalizadores",IMPORTED,361e45fc-a27e-4c29-9624-6b77d57c49bd,MCN-BAS-687BEF,b800d395-4de1-4e5c-88ce-a44f3f696aa6,MCN005,7d62ecaf-2818-4314-8f18-185715adbfd1,,,
Catálogo organizado,662,MCN035,,MC,MC NAILS,TOP COAT DAZZ COVER 15ML,"Bases, tops, brillos y finalizadores",IMPORTED,50b9a16a-fc79-4891-8cda-aa068f4c4432,MCN-BAS-877D54,2f88c326-9935-4314-8c1e-0ffbb26a39c8,MCN035,0704d34c-e4af-49f8-ad52-f363baf9346a,,,
Catálogo organizado,663,,,MYSTYLE,MYSTYLE,TOP COAT 15ML,"Bases, tops, brillos y finalizadores",IMPORTED,134b75c0-1ced-4eaa-be9d-adc3c33ea208,MYS-BAS-28FCE9,b85a2848-f04b-4b6d-9ebf-e39c0ad53b76,MYS-BAS-28FCE9-98A00E,0483736d-5b6b-4e5c-ac10-7ebe33360ddc,,,
Catálogo organizado,664,,,MYSTYLE,MYSTYLE,TOP COAT 15ML FUCSIA ULTRA GLOSS,"Bases, tops, brillos y finalizadores",IMPORTED,96597b4c-1283-4702-8e85-65ace53f88bb,MYS-BAS-F56418,9f63a4ea-337d-4560-88a8-266530257975,MYS-BAS-F56418-C37E9D,f8e5d1b3-69cd-40c9-bf16-7e5bf004d954,,,
Catálogo organizado,665,,,SHIALER,P&W,BASE COAT 20ML,"Bases, tops, brillos y finalizadores",IMPORTED,4f95dcef-d460-4ea3-a57b-d939db37bb48,PWX-BAS-135BF0,2f6b99d6-5b6c-48e9-8340-c253c51d2632,PWX-BAS-135BF0-4F9074,51301467-7f58-40a8-9079-07c2695440b8,,,
Catálogo organizado,666,,,SHIALER,P&W,TOP COAT 20ML,"Bases, tops, brillos y finalizadores",IMPORTED,cbe8a055-6c14-44b2-8fd0-c2be609cbe03,PWX-BAS-5A6534,adb7dfaf-ffe8-4f19-bf92-fe1e0273f00f,PWX-BAS-5A6534-4F9074,49aa2622-314a-46d4-8cc8-8fab45450627,,,
Catálogo organizado,667,,SH-496,REVEL,REVEL,TOP RUBBER 20ML,"Bases, tops, brillos y finalizadores",IMPORTED,27a796e7-35d2-4633-b431-8df0d45fb284,REV-BAS-BCE17C,0daaa938-bbb7-4450-a6c0-119a8c2c86e7,REV-BAS-BCE17C-4F9074,04c4f159-3b59-4f99-8783-c46635b8e384,,,
Catálogo organizado,668,,,ACRYLOVE,ACRYLOVE,BROCA BOLA x1,Brocas y repuestos de drill,IMPORTED,7ef0caf0-548f-432e-9dfd-c00fe3d2fb39,ACR-BRO-28878C,04f08576-5b53-47f8-8c0f-9fa2c1ebfe27,ACR-BRO-28878C-FD3356,f30d8f9f-9053-4885-87d0-893cc5341265,,,
Catálogo organizado,669,,,ACRYLOVE,ACRYLOVE,BROCA FLAMA X1,Brocas y repuestos de drill,IMPORTED,e5fba211-9768-4a53-bdea-68f7547657e9,ACR-BRO-630C92,fc926308-c13e-4687-8377-099ed7a9be6b,ACR-BRO-630C92-FD3356,6a3370d9-61db-4b4d-bf06-d2ceb8b5c93f,,,
Catálogo organizado,670,,,MAY,OTROS,BROCA 5EN1 AZUL,Brocas y repuestos de drill,IMPORTED,6d83d053-ab02-410d-9d28-27206ffd4c05,GEN-BRO-359E7B,0b4a9429-f5f0-4883-a06b-13a3ddc7e0c4,GEN-BRO-359E7B-B4B388,407f3a08-4f7f-4852-b55d-24193bde2ebf,,,
Catálogo organizado,671,,,MAY,OTROS,BROCA 5EN1 ROJO,Brocas y repuestos de drill,IMPORTED,6d83d053-ab02-410d-9d28-27206ffd4c05,GEN-BRO-359E7B,6ba1f066-2e2d-4a20-b8a7-f0adb5e462e4,GEN-BRO-359E7B-D39644,ee747b9f-0050-4648-9a85-d0d89a8e8e53,,,
Catálogo organizado,672,,,MAY,OTROS,BROCA 5EN1 VERDE,Brocas y repuestos de drill,IMPORTED,6d83d053-ab02-410d-9d28-27206ffd4c05,GEN-BRO-359E7B,5c274b00-361f-4c0a-a15d-469780f9b308,GEN-BRO-359E7B-B794D0,e152573d-f3f8-4900-8e8f-63bbcbfb5eb8,,,
Catálogo organizado,673,,,MAY,OTROS,BROCA BARRIL (T),Brocas y repuestos de drill,IMPORTED,e1322737-ef4e-410b-9854-05a610796048,GEN-BRO-C9BF40,ba58f82d-6479-4973-bf90-57d8a3a0b0c4,GEN-BRO-C9BF40-UNICA,8055b424-d88c-402c-8f9a-c7f01b33b78c,,,
Catálogo organizado,674,,,KELMAR,OTROS,BROCA BOLA x1,Brocas y repuestos de drill,IMPORTED,155aafda-7e61-4151-be53-9730976040cf,GEN-BRO-F31A42,a4565e89-4bee-44d5-afe0-1da0f75f9203,GEN-BRO-F31A42-FD3356,e68f3f2e-8388-4c82-9e4a-ef7b26e695b9,,,
Catálogo organizado,675,,,KELMAR,OTROS,BROCA CONO INVERTIDO x1,Brocas y repuestos de drill,IMPORTED,eeaf9f7d-aa03-41f5-8a2e-01b23b927b8c,GEN-BRO-E432E3,8dcac686-9625-4e92-a379-b0e87796dd1a,GEN-BRO-E432E3-FD3356,3c811fbb-9ec3-41de-b51f-8fa10eee7096,,,
Catálogo organizado,676,,LSH-054,WEDOR,OTROS,BROCA DE PODO DISCO,Brocas y repuestos de drill,IMPORTED,2e501382-e473-446b-b030-6fd743bef91f,GEN-BRO-78F179,bdfd6cc9-955c-4a72-9504-e03ef3398675,GEN-BRO-78F179-UNICA,b783e47b-37f4-4b54-bbb3-cd25a4013ca0,,,
Catálogo organizado,677,,,KELMAR,OTROS,BROCA MICROFONO x1,Brocas y repuestos de drill,IMPORTED,27fc3ee6-9fa8-415e-ac38-7ed4f5135052,GEN-BRO-9F9448,cc81f9f1-eacb-44d9-b4b7-7aa19ef11297,GEN-BRO-9F9448-FD3356,b79158c5-efed-4fc7-a891-88eb8abefd54,,,
Catálogo organizado,678,,LS241-080,WEDOR,OTROS,"LIMA EN DISCO #80,120,180",Brocas y repuestos de drill,IMPORTED,397a2440-700e-46a6-832a-07942a03a6b3,GEN-BRO-B3DA5B,48704f03-abf7-4bc6-90f1-c408dc65cc03,GEN-BRO-B3DA5B-UNICA,9f6f1612-6a91-4fc1-8e20-d7e2083e2017,,,
Catálogo organizado,679,OTR225,,MAY,OTROS,SET BROCA MANICURE RUSA X10pza,Brocas y repuestos de drill,IMPORTED,f3f90bfe-b0ec-4d98-8958-815d4ecf06f1,GEN-BRO-754821,683fc2d6-2fde-48c7-a39b-9875778e63c0,OTR225,ccb61e76-a21c-4cd4-a839-94ffe0468ecc,,,
Catálogo organizado,680,,SS-436,CHINO PUNO,OTROS,SET BROCAS CERAMICA X8PZA,Brocas y repuestos de drill,IMPORTED,0011615b-6d8b-463c-9cef-5d503e46229f,GEN-BRO-62859D,f53a5605-5450-45b8-a55f-a0c79e16ee84,GEN-BRO-62859D-7E13FC,b606f726-ef8e-4de6-b6d0-48250d5a41e5,,,
Catálogo organizado,681,OTR224,SS-084,CHINO PUNO,OTROS,SET BROCAS D/CERAMICA X7PZA,Brocas y repuestos de drill,IMPORTED,ffdffee5-ca55-411c-a78c-e2df040ceb75,GEN-BRO-AA1977,5b3a42c7-f53a-481d-9987-6290888a8312,OTR224,a2a64cc5-ccfc-4b4a-91ab-e77471683259,,,
Catálogo organizado,682,,,MAY,OTROS,SET BROCAS D/TUNGSTENO TORNASOL X7PZA,Brocas y repuestos de drill,IMPORTED,407b5eb6-ae7d-42f5-b9d5-1cfb8f98a412,GEN-BRO-5AF100,65ed62f2-64f6-43a8-a656-6a072a30cd90,GEN-BRO-5AF100-74836B,c7f0fd8d-a04d-4162-8332-30657b2883e9,,,
Catálogo organizado,683,,SHEY-355,MAY,OTROS,SET BROCAS MANICURE RUSA PROFES X8pza,Brocas y repuestos de drill,IMPORTED,882e2166-5a56-44b9-9944-1a9ce59df42f,GEN-BRO-216BED,52142860-5430-4c77-923a-0ff9c568f893,GEN-BRO-216BED-7E13FC,52095346-7a82-4190-9969-94984e41b2da,,,
Catálogo organizado,684,,SHEY-351,MAY,OTROS,SET BROCAS MANICURE RUSA SIN CEPILLO X10pza,Brocas y repuestos de drill,IMPORTED,f2bfcc3b-82bd-43fd-9219-352f12b717c4,GEN-BRO-49A79B,cccae91a-8096-4ce5-9d26-2f244e293714,GEN-BRO-49A79B-77BB6F,b592c1ad-813b-4e5e-beef-559d5564d6f6,,,
Catálogo organizado,685,,S/C,ACRYLOVE,ACRYLOVE,ACEITE P/CUTICULA ALMOND 14ML,"Cuidado de cutícula, manos y pies",IMPORTED,8a780316-829a-4976-b0fd-0e6e17ccf975,ACR-CUI-A91B36,4cbf7dd7-0518-495f-b9f6-0425859267f0,ACR-CUI-A91B36-458FBE,9188ac3a-f1c9-4351-8cd1-bdff8c84504f,,,
Catálogo organizado,686,,S/C,ACRYLOVE,ACRYLOVE,ACEITE P/CUTICULA COCONUTE 14ML,"Cuidado de cutícula, manos y pies",IMPORTED,1b1d7da6-9a94-45da-89a4-4d21c11e0ba8,ACR-CUI-51BCE8,18188540-a4fa-45d6-a700-c55603450de4,ACR-CUI-51BCE8-458FBE,d0433f02-1ed0-4e89-8640-9d34ca8c67d7,,,
Catálogo organizado,687,,S/C,ACRYLOVE,ACRYLOVE,ACEITE P/CUTICULA PEACH 14ML,"Cuidado de cutícula, manos y pies",IMPORTED,c7350538-bb24-4ae0-b6f6-5193ac8f35b3,ACR-CUI-ABB528,1c6b80b7-5bd4-488e-9d83-29297da8b02b,ACR-CUI-ABB528-458FBE,5b3d4f40-72a1-40d6-b08f-a65cc3eab9a3,,,
Catálogo organizado,688,ACR025,S/C,ACRYLOVE,ACRYLOVE,ACEITE P/CUTICULA PINEAPLE 14ML,"Cuidado de cutícula, manos y pies",IMPORTED,4efc8de0-85fc-4929-b42d-4cd82d66af5c,ACR-CUI-515B14,d67b9f1a-368e-40c0-9f93-d6345fe76da5,ACR025,c83b7cac-4eaa-4159-93e1-cc3b83991d30,,,
Catálogo organizado,689,,S/C,ACRYLOVE,ACRYLOVE,ACEITE P/CUTICULA PURPLE 14ML,"Cuidado de cutícula, manos y pies",IMPORTED,bbcb8c3e-51f4-4bfb-9e78-216bcf42ac78,ACR-CUI-70B098,62dd0424-97a6-43c7-a9ee-8a02be06c126,ACR-CUI-70B098-458FBE,40d8949e-1f91-494f-a81f-2004f8e0d1c5,,,
Catálogo organizado,690,CHE010,,MAY,CHERIMOYA,ACEITE DE CUTICULA 15ML LIMON,"Cuidado de cutícula, manos y pies",IMPORTED,9976f60c-81c0-4031-8eb2-0200a3dd9448,CHE-CUI-ED0D98,370051b9-966b-4af4-89c3-3db142ec6a01,CHE010,d0a60458-6b93-4de8-8083-5e4ab64b18de,,,
Catálogo organizado,691,CHE009,,MAY,CHERIMOYA,REMOVEDOR DE CUTICULA 15ML,"Cuidado de cutícula, manos y pies",IMPORTED,25a3c033-50cc-4cdf-ba94-701383b2692c,CHE-CUI-837FFD,043045e6-0de7-4a84-aa9e-795195b20f96,CHE009,b4d44352-9c85-4b4a-9c76-b715c2abe6a3,,,
Catálogo organizado,692,MAS002,,MAY,MASGLO,ACEITE REGEN. CUTICULA 30ml.,"Cuidado de cutícula, manos y pies",IMPORTED,8732d367-31dc-47a8-9173-46b5e443fc81,MAS-CUI-E3FB8C,a0b9ab56-6950-4c8c-bfe8-0d141c9de351,MAS002,f6d6416d-3698-4512-9d04-e6a462cee0ea,,,
Catálogo organizado,693,MAS003,,MAY,MASGLO,REMOVEDOR CUTICULA 58ml.,"Cuidado de cutícula, manos y pies",IMPORTED,5eb746b5-6486-4e9b-8dd2-26801b42e1b5,MAS-CUI-E41621,3a07fae8-2631-42cd-ab02-f9aa72f3cec4,MAS003,4e85ef10-21a8-43a0-b5e6-31afaca06df4,,,
Catálogo organizado,694,MAS001,,MAY,MASGLO,REMOVEDOR DE CALLOS 120ml.,"Cuidado de cutícula, manos y pies",IMPORTED,4c11709c-238e-4ae1-8a9c-0a7939072ea4,MAS-CUI-15C4E5,10c5b629-ac1b-4463-8b80-ceb990b0df2d,MAS001,be7ce136-62df-404b-ac25-7b6722bf51df,,,
Catálogo organizado,695,OTR030,,MAY,OTROS,BOWL PARA MANO ROSADO,"Cuidado de cutícula, manos y pies",IMPORTED,38c88729-5d78-4261-abf6-cf6dc63ef736,GEN-CUI-04BB9C,9d20403c-83f8-430b-a4bf-4e22656a59d6,OTR030,431c3f65-46cb-46e9-b63f-7a7618fb7053,,,
Catálogo organizado,696,,SS-357,CHINO PUNO,OTROS,CEPILLITOS DE MANO X12,"Cuidado de cutícula, manos y pies",IMPORTED,eb8e1390-5131-4d59-b421-ce04379e3ad4,GEN-CUI-80F5C9,4955ca9d-be14-4352-8249-ac81da0007e1,GEN-CUI-80F5C9-45D118,eab77214-a9cb-43d4-bc60-97c3e9a80061,,,
Catálogo organizado,697,OTR210,,MAY,OTROS,CEPILLO DE MANO X3PZA,"Cuidado de cutícula, manos y pies",IMPORTED,04887dfb-a0a2-4fde-b1c9-b692c9aee94e,GEN-CUI-432B42,42ad33ae-6007-407f-9037-766730fbdbd1,OTR210,97b2748c-2f9e-40be-90f9-3db2d05bfb0b,,,
Catálogo organizado,698,OTR209,,MAY,OTROS,CEPILLO DE PIE X2PZA,"Cuidado de cutícula, manos y pies",IMPORTED,81a85614-8a97-4a3a-b8e5-65821b71eeb3,GEN-CUI-1A8DA3,0a754712-9e8f-4e1f-9784-49ea31f40f6f,OTR209,e1723987-e4ef-4390-91e8-a4d4d32ddc49,,,
Catálogo organizado,699,,,MAY,OTROS,CEPILLO DEDAL,"Cuidado de cutícula, manos y pies",IMPORTED,361227d9-76ac-451b-a1f1-6150bd872370,GEN-CUI-9F080B,b5675dbd-5292-47a4-80c8-206953da2213,GEN-CUI-9F080B-UNICA,66b40dbc-68db-4f90-9c8c-16a9c851bc7c,,,
Catálogo organizado,700,OTR095,,MAY,OTROS,PIEDRA POME,"Cuidado de cutícula, manos y pies",IMPORTED,75d76a39-1375-46ea-be89-75a26dabcfd0,GEN-CUI-44E428,b0feee34-d6a1-410b-badc-0559940fc79d,OTR095,10266d1b-feba-4441-b9ba-245f86a41dc0,,,
Catálogo organizado,701,OTR058,,MAY,OTROS,SEPARADOR DE DEDOS,"Cuidado de cutícula, manos y pies",IMPORTED,936c93df-2caf-4bd1-b22a-dd7bcf8e9b85,GEN-CUI-215D19,7ee739a8-e6d3-44ea-80ca-d5586eb91a58,OTR058,07a86220-f0b5-4e8b-88e7-5855b9bce07a,,,
Catálogo organizado,702,,,KELMAR PUNO,OTROS,SEPARADOR DE DEDOS SILICONA X2,"Cuidado de cutícula, manos y pies",IMPORTED,b656f5e3-17e9-4255-a560-520a55c25d62,GEN-CUI-E1755B,f439cb61-be47-4b6d-b260-e92b12831cb3,GEN-CUI-E1755B-B98594,81137eb6-136e-4d0b-92d7-f57da19fd26d,,,
Catálogo organizado,703,,,POPEYE,OTROS,TINA PARA PIE,"Cuidado de cutícula, manos y pies",IMPORTED,25f6f967-d985-430a-8816-7a27502ec221,GEN-CUI-9CB57C,654f7453-7003-49aa-979d-ba02da4f9bd6,GEN-CUI-9CB57C-UNICA,c4273744-27c4-4857-bbca-b5e94c87f628,,,
Catálogo organizado,704,,SHEY-415,MAY,STRONGER,CREDO C/REPUESTO,"Cuidado de cutícula, manos y pies",IMPORTED,989d6af8-5d5c-4c8b-bed9-8d79d29d5a6a,STR-CUI-D070A4,4cb632ba-bf9b-42a3-85a4-f1dbf90064e4,STR-CUI-D070A4-UNICA,7885b7b7-953a-462f-9188-b329be41d573,,,
Catálogo organizado,705,STR011,,MAY,STRONGER,LIMA METAL C/SACACUTICULA,"Cuidado de cutícula, manos y pies",IMPORTED,09a71775-131b-4407-9512-de6cb1f91c57,STR-CUI-A7C8F8,cbd43964-b0c1-45b4-b65b-0d9dd82a2610,STR011,998cef52-e749-4833-b60a-991c28a1b95a,,,
Catálogo organizado,706,STR010,,MAY,STRONGER,SACACUTICULA C/REP. MANGO GOMA X1pza,"Cuidado de cutícula, manos y pies",IMPORTED,de67791a-9446-45e9-b302-5671c148127b,STR-CUI-C4E0DE,08b76824-80d1-4410-b53c-08b976f8431f,STR010,0a551a5f-6011-4b64-9f8e-5f265f42d4e3,,,
Catálogo organizado,707,,BF-5059,BEIFA,FASHION,ADORNO P/UÑA PASTILLERO B/N,Decoración y nail art,IMPORTED,f3f207e8-161c-46aa-be2f-bad4265240dc,FAS-DEC-08C1AD,8706bbf2-7ff6-4970-8018-f46bea8512a7,FAS-DEC-08C1AD-UNICA,77cde3ed-4de1-42fe-b22b-3b727b0def68,,,
Catálogo organizado,708,OTR138,,MAY,AIFER,ADORNO UÑA POMITO X6  (M-113 SUELTO),Decoración y nail art,IMPORTED,99f2ffb4-6ff1-4a63-a020-9034c952e356,AIF-DEC-2D8FE6,039b7228-8a6d-4685-9fc7-9d1ea5909a29,OTR138,3730c2a1-9583-4c35-9847-e8142c7faa0f,,,
Catálogo organizado,709,,,MAY,AMERICAN LABY'S,PIGMENTO PARA UÑAS CAJAX8,Decoración y nail art,IMPORTED,53d8008c-f525-4f9f-87db-49442b1cd436,AME-DEC-91E57B,69fc189b-70a6-4b9a-ae4a-62e639599073,AME-DEC-91E57B-UNICA,278d628a-131f-4957-b3a6-2d92732646b3,,,
Catálogo organizado,710,AOY009,,MAY,AOYASIYUE,ADORNO P/UÑA FIMOS BLISTER,Decoración y nail art,IMPORTED,1c7dae22-a53a-4483-b8c9-ff0f7c40b320,AOY-DEC-3A51DB,c8b90d0f-3aeb-447c-9442-76bbb63bb91a,AOY009,24c740c2-8901-4bc1-b310-7f14cfc42509,,,
Catálogo organizado,711,AOY003,,MAY,AOYASIYUE,ADORNO P/UÑAS BALINES COLORES,Decoración y nail art,IMPORTED,f81a2132-c44e-431f-98f4-a35f0debff5c,AOY-DEC-BAE11A,2044e468-3c5d-4ae2-b2be-e4557697ec5b,AOY003,ce46ec31-e192-4ce8-968e-3a3a27f07be9,,,
Catálogo organizado,712,AOY002,,MAY,AOYASIYUE,ADORNO P/UÑAS BALINES DORADO,Decoración y nail art,IMPORTED,f81a2132-c44e-431f-98f4-a35f0debff5c,AOY-DEC-BAE11A,13390519-c79f-45ca-a591-3afd619e914e,AOY002,f0929871-a2c9-4bff-886e-1b044380024b,,,
Catálogo organizado,713,AOY001,,MAY,AOYASIYUE,ADORNO P/UÑAS BALINES NEGRO,Decoración y nail art,IMPORTED,f81a2132-c44e-431f-98f4-a35f0debff5c,AOY-DEC-BAE11A,7ff37044-f475-4462-b03f-3c75805b0bd8,AOY001,405835c9-c66b-4923-899b-c5a9de295103,,,
Catálogo organizado,714,AOY004,,MAY,AOYASIYUE,ADORNO P/UÑAS BALINES NEUTROS,Decoración y nail art,IMPORTED,f81a2132-c44e-431f-98f4-a35f0debff5c,AOY-DEC-BAE11A,4fc45919-2702-465a-a257-48b20638351c,AOY004,4a078a72-3e20-46cb-b4c5-a09d7491b7e3,,,
Catálogo organizado,715,AOY012,,MAY,AOYASIYUE,ADORNO P/UÑAS DIAMANTE HOLOGRAFICO,Decoración y nail art,IMPORTED,a249632d-50fb-4fca-88e3-2a1d406ca950,AOY-DEC-019BAD,0c109cb7-cc32-44fb-aba9-c502d33b635f,AOY012,ef3affdd-702d-4565-96d8-0af5523bf7d5,,,
Catálogo organizado,716,AOY010,,MAY,AOYASIYUE,ADORNO P/UÑAS FRUTA BLISTER,Decoración y nail art,IMPORTED,66f249c9-a720-4fcd-be13-9c15ac22f63f,AOY-DEC-68EF2D,28f63e7a-733c-404a-ad90-8ffc3192fb2b,AOY010,7cda23f5-9870-42c4-840f-01b5b4cc9950,,,
Catálogo organizado,717,AOY011,,MAY,AOYASIYUE,ADORNO P/UÑAS MICRODIAMANTE BLISTER,Decoración y nail art,IMPORTED,d6d7f1d3-24a1-479e-af8d-baf777a56469,AOY-DEC-FD57E0,c5a7e465-2dca-4336-81a4-7d463caee5ee,AOY011,d7bbedc7-29bf-4c06-9719-fc60065b090c,,,
Catálogo organizado,718,,,MAY,AOYASIYUE,FLORES SECAS CAJA DORADA  X12,Decoración y nail art,IMPORTED,cf9375eb-837e-44cb-b795-872889a2b7c0,AOY-DEC-637C11,7b88d434-f096-4229-bd45-ac0883a27fee,AOY-DEC-637C11-E3EBE5,e18e4fc5-22fe-40d0-9671-9437ad19dbe3,,,
Catálogo organizado,719,AOY007,,MAY,AOYASIYUE,PEDRERIA EN BLISTER COLORES,Decoración y nail art,IMPORTED,556b81ba-6988-4db9-925a-f4ceb0824013,AOY-DEC-DC8B7D,9d9b03c1-0c19-461a-863d-13af0556bbaa,AOY007,b284f9ae-060a-4172-97b2-5b5003bea673,,,
Catálogo organizado,720,AOY006,,MAY,AOYASIYUE,PEDRERIA EN BLISTER DORADO,Decoración y nail art,IMPORTED,556b81ba-6988-4db9-925a-f4ceb0824013,AOY-DEC-DC8B7D,76bd18f1-dbd0-4831-ac63-6934f4793978,AOY006,1605da0f-46c1-46fe-8ad5-404d365ff81c,,,
Catálogo organizado,721,AOY008,,MAY,AOYASIYUE,PEDRERIA EN BLISTER NEGRO,Decoración y nail art,IMPORTED,556b81ba-6988-4db9-925a-f4ceb0824013,AOY-DEC-DC8B7D,9623c822-44be-482c-b060-cd766d7df4c0,AOY008,b1662f5f-17ef-49c9-b7ff-68eacedfde94,,,
Catálogo organizado,722,AOY005,,MAY,AOYASIYUE,PEDRERIA EN BLISTER PLATEADO,Decoración y nail art,IMPORTED,556b81ba-6988-4db9-925a-f4ceb0824013,AOY-DEC-DC8B7D,70bf061f-0169-415f-a7eb-d358acb675b2,AOY005,27b66620-0fab-4f4c-8e1c-247355250af2,,,
Catálogo organizado,723,,BF-0648,BEIFA,BEAUTIFUL NAIL,GLITERS BLANCOS X12,Decoración y nail art,IMPORTED,51473245-cd8b-4c83-a202-c7ea5a226c3f,BEA-DEC-1D09D0,a78b080e-8f9d-4f41-be5b-3359f40dc9eb,BEA-DEC-1D09D0-45D118,736229a1-219c-4896-8f00-fc8df8358089,,,
Catálogo organizado,724,,2411-147,MAJU,BEAUTIFUL NAIL ART,DECORACION HELLO KITTY PASTILLERO,Decoración y nail art,IMPORTED,17ad9398-c5ac-446a-9352-0491c80be9a9,BEA-DEC-E33FBB,0a76cb26-1cd8-406d-8150-ff8749958574,BEA-DEC-E33FBB-UNICA,d2af4b4f-fc4e-420b-8052-90542fa63454,,,
Catálogo organizado,725,,O519,BEIFA,BEIFA,STICKER P/UÑAS BLANCO,Decoración y nail art,IMPORTED,42e443e3-a74d-496b-902b-623bf50985e5,BEI-DEC-1301A7,92d30c07-1476-47a2-abfe-3ddd683dd9db,BEI-DEC-1301A7-5048B7,57bb25d5-bb03-4fa5-ad33-082a3bea43e5,,,
Catálogo organizado,726,CAS001,,MAY,CANDY SECRET,PEDRERIA SWAROVSKI #3,Decoración y nail art,IMPORTED,fc6f10cd-a4a8-4beb-9ae4-3cc8eb9f17d0,CAN-DEC-6E9A8B,86a6482e-67b5-4eb2-ad9b-baaf59fcf948,CAS001,632054e1-c5b0-423f-a4bc-22807212d630,,,
Catálogo organizado,727,CAS002,,MAY,CANDY SECRET,PEDRERIA SWAROVSKI #4,Decoración y nail art,IMPORTED,fc6f10cd-a4a8-4beb-9ae4-3cc8eb9f17d0,CAN-DEC-6E9A8B,c6aba1fe-c904-403b-bd6c-853ed112268c,CAS002,2b14a319-da90-44a5-bebe-4d058e65d8dc,,,
Catálogo organizado,728,CAS003,,MAY,CANDY SECRET,PEDRERIA SWAROVSKI #5,Decoración y nail art,IMPORTED,fc6f10cd-a4a8-4beb-9ae4-3cc8eb9f17d0,CAN-DEC-6E9A8B,982e6cac-26d2-437b-ab6e-0cc94df4d311,CAS003,b40c62d3-3ff3-47bc-964f-ce9520144e35,,,
Catálogo organizado,729,CAS004,,MAY,CANDY SECRET,PEDRERIA SWAROVSKI #6,Decoración y nail art,IMPORTED,fc6f10cd-a4a8-4beb-9ae4-3cc8eb9f17d0,CAN-DEC-6E9A8B,4556d008-36c8-46ad-9370-f8ddfcaf5565,CAS004,c7b3137c-b4b7-4e8c-8bb0-c5e62649f38e,,,
Catálogo organizado,730,D&Z001,,MAY,D&Z,POLVO P/UÑA X6UND. M-161,Decoración y nail art,IMPORTED,e37cc396-4a87-4569-999b-988d70cf339b,DZX-DEC-534990,04777ceb-268f-4bfd-ad29-a119ca0668c7,D&Z001,7f7122cd-c851-4602-bedc-0d02e987c7dc,,,
Catálogo organizado,731,GLO002,,MAY,GLOBAL NAIL,ADORNO DIJES MARIPOSA BLISTER,Decoración y nail art,IMPORTED,8273087e-31a3-4217-a11a-2bfe2fcd1963,GLO-DEC-F52B36,053df69a-5701-4ef5-8609-4f51f64096ed,GLO002,667cef47-2a35-4c6d-a1b7-0e3ca772139b,,,
Catálogo organizado,732,GLO004,SS-154,CHINO PUNO,GLOBAL NAIL,ADORNO DIJES SERPIENTES,Decoración y nail art,IMPORTED,68db7394-89b9-4afe-9262-31d9a64b3e3b,GLO-DEC-A73E0F,43c637b6-c91f-43f4-88be-ea161cdf44d5,GLO004,61b612e6-d312-4318-b666-db5be314b8e3,,,
Catálogo organizado,733,GLO001,,MAY,GLOBAL NAIL,ADORNO FLORES 3D BLISTER M-166,Decoración y nail art,IMPORTED,7d56f657-0fb2-4b6e-a5fb-170fb6be546b,GLO-DEC-FEA535,dd71183e-05a9-4739-9412-9448945db0a0,GLO001,a430f363-9e4f-4e4d-ab7a-d7750c02bd7b,,,
Catálogo organizado,734,GLO005,SS-040,CHINO PUNO,GLOBAL NAIL,PEDRERIA SWAROVSKI MIX 6 TAMAÑOS,Decoración y nail art,IMPORTED,5a28222f-a4fc-4e88-b5af-eef2b14465fa,GLO-DEC-72E554,a2b8d138-fd7f-452a-8ed7-bc5bca1ffa7d,GLO005,bf3ddeb7-7efa-4a85-b9e3-ff1540e6bb29,,,
Catálogo organizado,735,,BF-0690,BEIFA,HAND MADE,ADORNO P/UÑA PERLAS HEXAGONO X4,Decoración y nail art,IMPORTED,9220cb21-80d9-4cdd-b748-3e3e70bd66df,HAN-DEC-808445,74ec0481-daa8-4971-ae1a-c314d7cc22a0,HAN-DEC-808445-5D70E8,5092f468-2cef-4f6b-be48-ba934deea87c,,,
Catálogo organizado,736,,LT-011,CHINO PUNO,JAYITINCRYSTALS,PEDRERIA P/CEJAS COLORES,Decoración y nail art,IMPORTED,b3d2d965-bcd0-4aef-8a36-e6d0f29f27c6,JAY-DEC-80D1A8,7ee0d2ed-5feb-4279-8bf9-9017aa9927d3,JAY-DEC-80D1A8-504663,b36f1c18-e586-4b46-aa4a-249b6e963e90,,,
Catálogo organizado,737,OTR181,SS-244,CHINO PUNO,JOYFUL NAIL,STICKERS P/UÑAS COLORES,Decoración y nail art,IMPORTED,52f2e42d-c21e-4767-be26-56e8e191be16,JOY-DEC-F25863,f0d560f4-6f1f-4640-a3f8-cb1080fbdd46,OTR181,a6b1fbe7-af93-41ec-8765-fb0b71eae267,,,
Catálogo organizado,738,JOY001,SS-315,CHINO PUNO,JOYFUL NAIL,STICKERS PARA UÑAS,Decoración y nail art,IMPORTED,4dfa9658-be39-4b3c-9769-aa6065a9d97d,JOY-DEC-965521,15c4ef8b-08e9-46ea-b00a-3cf0f88066f3,JOY001,415fad89-5cb4-400f-a388-8cdb57de5acc,,,
Catálogo organizado,739,,SS-553,CHINO PUNO,JOYFUL NAIL,STICKERS PARA UÑAS,Decoración y nail art,IMPORTED,4dfa9658-be39-4b3c-9769-aa6065a9d97d,JOY-DEC-965521,44134c6c-5ec1-4c1c-9b34-81cb3b2648c7,JOY-DEC-965521-1E19FF,bcedd961-b0c7-4422-b12b-6f2188d18574,import_distinct,same_supplier_different_codes,"Código de proveedor propio SS-553 (≠ fila 738): artículo distinto cuya diferencia descriptiva perdió el Excel; se representa por su referencia."
Catálogo organizado,740,LIN003,AD-3090,LINDA JHADE,LINDA JHADE,ADORNO P/UÑAS PASTILLERO - C/PAN DE ORO,Decoración y nail art,IMPORTED,d4307920-8939-46da-8bc9-a658e0fe0b8d,LIN-DEC-FA087F,350a25fc-e115-4fe5-9650-8661e083b604,LIN003,7898fdca-945d-46e3-8ee2-e01e2845b7c7,,,
Catálogo organizado,741,LIN004,AD-3085,LINDA JHADE,LINDA JHADE,ADORNO P/UÑAS PASTILLERO - PERLA Y CAVIAR,Decoración y nail art,IMPORTED,d4307920-8939-46da-8bc9-a658e0fe0b8d,LIN-DEC-FA087F,5bfc256e-d53b-4812-933a-79e56de7776c,LIN004,c2f16271-0d12-48f2-b203-e7312f999033,,,
Catálogo organizado,742,LIN002,AD-3084,LINDA JHADE,LINDA JHADE,ADORNO P/UÑAS PASTILLERO - PERLA Y LAZO,Decoración y nail art,IMPORTED,d4307920-8939-46da-8bc9-a658e0fe0b8d,LIN-DEC-FA087F,a10d69be-dad5-4a46-a02b-3d467024d128,LIN002,9a37c0c1-c091-4c96-83fb-cf3a2f2ed044,,,
Catálogo organizado,743,LIN001,AD-3104,LINDA JHADE,LINDA JHADE,ADORNO P/UÑAS PASTILLERO - SURTIDO,Decoración y nail art,IMPORTED,dd5240d9-f539-4c26-8f03-bdb7d1ef92c2,LIN-DEC-F87EC1,bc3e6a39-592e-4fe8-bfd9-fc0d2b7d91c8,LIN001,3bca1422-315e-4360-bf1d-b21458925424,,,
Catálogo organizado,744,LIN006,AD-3204,LINDA JHADE,LINDA JHADE,ADORNO P/UÑAS POMITO X12 DORADO,Decoración y nail art,IMPORTED,54f1a526-0765-4cda-ba7e-3d42f560373d,LIN-DEC-F68B9E,89d8398d-fcb9-4ade-9d15-847053a633cd,LIN006,f7f17d1c-a5d7-42bb-91c9-06b65363932c,,,
Catálogo organizado,745,LIN005,AD-3210,LINDA JHADE,LINDA JHADE,ADORNO P/UÑAS POMITO X12 ORO ROSA,Decoración y nail art,IMPORTED,467cbe74-a298-4645-b66d-54addc55d83c,LIN-DEC-C175BD,619a8d38-ac02-4c06-8a26-dcfebc7a6e46,LIN005,630bd424-a51d-41aa-a54e-1e761fca58d4,,,
Catálogo organizado,746,LIN007,AD-3200,LINDA JHADE,LINDA JHADE,ADORNO P/UÑAS POMITO X12 PLATEADO,Decoración y nail art,IMPORTED,54f1a526-0765-4cda-ba7e-3d42f560373d,LIN-DEC-F68B9E,01b0f98a-2cc9-48e1-bc29-4ae23d358be3,LIN007,9d6b8fa1-f04c-4f43-aec7-8cbf9f01988e,,,
Catálogo organizado,747,,R168545,ROSE&LIN,M&CO,GLITERS EN CAJA X10 CHAPAS,Decoración y nail art,IMPORTED,c9967ca2-5827-48d4-a840-294d63795edf,MCO-DEC-E52C19,d2596651-2be7-4f45-9ccc-4d2947735fdf,MCO-DEC-E52C19-AB894C,9d6ae6b5-6abe-483d-87b6-3a8bb1abe7ae,,,
Catálogo organizado,748,MAS104,,MAY,MASGLO,NEGRO DECORACION,Decoración y nail art,IMPORTED,4b1ddca3-e11f-4220-8ab6-98f2abb32fe0,MAS-DEC-FBABA2,9ae7d6a1-5832-4706-8b13-a3cb1a89e29e,MAS104,acf605f4-fab6-4a41-bac7-d7be2a891acb,,,
Catálogo organizado,749,MAS103,,MAY,MASGLO,TIZA DECORACION,Decoración y nail art,IMPORTED,8c48d69b-901d-46e1-9c5e-fc0a5f7334bd,MAS-DEC-6645CF,0b185c2d-f0d7-4871-8487-1f74410df30c,MAS103,02742ab7-66c8-41c3-adb0-a47b8b35db56,,,
Catálogo organizado,750,,,MAY,MEIGUIMEI,STICKER BLIS NEGRO MG-01,Decoración y nail art,IMPORTED,37229da6-cf8a-4948-b7e3-36c4afa70aff,MEI-DEC-7EE3EF,27cd106a-7538-40bb-be8f-41ec98f13947,MEI-DEC-7EE3EF-D73211,864707e0-5ee9-4f3b-9f60-24063acabea2,,,
Catálogo organizado,751,,,MYSTYLE,MYSTYLE,PEGAMENTO DE FOIL,Decoración y nail art,IMPORTED,0b3781c8-ee26-4204-948c-a1177ec0166f,MYS-DEC-8AA86A,a8d97c8c-9184-455b-aed3-40d6b4d3ca07,MYS-DEC-8AA86A-UNICA,0637ee51-2635-42eb-bc96-042504dbad98,,,
Catálogo organizado,752,,,MAJU,NAIL ACCESSORIES,DECORACION CEREZA PASTILLERO,Decoración y nail art,IMPORTED,a1aed9e9-c68a-4f7d-8732-af6a47546aff,NAI-DEC-C3F00C,7b8e9436-19bd-41ab-954d-846840a31fea,NAI-DEC-C3F00C-UNICA,24eb2b9b-f360-40b1-858a-b1889d7c17f2,,,
Catálogo organizado,753,,MK-2772,SHIALER,NAIL ART STICKER,STICKER C/PEDRERIA 5D,Decoración y nail art,IMPORTED,df9022f7-c1d9-4459-82a6-714af9bb7ffc,NAI-DEC-B23AE2,dcd05a2e-f55c-4301-b133-65a0b9e15e51,NAI-DEC-B23AE2-UNICA,a4a04804-31b3-4b61-8159-55fe3b37be7a,,,
Catálogo organizado,754,,SHEY-382,MAY,OTROS,POLVO AURORA X1,Decoración y nail art,IMPORTED,f28b7753-9458-4416-96c8-1786caa5f392,GEN-DEC-3CD05F,a3021420-1ba7-4a37-b064-8569734b3131,GEN-DEC-3CD05F-FD3356,81ef21e6-b3b0-40e4-910b-122442c98f25,,,
Catálogo organizado,755,,,MAY,OTROS,ADORNO BALINES BOTELLITA X12,Decoración y nail art,IMPORTED,a5679ede-666e-4fae-91f6-ab067aab877d,GEN-DEC-ABD9C6,33746f32-93b7-4f7d-8f74-285d88b71152,GEN-DEC-ABD9C6-9447E3,8cf8191b-8e02-4629-946e-31c64f4ea3aa,,,
Catálogo organizado,756,,,,OTROS,ADORNO BALINES PASTILLERO M-178,Decoración y nail art,IMPORTED,a5679ede-666e-4fae-91f6-ab067aab877d,GEN-DEC-ABD9C6,ac8c0864-a658-4626-84fc-0c975f9c8a83,GEN-DEC-ABD9C6-92035A,,,,
Catálogo organizado,757,OTR188,DY-050,CHINO PUNO,OTROS,ADORNO COLA SIRENA BOX X12,Decoración y nail art,IMPORTED,eef16f7f-531d-452b-a94a-e23bf90c747a,GEN-DEC-4773F1,87b7ae98-1d06-4bd0-b025-864594e3a8f8,OTR188,0de174a9-8835-4a74-9be5-d311e59f5c71,,,
Catálogo organizado,758,OTR117,DY-021,CHINO PUNO,OTROS,ADORNO COLA SIRENA BOX X12,Decoración y nail art,IMPORTED,eef16f7f-531d-452b-a94a-e23bf90c747a,GEN-DEC-4773F1,874953fe-f4cb-4d0a-ad99-5acfbe5d010c,OTR117,cb9b991c-541b-4a97-b8fe-9efbae34621a,import_distinct,conflicting_internal_codes,"Código interno propio OTR117: unidad vendible distinta de la fila 757; el Excel repitió la descripción."
Catálogo organizado,759,OTR179,DY-035,CHINO PUNO,OTROS,ADORNO EN BOTELLITAS x48,Decoración y nail art,IMPORTED,87f8ce46-311c-496f-9d89-0d9ae6b51f42,GEN-DEC-EED375,d3980086-6316-4712-9978-6b6f84b1684c,OTR179,3052a1a4-a4b2-49de-a37e-7c7cbe7a89f9,,,
Catálogo organizado,760,OTR086,,MAY,OTROS,ADORNO FLORES 3D PASTILLERO,Decoración y nail art,IMPORTED,949428a9-56e7-48a7-ab6f-76dd6019df5d,GEN-DEC-DBC7C4,18e5fae7-4550-48b7-a64b-3debe3e1ecae,OTR086,75a0f22a-7183-4c13-a970-766ff2fd755d,,,
Catálogo organizado,761,OTR092,,MAY,OTROS,ADORNO P/UÑA CADENITA M-138,Decoración y nail art,IMPORTED,3ff94994-6d33-48e7-9211-4f544dd378da,GEN-DEC-5A8E26,93dfaf9b-394e-4579-b74d-858bbe3c7a44,OTR092,aa776d95-5952-428f-b648-c07dbce1a3d9,,,
Catálogo organizado,762,,"BF-5082,84,85,86",BEIFA,OTROS,ADORNO P/UÑA CAJA CORAZON,Decoración y nail art,IMPORTED,df447211-1c22-45ef-98bb-e908e521b56c,GEN-DEC-A6B68D,f7bf9114-05fa-462e-b20a-8b37366c9808,GEN-DEC-A6B68D-17E46E,7403688c-e478-4970-be31-163dcf2c7125,,,
Catálogo organizado,763,,BF-5074,BEIFA,OTROS,ADORNO P/UÑA CAJA DIJE CON GLITER BLANCO PINZ,Decoración y nail art,IMPORTED,e00a4ce2-08c8-4df3-b53d-f716098b5d2e,GEN-DEC-A5A136,e405de45-3fbb-474b-bedd-acdb9e1bfc97,GEN-DEC-A5A136-5048B7,b7c188c8-a9f5-468c-ac2b-a52b50fb9beb,,,
Catálogo organizado,764,,BF-5073,BEIFA,OTROS,ADORNO P/UÑA CAJA DIJE CON GLITER ROSA PINZ,Decoración y nail art,IMPORTED,e00a4ce2-08c8-4df3-b53d-f716098b5d2e,GEN-DEC-A5A136,11ed13ba-de19-4dfc-a228-5b31e841252c,GEN-DEC-A5A136-1CF7F6,164675b6-8a61-4e26-86cc-f3a5165cb04c,,,
Catálogo organizado,765,,BF-0635,BEIFA,OTROS,ADORNO P/UÑA CAJA FULL DIJES BLANCOS X24,Decoración y nail art,IMPORTED,df447211-1c22-45ef-98bb-e908e521b56c,GEN-DEC-A6B68D,3eb88e5a-a7f6-40d3-b88d-009b028c4e35,GEN-DEC-A6B68D-29A5D0,0fe5c766-a91e-40dc-8c70-22004e3cf1fc,,,
Catálogo organizado,766,OTR197,,,OTROS,ADORNO P/UÑA CAVIAR PASTILLERO,Decoración y nail art,IMPORTED,3ff94994-6d33-48e7-9211-4f544dd378da,GEN-DEC-5A8E26,119d38c7-596d-4570-9150-2fe1329629ff,OTR197,,,,
Catálogo organizado,767,OTR091,,MAY,OTROS,ADORNO P/UÑA FIMOS PASTILLERO,Decoración y nail art,IMPORTED,3ff94994-6d33-48e7-9211-4f544dd378da,GEN-DEC-5A8E26,748f6e33-f526-4207-9d2a-6b0727ff1fc6,OTR091,a4550a8e-32c0-4803-9300-9050e1458e91,,,
Catálogo organizado,768,OTR090,,MAY,OTROS,ADORNO P/UÑA MARIPOSA NEON PASTILLERO,Decoración y nail art,IMPORTED,3ff94994-6d33-48e7-9211-4f544dd378da,GEN-DEC-5A8E26,e9852940-a589-4b99-82f4-e639846b30b6,OTR090,7025db76-bccb-4f77-9d5a-d6a87922e5f1,,,
Catálogo organizado,769,OTR089,,MAY,OTROS,ADORNO P/UÑA MARIPOSA TORN PASTILLERO,Decoración y nail art,IMPORTED,3ff94994-6d33-48e7-9211-4f544dd378da,GEN-DEC-5A8E26,063c868e-74b5-477b-83b8-f6315e595f5e,OTR089,985a1233-cc56-410d-b258-35d0b77f9ccc,,,
Catálogo organizado,770,,DY-207,CHINO  PUNO,OTROS,ADORNO UÑA CORAZONES,Decoración y nail art,IMPORTED,2684ad3f-4659-4668-9ee2-200b66e4658d,GEN-DEC-88931B,0fba8400-81c6-42fb-818a-0ba229d021d8,GEN-DEC-88931B-5A1374,,,,
Catálogo organizado,771,OTR094,,MAY,OTROS,ADORNO UÑA ENCAPSULADOS X6  M-165,Decoración y nail art,IMPORTED,2684ad3f-4659-4668-9ee2-200b66e4658d,GEN-DEC-88931B,123b8b3a-23e1-4ff5-bcdd-8108c57aa7e2,OTR094,b8b594e1-828d-4d6b-b160-0d675ce3e7c2,,,
Catálogo organizado,772,,SHEY-150,MAY,OTROS,ADORNO UÑA GLITER REFLECTIVO X6,Decoración y nail art,IMPORTED,2684ad3f-4659-4668-9ee2-200b66e4658d,GEN-DEC-88931B,ca1cb980-a3d8-4e02-8614-c0974f301d04,GEN-DEC-88931B-9E2FBF,68c127ce-242e-4ce5-8f86-a5b74c0aa125,,,
Catálogo organizado,773,,R168536,ROSE&LIN,OTROS,ADORNO UÑA PASTILLERO,Decoración y nail art,IMPORTED,2684ad3f-4659-4668-9ee2-200b66e4658d,GEN-DEC-88931B,ef44555a-44bf-4bc3-8ca5-eacc9b7e5958,GEN-DEC-88931B-39BDB1,64fcacf4-8bab-4584-9779-d82f0a8fc46f,,,
Catálogo organizado,774,,SHEY-304,MAY,OTROS,BROCHA C/BASE GLITER,Decoración y nail art,IMPORTED,746109bc-19c1-4f0e-90ba-620a23b2cedc,GEN-DEC-FBDF74,4a586fb1-85c2-4c29-8de0-d7b338d8b637,GEN-DEC-FBDF74-UNICA,7296594f-c5c0-40e5-8b81-548facf90bbc,,,
Catálogo organizado,775,,DY-192,CHINO PUNO,OTROS,CONCHA NACAR PASTILLERO DY-192,Decoración y nail art,IMPORTED,8b508e76-7f53-4821-a923-7291321731a1,GEN-DEC-3DDA37,a6c359a5-a2a2-4fa9-9383-ccbef9381fee,GEN-DEC-3DDA37-UNICA,21101813-c6d3-4daf-bd05-b4edba14a36c,,,
Catálogo organizado,776,OTR183,DY-068,CHINO PUNO,OTROS,CONCHA NACAR X12,Decoración y nail art,IMPORTED,f7546bce-0447-4542-bbfd-ae0c16abf6b9,GEN-DEC-6F3ABC,4a8c4fe8-38ef-48c1-b2a9-38d7ae540359,OTR183,a7cacba9-a223-499e-a49a-ce86ca9932db,,,
Catálogo organizado,777,OTR220,DY-207,CHINO PUNO,OTROS,DECORACION CORAZON PASTILLERO,Decoración y nail art,IMPORTED,7def257d-25d7-473d-a8c6-d10235b45259,GEN-DEC-24CE01,8ad60919-2c09-4636-863a-4dfc201474b9,OTR220,aad9e837-2fde-4a69-9d0c-ff8c162aed4a,import_distinct,duplicate_supplier_code,"El proveedor reutilizó el código DY-207 para artículos distintos («DECORACION CORAZON PASTILLERO» vs «ADORNO UÑA CORAZONES»); se importa como artículo propio y el código queda registrado solo en la primera oferta."
Catálogo organizado,778,OTR085,DY-074,MAY,OTROS,DECORACION UÑAS POMITO X12,Decoración y nail art,IMPORTED,058a42b5-6cf7-4822-b537-b3d1523a1072,GEN-DEC-FECB91,2cf035f8-cd77-4331-a349-f0578f1eecd1,OTR085,bf1fe0aa-efd8-4eb7-839c-338d075a566e,,,
Catálogo organizado,779,OTR185,DY-121,CHINO PUNO,OTROS,DECORACION VARIADA POMITO X24,Decoración y nail art,IMPORTED,48614d90-54fe-43bb-8fd8-33a0d977b455,GEN-DEC-052455,589d9cad-a2e4-4db3-8146-3fb9f8933ca9,OTR185,1105e13d-2443-42eb-8818-95d140905780,,,
Catálogo organizado,780,,SS-021,CHINO PUNO,OTROS,DEPOSITO DE PEDRERIA COLORES,Decoración y nail art,IMPORTED,7efa7276-d94e-4739-8e30-59d6ed05e1f0,GEN-DEC-B9AC87,ede8e89b-c4fb-41b6-bd7e-0e92ebe1d6b8,GEN-DEC-B9AC87-504663,2879cf8d-41b2-4ed2-b4be-03433c1b6ad7,,,
Catálogo organizado,781,,HZ-01,CHINO PUNO,OTROS,DEPOSITO DE PEDRERIA TRANSPARENTE,Decoración y nail art,IMPORTED,7efa7276-d94e-4739-8e30-59d6ed05e1f0,GEN-DEC-B9AC87,18ec2c76-eddd-47a7-8cfa-d61b2b93aa83,GEN-DEC-B9AC87-0717F0,0c0fe592-af11-4e94-b625-0d41c50e7c77,,,
Catálogo organizado,782,OTR189,SS-120,CHINO PUNO,OTROS,DEPOSITO P/GLITER,Decoración y nail art,IMPORTED,f4b39e08-6932-43f8-b4bc-6cf4edb65a01,GEN-DEC-CA369A,405a3d01-5e2d-4a61-b9a0-20bcaba7ea00,OTR189,70061a16-9caa-4d25-a8cf-b2765cea937d,,,
Catálogo organizado,783,OTR172,SS-027,CHINO PUNO,OTROS,DIAMANTE GRANDE,Decoración y nail art,IMPORTED,57ba590c-ec45-4326-8eb6-0df72368b021,GEN-DEC-1D0387,ed47c3be-11f3-4d84-b5e5-ffe689bcd544,OTR172,a5b1cdd9-b71a-421a-b948-10ffe1f50e46,,,
Catálogo organizado,784,OTR031,,MAY,OTROS,DIAMANTINA X24 POMITOS,Decoración y nail art,IMPORTED,c217d3d6-7f50-4fb1-88f4-bb92bce69cfb,GEN-DEC-C8A28C,a583e3d7-e088-44b5-88b1-34fc092b798a,OTR031,d05f765b-3a09-4b68-b8ae-e6fe8b85a59c,,,
Catálogo organizado,785,OTR142,,MAY,OTROS,DIJES LAZOS SURTIDO PASTILLERO X6,Decoración y nail art,IMPORTED,b12aeffc-6fc3-475a-82d6-e573b92604d6,GEN-DEC-E3BC2F,4fdeb35d-47b1-4e2b-abe1-7caff039998e,OTR142,c72b3662-fc99-418d-9a1a-f4f5cb74510e,,,
Catálogo organizado,786,,BF1044,BEIFA,OTROS,FLORES SECAS MED PASTILLERO,Decoración y nail art,IMPORTED,4b75d61a-5e8f-4675-af5a-0a6058552e0e,GEN-DEC-4B6D83,ecb9e8fb-b6de-4808-97b1-96daf8d0434d,GEN-DEC-4B6D83-E505DB,74bd1f13-1581-4c04-9dcd-44bc56526b87,,,
Catálogo organizado,787,,SHEY-376,MAY,OTROS,FLORES SECAS PASTILLERO,Decoración y nail art,IMPORTED,4b75d61a-5e8f-4675-af5a-0a6058552e0e,GEN-DEC-4B6D83,f516f5b5-3d8d-4531-a331-92dc81bc589e,GEN-DEC-4B6D83-39BDB1,52de26d6-13f9-4d4e-bbb8-f4c98e619c65,,,
Catálogo organizado,788,,BF1043,BEIFA,OTROS,FLORES SECAS PEQ PASTILLERO,Decoración y nail art,IMPORTED,4b75d61a-5e8f-4675-af5a-0a6058552e0e,GEN-DEC-4B6D83,a1686731-321d-466f-be19-cab37e0b610a,GEN-DEC-4B6D83-D5F44B,f3b7d1a6-c1c2-41aa-b0ed-13e8cdaf0a33,,,
Catálogo organizado,789,OTR062,,MAY,OTROS,FOIL P/UÑAS (PAN DE ORO),Decoración y nail art,IMPORTED,12d55cda-0ed0-405a-a50a-90ecf87bcf62,GEN-DEC-CAFBE8,98ad8632-2ed9-4776-86c6-8a914b02f7ef,OTR062,9f1bbc90-dacb-4d29-b935-10b162049157,,,
Catálogo organizado,790,OTR046,,MAY,OTROS,FOIL P/UÑAS CHICO,Decoración y nail art,IMPORTED,12d55cda-0ed0-405a-a50a-90ecf87bcf62,GEN-DEC-CAFBE8,5f7ba18d-e0ef-4d1a-8f27-e6ce19a988d0,OTR046,56d47051-41d1-45d8-a712-75e0d367c58d,,,
Catálogo organizado,791,,R168548,ROSE&LIN,OTROS,GLITERS EN CAJA X24 CHAPAS,Decoración y nail art,IMPORTED,8798544a-ae24-44a9-8a69-37f8142ce707,GEN-DEC-A3CCB6,3b4bc9a2-5e69-44ac-80f8-5fe4a1f26e0f,GEN-DEC-A3CCB6-EEB80D,947a4540-6d9c-4a14-b355-674db2bb3696,,,
Catálogo organizado,792,OTR014,,MAY,OTROS,GRECAS COLORES,Decoración y nail art,IMPORTED,0d60c1b8-edc6-4f75-8b9e-51722205183c,GEN-DEC-126F18,0a37f623-c0d1-4dda-9a22-c8ef516d2c7a,OTR014,dd060767-fec9-4745-9077-aa0f0381ea28,,,
Catálogo organizado,793,OTR015,,MAY,OTROS,GRECAS DORADAS,Decoración y nail art,IMPORTED,3c776426-6153-4d53-bc9e-a657e962c5e3,GEN-DEC-A71C1F,8814048e-076d-459e-861a-6c819d0f780f,OTR015,1c0db0af-6f45-4202-a1ee-a947f9234122,,,
Catálogo organizado,794,OTR016,,MAY,OTROS,GRECAS PLATEADAS,Decoración y nail art,IMPORTED,562025dd-c19c-43fb-9221-a4f80a4ac968,GEN-DEC-80F3C0,64ef0069-39f5-433e-bfe0-7622b79a6378,OTR016,0a85c2da-1daf-4d99-bdce-d0c8684291da,,,
Catálogo organizado,795,OTR051,,MAY,OTROS,HILO DECORATIVO P/UÑAS GR.,Decoración y nail art,IMPORTED,a183d7cf-543e-4964-808e-3363ec26ba3c,GEN-DEC-10141E,60ee1d76-365a-485f-848b-ff499cefa695,OTR051,6acadb0b-9524-4a7e-8837-87db80e43161,,,
Catálogo organizado,796,OTR011,,MAY,OTROS,KIT PEDRERIA C/CATANA,Decoración y nail art,IMPORTED,6aeb13fc-5282-4b8b-835e-bec3f22a169e,GEN-DEC-FD0E2E,cd0f2f10-4485-4603-a5e2-088f2da6d479,OTR011,33e5f2d2-ac1f-48bc-985d-738ac042561d,,,
Catálogo organizado,797,,SHEY-377,MAY,OTROS,LIQUIDO AURORA C/APLICADOR,Decoración y nail art,IMPORTED,31aa0783-a523-4a1b-a5b2-a6e977f1eab2,GEN-DEC-CCB1B3,c54e98b1-fe10-4489-bd7d-510cbe9387fc,GEN-DEC-CCB1B3-UNICA,5dec18ea-3f99-40bb-b903-d2b5b2bef875,,,
Catálogo organizado,798,,BF-0795,BEIFA,OTROS,PAN DE ORO POTE 12GR.,Decoración y nail art,IMPORTED,14efb04d-51d7-4a75-a0d7-379132a71627,GEN-DEC-E00C69,5554c88b-65bd-4263-bc91-f82fed043374,GEN-DEC-E00C69-5473C4,0cafa055-e8c2-4ed3-852a-d5c6877c4fa2,,,
Catálogo organizado,799,,DY-198,CHINO PUNO,OTROS,PAN DE ORO POTE 15GR.,Decoración y nail art,IMPORTED,14efb04d-51d7-4a75-a0d7-379132a71627,GEN-DEC-E00C69,2ad7728d-1cf0-4106-ae2f-c40c736f8abd,GEN-DEC-E00C69-56B2F2,3f2694bf-263c-45d2-b62f-492db8b4f704,,,
Catálogo organizado,800,,,MAY,OTROS,PAN DE ORO POTE DORADO,Decoración y nail art,IMPORTED,14efb04d-51d7-4a75-a0d7-379132a71627,GEN-DEC-E00C69,7a17636c-0995-48ef-800b-db1b716eff7b,GEN-DEC-E00C69-356EC5,25171d8b-df7a-4347-b760-5c0f67b38ef4,,,
Catálogo organizado,801,,,MAY,OTROS,PAN DE ORO POTE PLATEADO,Decoración y nail art,IMPORTED,14efb04d-51d7-4a75-a0d7-379132a71627,GEN-DEC-E00C69,ce48adb0-063c-4e66-88d1-c21cde220fab,GEN-DEC-E00C69-58C56B,3e16da8a-cd4e-4f8d-a987-23fd47a48896,,,
Catálogo organizado,802,OTR093,M-174,MAY,OTROS,PAN DE ORO X6PZA,Decoración y nail art,IMPORTED,f256d10f-9b47-4403-993f-8122254916c8,GEN-DEC-73E9F7,cff80e14-1706-4672-9394-537171db973a,OTR093,5870309d-745f-45f4-8381-878d81dd6c74,,,
Catálogo organizado,803,OTR140,A26-33,MAY,OTROS,PEDRERIA P/UÑA CRISTAL,Decoración y nail art,IMPORTED,79548714-a547-4845-8fb8-925a7855edd1,GEN-DEC-D97058,cee12027-b0fd-49e7-b912-cf32db206178,OTR140,0f09f36a-4f34-4c7b-8c4f-69102ca9e198,import_distinct,duplicate_supplier_code,"El proveedor reutilizó el código A26-33 para artículos distintos («PEDRERIA P/UÑA CRISTAL» vs «PEDRERIA P/UÑA TORNASOL»); se importa como artículo propio y el código queda registrado solo en la primera oferta."
Catálogo organizado,804,OTR141,A26-33,MAY,OTROS,PEDRERIA P/UÑA TORNASOL,Decoración y nail art,IMPORTED,8746d465-5c41-4adc-a2c0-482eb5ef7410,GEN-DEC-34FFAD,98d88427-2e9d-41c7-93d8-2a665981c2e0,OTR141,e5cb0e36-90ee-4c93-b6e1-c3e836ff48f2,,,
Catálogo organizado,805,,MR-105 C4,MAY,OTROS,PEDRERIA PASTILLERO,Decoración y nail art,IMPORTED,00a282fa-e9f0-49f7-9cc8-be0a0f3e5896,GEN-DEC-DAF9A2,bc9feec7-b62a-4b77-9604-38fd907df3ce,GEN-DEC-DAF9A2-UNICA,73f980ea-7ea7-4a87-9696-391de0267de1,,,
Catálogo organizado,806,OTR068,MR-105 C1,MAY,OTROS,PEDRERIA PASTILLERO,Decoración y nail art,IMPORTED,00a282fa-e9f0-49f7-9cc8-be0a0f3e5896,GEN-DEC-DAF9A2,421fa6c2-2368-4704-9708-2bbdde7ccce1,OTR068,0c13cfcd-28ce-4ed8-bb33-9924ac801d50,import_distinct,same_supplier_different_codes,"Código de proveedor propio MR-105 C1 (≠ fila 805): artículo distinto cuya diferencia descriptiva perdió el Excel; se representa por su referencia."
Catálogo organizado,807,,MR-105 C3,MAY,OTROS,PEDRERIA PASTILLERO,Decoración y nail art,IMPORTED,00a282fa-e9f0-49f7-9cc8-be0a0f3e5896,GEN-DEC-DAF9A2,86b0539e-dc0f-4911-a1a6-734ce569d52d,GEN-DEC-DAF9A2-765471,24646189-85a6-4669-88f8-36daec9c7de0,import_distinct,same_supplier_different_codes,"Código de proveedor propio MR-105 C3 (≠ fila 805): artículo distinto cuya diferencia descriptiva perdió el Excel; se representa por su referencia."
Catálogo organizado,808,OTR196,MR-125,MAY,OTROS,PEDRERIA PASTILLERO,Decoración y nail art,IMPORTED,00a282fa-e9f0-49f7-9cc8-be0a0f3e5896,GEN-DEC-DAF9A2,fbe6db57-5020-436f-8973-e0a62593e72e,OTR196,4ecd3e21-f741-4e36-b549-827c140f8109,import_distinct,same_supplier_different_codes,"Código de proveedor propio MR-125 (≠ fila 805): artículo distinto cuya diferencia descriptiva perdió el Excel; se representa por su referencia."
Catálogo organizado,809,,MR-129,MAY,OTROS,PEDRERIA PASTILLERO,Decoración y nail art,IMPORTED,00a282fa-e9f0-49f7-9cc8-be0a0f3e5896,GEN-DEC-DAF9A2,051216cc-c179-42ea-bdb9-127e0aaa47dd,GEN-DEC-DAF9A2-4DDA5F,7cd04d18-8943-4c48-ae7e-f47f3e35a31a,import_distinct,same_supplier_different_codes,"Código de proveedor propio MR-129 (≠ fila 805): artículo distinto cuya diferencia descriptiva perdió el Excel; se representa por su referencia."
Catálogo organizado,810,,,MYSTYLE,OTROS,PEDRERIA SURTIDO POMO CUADRADO X12,Decoración y nail art,IMPORTED,309e8deb-1d0c-4557-903e-52a0c0cf59d2,GEN-DEC-36D42E,67a22494-17c9-4d6f-ac40-e28557fe8273,GEN-DEC-36D42E-9C113A,e7689ba1-6588-45b8-90a3-b11276e0127a,,,
Catálogo organizado,811,,,MYSTYLE,OTROS,PEDRERIA SWAROVSKI BLIS X12 CUADRADOS,Decoración y nail art,IMPORTED,642aa774-226c-4016-8faa-a454dd0120d2,GEN-DEC-368533,38b680c0-9064-4f09-a5be-22dd9a9aeee7,GEN-DEC-368533-45D118,b8316fa4-9074-4dd8-a263-af5b515787a1,,,
Catálogo organizado,812,,SHEY-383,MAY,OTROS,POLVO ARCOIRIS X1,Decoración y nail art,IMPORTED,762c8fd3-5770-4eb4-9e78-c047f6445fbe,GEN-DEC-C7737C,68759997-4a6d-4bf1-8e5a-a55013bd9fe9,GEN-DEC-C7737C-FD3356,a8d34aaa-5128-4773-a985-8c089eb93167,,,
Catálogo organizado,813,,R168544,ROSE&LIN,OTROS,POLVO AURORA + FLAKE X2,Decoración y nail art,IMPORTED,72d09bb5-9b6b-4714-9e33-6e8a66627bba,GEN-DEC-A2C02F,f3e2c55c-3ebb-45dc-ae75-0061b0c0f705,GEN-DEC-A2C02F-B98594,af69c73f-93a7-47a4-b30d-f4acc88844d5,,,
Catálogo organizado,814,,R168626,ROSE&LIN,OTROS,POLVO AURORA X1,Decoración y nail art,IMPORTED,f28b7753-9458-4416-96c8-1786caa5f392,GEN-DEC-3CD05F,a3021420-1ba7-4a37-b064-8569734b3131,GEN-DEC-3CD05F-FD3356,108fa73b-32fa-4bc9-a139-e7d56491742f,,,
Catálogo organizado,815,,SHEY-380,MAY,OTROS,POLVO CAMALEON FLAKE,Decoración y nail art,IMPORTED,c365a25a-5334-42f7-bad7-c4ebd7394c4d,GEN-DEC-E3502E,0cc6d58d-3771-4fc6-b6b0-34e5c0fc1e32,GEN-DEC-E3502E-UNICA,1a09ec0e-aa24-4c51-a169-0b3632529a3c,,,
Catálogo organizado,816,OTR139,SS-018,MAY,OTROS,POLVO D/UÑA SOLIDO X1PZA,Decoración y nail art,IMPORTED,4b9d1c79-fe27-42f0-bceb-e92c02d3d94f,GEN-DEC-8FFD5B,c4ed3879-0f3a-41dd-b4c3-307b895400cf,OTR139,fdd2e63f-7895-40ba-bf4c-0a8a9af3fe84,,,
Catálogo organizado,817,,MJ054,MAJU,OTROS,POLVO EFECTO ARCOIRIS,Decoración y nail art,IMPORTED,ba54cf0d-b577-463f-b661-4bd04023f8ee,GEN-DEC-75B51F,7573c3fe-4982-487c-b35b-bd543794861f,GEN-DEC-75B51F-1A0E2E,0c0b4dad-431c-4202-b813-bb90a00399b5,,,
Catálogo organizado,818,OTR190,SS-066,CHINO PUNO,OTROS,POLVO EFECTO AURORA X6,Decoración y nail art,IMPORTED,ba54cf0d-b577-463f-b661-4bd04023f8ee,GEN-DEC-75B51F,9182e986-9a4e-4b1a-9327-7bc2171e5ada,OTR190,4fa3cb9c-9094-427e-aebb-6a5dbb427e7d,,,
Catálogo organizado,819,OTR070,DY-011,MAY,OTROS,POLVO EFECTO AZUCAR  X12,Decoración y nail art,IMPORTED,a4f8ceb4-1a26-4955-9859-0be4f37bdbea,GEN-DEC-66CFD7,96ce6736-26f0-480f-a248-23e9e0241cb8,OTR070,d794526c-a457-42b0-b152-e3c8349ab538,,,
Catálogo organizado,820,,SHEY-148,MAY,OTROS,POLVO EFECTO AZUCAR X6,Decoración y nail art,IMPORTED,a4f8ceb4-1a26-4955-9859-0be4f37bdbea,GEN-DEC-66CFD7,27a5a0d8-907a-4cdb-a76c-300da3b869f5,GEN-DEC-66CFD7-204E86,b03d0ba4-e13d-4380-b6b3-ba5ad68440e2,,,
Catálogo organizado,821,,SHEY-378,MAY,OTROS,POLVO FLAKES,Decoración y nail art,IMPORTED,d5e6a4e0-1cd0-4726-a290-134813fb8655,GEN-DEC-43B602,f36fa3e4-b366-402d-845d-9cf17d812eec,GEN-DEC-43B602-UNICA,6759d6f1-475c-40b6-b884-44c8428113fc,,,
Catálogo organizado,822,,SHEY-381,MAY,OTROS,POLVO GALAXY SILVER,Decoración y nail art,IMPORTED,7510b7eb-e79e-4bd4-8e2d-cf39d3abcfd3,GEN-DEC-00F53D,acc12ff6-29ff-4334-bfa0-ca4718570a75,GEN-DEC-00F53D-UNICA,544741bb-206d-4e7a-92b9-0f2fb02de200,,,
Catálogo organizado,823,,SHEY-379,MAY,OTROS,POLVO HOLOGRAFICO,Decoración y nail art,IMPORTED,2e252534-54c7-476e-bbdb-ed9cd18aeb68,GEN-DEC-48F3EB,364b7af1-3cdc-407c-b555-85de34aba2df,GEN-DEC-48F3EB-014DE5,508abda8-f480-467c-b329-163ca9ec43fa,,,
Catálogo organizado,824,,SS-039,CHINO PUNO,OTROS,POLVO NEON BOX x6,Decoración y nail art,IMPORTED,344cb3ea-e3bf-403b-bc75-af99255de5e8,GEN-DEC-A6DD1C,f4e36f88-7d41-4998-bcb5-1a54525228d2,GEN-DEC-A6DD1C-591AAE,85496d66-651b-454b-9b5f-8b01f18dd67e,,,
Catálogo organizado,825,OTR101,,MAY,OTROS,POLVO P/UÑA COLORFUL MERMAID X1PZA,Decoración y nail art,IMPORTED,8a7321a5-5855-4fc9-90a4-5494381b14f7,GEN-DEC-6ECF08,44b52026-75a8-415e-ba5e-6fcd8876d9c1,OTR101,e1c8665c-9e0d-4067-bf45-2496630b16dd,,,
Catálogo organizado,826,,4357,LINDA JHADE,OTROS,POLVO P/UÑAS,Decoración y nail art,IMPORTED,381a1ee4-a098-40a0-8b20-d29f9d99a3f0,GEN-DEC-A7E37F,be593627-e418-4394-8362-f2996b8a70d1,GEN-DEC-A7E37F-UNICA,7bbe0066-6a0e-43a6-9e4b-0a2b5c9f804b,,,
Catálogo organizado,827,,4359,LINDA JHADE,OTROS,POLVO P/UÑAS,Decoración y nail art,IMPORTED,381a1ee4-a098-40a0-8b20-d29f9d99a3f0,GEN-DEC-A7E37F,65dd1e7c-f154-413a-ae1c-cfe85684c0a3,GEN-DEC-A7E37F-BDC823,71a3fa9b-bb5a-40cc-b9a0-6e1fd116cd47,import_distinct,same_supplier_different_codes,"Código de proveedor propio 4359 (≠ fila 826): artículo distinto cuya diferencia descriptiva perdió el Excel; se representa por su referencia."
Catálogo organizado,828,,4352,LINDA JHADE,OTROS,POLVO P/UÑAS,Decoración y nail art,IMPORTED,381a1ee4-a098-40a0-8b20-d29f9d99a3f0,GEN-DEC-A7E37F,54165a41-4010-46f6-8ce6-92a6ac01c098,GEN-DEC-A7E37F-533829,e6f63d3f-d153-4412-a4fd-985aa550071a,import_distinct,same_supplier_different_codes,"Código de proveedor propio 4352 (≠ fila 826): artículo distinto cuya diferencia descriptiva perdió el Excel; se representa por su referencia."
Catálogo organizado,829,,4354,LINDA JHADE,OTROS,POLVO P/UÑAS,Decoración y nail art,IMPORTED,381a1ee4-a098-40a0-8b20-d29f9d99a3f0,GEN-DEC-A7E37F,d6c45cc9-781f-4eae-9da5-78111ea12933,GEN-DEC-A7E37F-C12B6E,04737578-49c0-4106-a376-a7cecff04d7f,import_distinct,same_supplier_different_codes,"Código de proveedor propio 4354 (≠ fila 826): artículo distinto cuya diferencia descriptiva perdió el Excel; se representa por su referencia."
Catálogo organizado,830,,4360,LINDA JHADE,OTROS,POLVO P/UÑAS,Decoración y nail art,IMPORTED,381a1ee4-a098-40a0-8b20-d29f9d99a3f0,GEN-DEC-A7E37F,de8d4ca3-a088-4839-aa0c-09ca851882c2,GEN-DEC-A7E37F-8A6405,160bc553-bd31-4f7d-b96a-5e40aee573cf,import_distinct,same_supplier_different_codes,"Código de proveedor propio 4360 (≠ fila 826): artículo distinto cuya diferencia descriptiva perdió el Excel; se representa por su referencia."
Catálogo organizado,831,,R168541,ROSE&LIN,OTROS,POLVO PARA UÑA X1 SILVERY,Decoración y nail art,IMPORTED,dabc7da4-ed35-48af-abdc-416d183832da,GEN-DEC-06A944,13787ef4-0a24-4ce3-afec-0e44a7fcfbf7,GEN-DEC-06A944-FD3356,0a2cdae8-5adf-40f4-9cfc-e5ce23330ca4,,,
Catálogo organizado,832,,,MAY,OTROS,STICKER DISNEY,Decoración y nail art,IMPORTED,f21b6bd0-96e9-4f58-808a-79168064fa1b,GEN-DEC-4F7A9B,1cb26d74-3149-4d64-aa32-65b51d030491,GEN-DEC-4F7A9B-UNICA,69a4d417-f17b-405d-89e4-592e1380c2ef,,,
Catálogo organizado,833,OTR129,,MAY,OTROS,STRASS P/UÑAS CIRCULAR,Decoración y nail art,IMPORTED,175848b0-3c5a-4b9b-a528-fdd89c3db2c1,GEN-DEC-ACAF83,7e916129-a565-496b-994a-32970cda120c,OTR129,97689fdc-f937-44f4-96c0-984bf7275290,,,
Catálogo organizado,834,,360276,REVEL,REVE'L,POLVO DE HADA,Decoración y nail art,IMPORTED,720145c1-6108-43f9-acd5-eda88324799a,REV-DEC-F0DC48,a2d24036-6bca-4e74-a172-6eec02800373,REV-DEC-F0DC48-UNICA,e8c38edb-17c8-4f03-9c35-6ac41986dc11,,,
Catálogo organizado,835,,2504DS38-18,JEZABELL,ROMANTIC COOL,UÑAS PIES X12 CON PEDRERIA,Decoración y nail art,IMPORTED,cea4da4a-6f18-4046-b544-6f48a0049709,ROM-DEC-211E4C,00a09d89-18ec-4d79-b7f7-8297049d41f6,ROM-DEC-211E4C-45D118,dd5e85d2-b461-4758-8d6b-24cdbb185ae7,,,
Catálogo organizado,836,,93405,MAY,RONOYAN,ADORNO LAZOS TRNSLUCIDOS TORNASOL,Decoración y nail art,IMPORTED,9044ebdb-82f3-4d67-9836-60906ac2e8dd,RON-DEC-BCEB02,be03bc79-ac15-40fd-a138-15da7189c5b2,RON-DEC-BCEB02-AA8DF9,b712b550-fec1-4fc8-94a0-bea5cdef4b71,,,
Catálogo organizado,837,,,ROSE&LIN,ROSE&LIN,GLITER GEL EN TUBO,Decoración y nail art,IMPORTED,f79c12ef-2971-456f-acfc-d08b0e146ce4,ROS-DEC-44AED4,9f16d2ad-e482-40a8-bdae-4be596731961,ROS-DEC-44AED4-UNICA,9f690831-0043-4001-b53d-1fad8d4e81aa,,,
Catálogo organizado,838,,R168551,ROSE&LIN,ROSE&LIN,POLVO FLAKE AURORA X6,Decoración y nail art,IMPORTED,a5d04fb3-4bd9-434e-9256-097d0c4c0d60,ROS-DEC-8A7554,b60ae6b0-cf44-4a60-8f7e-c6adb4808479,ROS-DEC-8A7554-204E86,526412a8-4749-4b83-91b1-28121277ddbc,,,
Catálogo organizado,839,,,YISLU,YISLU,STICKERS PARA UÑAS,Decoración y nail art,IMPORTED,5c292ea1-98b7-4c33-89ba-212c98bcb9b6,YIS-DEC-BA9555,90ad1dbb-a636-4c95-be54-9d974aea333b,YIS-DEC-BA9555-UNICA,c53752bf-190d-4130-b2a8-d9105288aa0d,,,
Catálogo organizado,840,,SHEY-246,MAY,,DRILL DE UÑAS 35RPM,"Drills, extractores y equipos",IMPORTED,7206267a-35a6-4a83-a9e8-1433a73bd510,GEN-TOR-7797FC,468118e1-2446-4aaf-a5e5-6282752e3bb8,GEN-TOR-7797FC-UNICA,e02cb826-10ba-49ff-9b2b-b725833bb3bf,,,
Catálogo organizado,841,,,MAY,,DRILL LAPICERO,"Drills, extractores y equipos",IMPORTED,0d89e037-3e05-4aa4-8a83-df7758b27b66,GEN-TOR-3682B2,675ea491-7fbf-4b12-a860-77709440f10f,GEN-TOR-3682B2-UNICA,07726b93-cf2f-451e-8f19-c68c72a0e748,,,
Catálogo organizado,842,,,MAY,,EXTRACTOR DE POLVO,"Drills, extractores y equipos",IMPORTED,c1d9deaa-abdb-4a11-91a0-c82152ebfcf1,GEN-TOR-2F2A6A,381103b1-6711-45e9-adf0-d47c4ede12cf,GEN-TOR-2F2A6A-UNICA,6541a07c-da8c-400f-b766-3f073f1a7fd4,,,
Catálogo organizado,843,,,WEDOR,,EXTRACTOR DE POLVO,"Drills, extractores y equipos",IMPORTED,c1d9deaa-abdb-4a11-91a0-c82152ebfcf1,GEN-TOR-2F2A6A,381103b1-6711-45e9-adf0-d47c4ede12cf,GEN-TOR-2F2A6A-UNICA,0335b7a4-1874-4a1f-8e62-89f6d7f80210,,,
Catálogo organizado,844,OTR076,M-158,MAY,BQ730,DRILL UÑAS VERDE,"Drills, extractores y equipos",IMPORTED,1d6bb406-722c-4aa7-86fe-437cfcd532d4,BQ7-TOR-EF209A,86a1008d-6adf-4ef3-9b24-52888d457291,OTR076,21d37d18-71ee-452a-8793-cb66e8f8c93f,,,
Catálogo organizado,845,,T-21305,EDW REMAT,DRILL PRO,DRILL DE MESA C/PEDAL 35RPM BLANCO 65W,"Drills, extractores y equipos",IMPORTED,c4687102-e320-4ba7-9eee-17e62d944426,DRI-TOR-6A13BA,4a2da400-1017-4d59-8c55-49bd2aa60094,DRI-TOR-6A13BA-5048B7,7d7bbe6f-9989-49cd-9c6f-d7350e92faf4,,,
Catálogo organizado,846,,SHEY-245,MAY,ELECTRIC NAIL DRILL,DRILL DE UÑAS 35RPM,"Drills, extractores y equipos",IMPORTED,499f8125-f3d2-4e9d-8565-f2453367d7ef,ELE-TOR-29B910,d7782c2a-7bb3-44a8-ada7-7547f930dfdd,ELE-TOR-29B910-UNICA,efcb5f8e-c85a-4b59-a2ac-a32c557191d5,,,
Catálogo organizado,847,MER001,,MAY,MERCEDES2000,DRILL UÑAS MERCEDES,"Drills, extractores y equipos",IMPORTED,cd693f41-5e0a-4e60-92f7-4fd9d851bab0,MER-TOR-FA42BE,b9ecdd7f-bba2-47da-a362-2030d28dcbef,MER001,4c720356-b689-41ab-b6b8-999d42414894,,,
Catálogo organizado,848,,SHEY-244,MAY,NAIL DRILLPORTABLE,DRILL UÑAS 45RPM,"Drills, extractores y equipos",IMPORTED,8913c0cd-77be-4832-8cbc-56e8719fec7d,NAI-TOR-3F1E91,cef2182c-a7f6-4950-b45d-73715d519b26,NAI-TOR-3F1E91-UNICA,f4875884-3452-458f-8951-54a7a53fbfd7,,,
Catálogo organizado,849,,T-21232,EDW REMAT,OTROS,AEROGRAFO P/UÑAS INALAMBRICO JYD-288,"Drills, extractores y equipos",IMPORTED,3f0cc376-df98-482a-9e1a-0968fbfcfb55,GEN-TOR-AB030D,acc0b8e2-cd61-4c6a-8ad3-a0a346c5c81a,GEN-TOR-AB030D-UNICA,ac725447-d059-420f-92f8-356682496428,,,
Catálogo organizado,850,,T-21357,EDW REMAT,OTROS,DRILL 30RPM TGR-108 ROSADO,"Drills, extractores y equipos",IMPORTED,1e4da9bf-7c85-431c-8e33-b7445e3b7b46,GEN-TOR-4CB20D,27be87c2-0feb-481d-9256-07d4b3a0210f,GEN-TOR-4CB20D-2A92B9,66a78483-eb41-40bd-b62b-0bcf5771bd70,,,
Catálogo organizado,851,,T-21298,EDW REMAT,OTROS,DRILL 35RPM PURPLE,"Drills, extractores y equipos",IMPORTED,2720decf-30b5-42a1-8648-4c27408d424f,GEN-TOR-6E0405,c461a7f3-1b62-4d54-9603-8ec50e5d6179,GEN-TOR-6E0405-UNICA,1aeaab26-09f5-4db7-b338-0a6d344f0761,,,
Catálogo organizado,852,,T-21300,EDW REMAT,OTROS,DRILL 35RPM US-808 ROSE GOLD,"Drills, extractores y equipos",IMPORTED,0c8bd616-2c45-4444-8c4d-e6dc1dce6250,GEN-TOR-F2D8AE,e4087d14-bd36-43da-9f9f-1a91d8835996,GEN-TOR-F2D8AE-UNICA,40b52490-1537-4aec-87ac-cd806d039e47,,,
Catálogo organizado,853,,PL-101,TOTALES CUZCO,OTROS,DRILL INALAMBRICO BASICO 35000 RPM,"Drills, extractores y equipos",IMPORTED,dad961fb-215b-4370-87aa-cdc108abdab6,GEN-TOR-1BCD2C,3682aebe-09db-4730-9eeb-3eec35504d9e,GEN-TOR-1BCD2C-UNICA,8a6e0e06-45d4-4316-ab65-a35267a9fb69,,,
Catálogo organizado,854,,BQ-114,TOTALES CUZCO,OTROS,DRILL INALAMBRICO PEDRERIA 45000 RPM,"Drills, extractores y equipos",IMPORTED,e00ffd76-a538-4ff6-9c79-9b40074b82bd,GEN-TOR-8D500B,57d182a0-43db-493f-99c9-cf1efcd46b87,GEN-TOR-8D500B-UNICA,eed6820e-cbfe-45ca-be03-f5185bac53f7,,,
Catálogo organizado,855,OTR063,DM-202,MAY,OTROS,DRILL UÑAS,"Drills, extractores y equipos",IMPORTED,3020b997-028f-4940-adf1-6bad974a6b54,GEN-TOR-F7872E,5241b0ce-0fa3-48c8-be1f-c3ef0a84b7c5,OTR063,855a802a-4819-423a-b89a-abff5afe42c6,,,
Catálogo organizado,856,OTR078,,MAY,OTROS,DRILL UÑAS CORAZON 35RPM,"Drills, extractores y equipos",IMPORTED,2b27e341-7f18-48d1-bb53-4e68286d372d,GEN-TOR-FCC75C,60e6c207-b080-4a04-ae86-e8b3bb0a7aed,OTR078,569a1402-95b9-4b41-a880-47e54e960342,,,
Catálogo organizado,857,OTR077,,MAY,OTROS,DRILL UÑAS DIGITAL 40RPM,"Drills, extractores y equipos",IMPORTED,55638bc6-3f9e-4b5b-bd50-517e5914389a,GEN-TOR-BF6E26,791d6ead-531d-49eb-8e99-47acd2207083,OTR077,6ef53b34-a372-4803-ac20-b53863f00319,,,
Catálogo organizado,858,OTR075,SG703,MAY,OTROS,DRILL UÑAS TORNASOL 35RPM,"Drills, extractores y equipos",IMPORTED,dbc5cb96-8d7f-46dc-971f-249f56d57d2a,GEN-TOR-C71B09,7e3e99cf-f70d-46a6-b353-651f9d3a104a,OTR075,0252b1fc-823d-4172-b53d-b31af7c866be,,,
Catálogo organizado,859,,T-21318,EDW REMAT,OTROS,EXTRACTOR DE POLVO C/ALMOHADA BLANCO 40W,"Drills, extractores y equipos",IMPORTED,a2078b86-21e3-4643-9a71-f5995dfd2840,GEN-TOR-DB485A,ac121b43-fe62-4a45-a53c-2d4bdcdba4ad,GEN-TOR-DB485A-5048B7,fa5c8449-38a2-4e44-9376-8546d3363b08,,,
Catálogo organizado,860,OTR074,,MAY,OTROS,MAQUINA REMOVEDOR A VAPOR,"Drills, extractores y equipos",IMPORTED,10d23ba0-d8cd-480f-b1db-36aa79f94cf3,GEN-TOR-033A6B,1d5e6da6-3a19-466b-9c9e-90dcd2b7b608,OTR074,7c99a62b-af1c-4385-828d-5416b73be1a8,,,
Catálogo organizado,861,,T-21308,EDW REMAT,PRECISION NAIL,DRILL DE MESA C/PEDAL 35RPM FUCSIA 45W,"Drills, extractores y equipos",IMPORTED,d66e86d0-d1c1-4c65-b32a-c6550a3eb4cd,PRE-TOR-2CDD40,48b06c0e-be2b-4232-a2c3-83e9f1b9a341,PRE-TOR-2CDD40-E71846,ffb96b4b-76ee-4904-94a0-ad37b7855c00,,,
Catálogo organizado,862,,,NATYBELL,SML,DRILL SML 35MIL RPM,"Drills, extractores y equipos",IMPORTED,eb0cd463-2c8a-47dd-b19b-913591071e94,SML-TOR-979514,0e3e94cc-6707-4c24-8100-f9d594e42893,SML-TOR-979514-UNICA,13719ffc-8073-4920-a786-c28e5fbd99d4,,,
Catálogo organizado,863,SML001,,MAY,SML,DRILL SML 35RPM,"Drills, extractores y equipos",IMPORTED,b4e78d19-4900-4350-b285-8757d32dc563,SML-TOR-F9D4C3,efb6709b-d817-4de5-b58b-053377c74059,SML001,5cacd7ca-f483-485a-b35f-a271ea98c0bf,,,
Catálogo organizado,864,ADM001,,MAY,ADMISS,AJO Y LIMON,Esmaltes tradicionales y gel,IMPORTED,fecd8e71-ecf7-4ec8-83ad-89ec5ac0eb2a,ADM-ESM-CA6EEA,71acc5d5-803d-4ce3-b412-565c614ac196,ADM001,6b34fb87-3bd5-4a79-9236-bc7d31011a29,,,
Catálogo organizado,865,ADM002,,MAY,ADMISS,ALEJO,Esmaltes tradicionales y gel,IMPORTED,fecd8e71-ecf7-4ec8-83ad-89ec5ac0eb2a,ADM-ESM-CA6EEA,72238c42-74ce-4791-8f9b-5c786ac27844,ADM002,f9ab2c8a-90fc-448b-8558-963c84062318,,,
Catálogo organizado,866,ADM003,,MAY,ADMISS,ALEXANDER,Esmaltes tradicionales y gel,IMPORTED,fecd8e71-ecf7-4ec8-83ad-89ec5ac0eb2a,ADM-ESM-CA6EEA,74d62c51-ad50-4c4d-9482-910707689ec9,ADM003,8e15c826-b737-4b13-b749-f4aeff09c4b9,,,
Catálogo organizado,867,ADM004,,MAY,ADMISS,ALVARO,Esmaltes tradicionales y gel,IMPORTED,fecd8e71-ecf7-4ec8-83ad-89ec5ac0eb2a,ADM-ESM-CA6EEA,2cce1b2d-e661-4de0-b064-cd7241cb3e94,ADM004,74900d2b-bf75-41cc-82aa-0da98081a3c9,,,
Catálogo organizado,868,ADM005,,MAY,ADMISS,AMADOR,Esmaltes tradicionales y gel,IMPORTED,fecd8e71-ecf7-4ec8-83ad-89ec5ac0eb2a,ADM-ESM-CA6EEA,186684b7-586f-4298-a1df-7cfc189febf6,ADM005,b294c281-4acb-404c-8460-0a7fa5afdacb,,,
Catálogo organizado,869,ADM006,,MAY,ADMISS,ANDY,Esmaltes tradicionales y gel,IMPORTED,fecd8e71-ecf7-4ec8-83ad-89ec5ac0eb2a,ADM-ESM-CA6EEA,74d23e7b-352e-4cc8-be5b-ccc70475a267,ADM006,bb307082-024e-4b08-9bd6-f045b65bf89b,,,
Catálogo organizado,870,ADM007,,MAY,ADMISS,ARIEL,Esmaltes tradicionales y gel,IMPORTED,fecd8e71-ecf7-4ec8-83ad-89ec5ac0eb2a,ADM-ESM-CA6EEA,62f31908-ddbf-470b-b3c7-d66823a6bb34,ADM007,fe82f248-cafb-4e6f-820e-f4f346c4a21c,,,
Catálogo organizado,871,ADM008,,MAY,ADMISS,BENJAMIN,Esmaltes tradicionales y gel,IMPORTED,fecd8e71-ecf7-4ec8-83ad-89ec5ac0eb2a,ADM-ESM-CA6EEA,4830bb73-bcd9-4348-8476-f764982d3929,ADM008,33fc5d96-d645-4967-962c-9a0c0431fc58,,,
Catálogo organizado,872,ADM009,,MAY,ADMISS,BETO,Esmaltes tradicionales y gel,IMPORTED,fecd8e71-ecf7-4ec8-83ad-89ec5ac0eb2a,ADM-ESM-CA6EEA,01cfb114-3cfe-4a4f-9843-1bc88ea8010c,ADM009,aaa784e8-07e6-44b1-bece-66da1ea50105,,,
Catálogo organizado,873,ADM010,,MAY,ADMISS,BRASILERO,Esmaltes tradicionales y gel,IMPORTED,fecd8e71-ecf7-4ec8-83ad-89ec5ac0eb2a,ADM-ESM-CA6EEA,b7a84a02-30e2-4582-81ad-b3a96ef3f808,ADM010,2b8d86d3-ad31-4d1d-930b-3a1582c0ed31,,,
Catálogo organizado,874,ADM021,,MAY,ADMISS,CESAR,Esmaltes tradicionales y gel,IMPORTED,fecd8e71-ecf7-4ec8-83ad-89ec5ac0eb2a,ADM-ESM-CA6EEA,f73fa1fc-c3c9-4215-9600-ec13178a78fe,ADM021,11117ca2-46dd-4de3-bd36-b7fc38f013d2,,,
Catálogo organizado,875,ADM022,,MAY,ADMISS,CHARLIE,Esmaltes tradicionales y gel,IMPORTED,fecd8e71-ecf7-4ec8-83ad-89ec5ac0eb2a,ADM-ESM-CA6EEA,8303ed38-0ee6-4284-a50e-5ac41117ca66,ADM022,9cf285a8-ea3e-45c3-8f57-dc17a52a8d85,,,
Catálogo organizado,876,ADM023,,MAY,ADMISS,COLOMBIANO,Esmaltes tradicionales y gel,IMPORTED,fecd8e71-ecf7-4ec8-83ad-89ec5ac0eb2a,ADM-ESM-CA6EEA,93514275-6676-43e7-a7f8-f10521389b27,ADM023,29bc9029-ab5c-43f1-a786-56103d606af9,,,
Catálogo organizado,877,ADM024,,MAY,ADMISS,CRISTOPHER,Esmaltes tradicionales y gel,IMPORTED,fecd8e71-ecf7-4ec8-83ad-89ec5ac0eb2a,ADM-ESM-CA6EEA,d1fb7ca0-6508-441c-88e3-fe83ef7f77b2,ADM024,d9625310-a91b-44d7-9e8d-9cc713b2348b,,,
Catálogo organizado,878,ADM025,,MAY,ADMISS,DANTE,Esmaltes tradicionales y gel,IMPORTED,fecd8e71-ecf7-4ec8-83ad-89ec5ac0eb2a,ADM-ESM-CA6EEA,81a0ca45-00de-47cc-bbbf-c231d8fa9866,ADM025,8bf0d569-2d77-40a6-bcaf-e26ac88c92b3,,,
Catálogo organizado,879,ADM026,,MAY,ADMISS,DAVID,Esmaltes tradicionales y gel,IMPORTED,fecd8e71-ecf7-4ec8-83ad-89ec5ac0eb2a,ADM-ESM-CA6EEA,b1398811-6247-4bda-9dac-8b1037060add,ADM026,77cee1e8-888b-4254-89f9-9cb8636f85e7,,,
Catálogo organizado,880,ADM027,,MAY,ADMISS,DIEGO,Esmaltes tradicionales y gel,IMPORTED,fecd8e71-ecf7-4ec8-83ad-89ec5ac0eb2a,ADM-ESM-CA6EEA,690966a2-824b-4cc9-8029-f48b446bd330,ADM027,bf33c786-3587-4d55-b351-3d7501d8088b,,,
Catálogo organizado,881,ADM028,,MAY,ADMISS,EMILIANO,Esmaltes tradicionales y gel,IMPORTED,fecd8e71-ecf7-4ec8-83ad-89ec5ac0eb2a,ADM-ESM-CA6EEA,16537643-7d47-4de4-95b8-fd0c0314b3a4,ADM028,62dc032a-7b03-49a9-afb1-5fe104a3c307,,,
Catálogo organizado,882,ADM029,,MAY,ADMISS,ESCARCHADO ADRIANO,Esmaltes tradicionales y gel,IMPORTED,fecd8e71-ecf7-4ec8-83ad-89ec5ac0eb2a,ADM-ESM-CA6EEA,eff570b3-ef26-4c2c-8d6b-6d955c87cef4,ADM029,3c56468f-7969-4f07-aa11-b66dfe08523c,,,
Catálogo organizado,883,ADM030,,MAY,ADMISS,ESCARCHADO ERIK,Esmaltes tradicionales y gel,IMPORTED,fecd8e71-ecf7-4ec8-83ad-89ec5ac0eb2a,ADM-ESM-CA6EEA,d6e97111-bc31-4d45-a965-9ed73638a324,ADM030,127190cd-f837-483a-8347-66e29c392ab8,,,
Catálogo organizado,884,ADM031,,MAY,ADMISS,EUROPEO,Esmaltes tradicionales y gel,IMPORTED,fecd8e71-ecf7-4ec8-83ad-89ec5ac0eb2a,ADM-ESM-CA6EEA,c62e801a-5942-447c-90bc-c2b8a6791fc5,ADM031,00909a81-b749-4823-b609-ff3113ae62fb,,,
Catálogo organizado,885,ADM032,,MAY,ADMISS,FEDERICO,Esmaltes tradicionales y gel,IMPORTED,fecd8e71-ecf7-4ec8-83ad-89ec5ac0eb2a,ADM-ESM-CA6EEA,6188cb31-8efd-473c-98ac-3844f8d588e6,ADM032,adf3718d-8b6c-4b7c-af33-bbf33e3e8801,,,
Catálogo organizado,886,ADM033,,MAY,ADMISS,FERCHO,Esmaltes tradicionales y gel,IMPORTED,fecd8e71-ecf7-4ec8-83ad-89ec5ac0eb2a,ADM-ESM-CA6EEA,25566c73-ec62-4492-bb5c-0737db7d684c,ADM033,23eb59ec-ab33-47da-baff-7f5ac84d6215,,,
Catálogo organizado,887,ADM034,,MAY,ADMISS,FRANCES,Esmaltes tradicionales y gel,IMPORTED,fecd8e71-ecf7-4ec8-83ad-89ec5ac0eb2a,ADM-ESM-CA6EEA,4e0814c4-4cc8-4bd3-8b43-89b232fb03c8,ADM034,8fea9d4b-0a01-4acc-9312-50ce3d6d30c3,,,
Catálogo organizado,888,ADM035,,MAY,ADMISS,FRANCISCO,Esmaltes tradicionales y gel,IMPORTED,fecd8e71-ecf7-4ec8-83ad-89ec5ac0eb2a,ADM-ESM-CA6EEA,eb8711fb-b640-4cb8-8a8f-2a3cc0142f2c,ADM035,157ae826-ef10-4769-9cab-480dea37bced,,,
Catálogo organizado,889,ADM036,,MAY,ADMISS,GABRIEL,Esmaltes tradicionales y gel,IMPORTED,fecd8e71-ecf7-4ec8-83ad-89ec5ac0eb2a,ADM-ESM-CA6EEA,6493bbf6-a020-4047-a5be-9e547b636d59,ADM036,383a54f5-1c53-451e-8d1e-f3fe1cf68ed2,,,
Catálogo organizado,890,ADM037,,MAY,ADMISS,GASTON,Esmaltes tradicionales y gel,IMPORTED,fecd8e71-ecf7-4ec8-83ad-89ec5ac0eb2a,ADM-ESM-CA6EEA,50e1f378-953c-4df4-9ff5-ae3d9def00ee,ADM037,73bc153d-9f22-46e9-9a75-94fb94051fee,,,
Catálogo organizado,891,ADM038,,MAY,ADMISS,GERALD,Esmaltes tradicionales y gel,IMPORTED,fecd8e71-ecf7-4ec8-83ad-89ec5ac0eb2a,ADM-ESM-CA6EEA,c6e37e0c-5eb0-4486-b573-f8f489db29ed,ADM038,0798a881-66da-4780-b136-a479f81d7ff2,,,
Catálogo organizado,892,ADM039,,MAY,ADMISS,GIAN,Esmaltes tradicionales y gel,IMPORTED,fecd8e71-ecf7-4ec8-83ad-89ec5ac0eb2a,ADM-ESM-CA6EEA,f4ca3972-7cdf-4c77-b643-df6f698807a3,ADM039,a0b7b7a5-656f-4142-bfa6-95af3846099f,,,
Catálogo organizado,893,ADM040,,MAY,ADMISS,GREGORIO,Esmaltes tradicionales y gel,IMPORTED,fecd8e71-ecf7-4ec8-83ad-89ec5ac0eb2a,ADM-ESM-CA6EEA,3903d6e3-0572-44eb-b442-b1d6cfcb01c9,ADM040,71af6003-ad27-4966-99ac-75c796e8adc8,,,
Catálogo organizado,894,ADM041,,MAY,ADMISS,GUILLERMO,Esmaltes tradicionales y gel,IMPORTED,fecd8e71-ecf7-4ec8-83ad-89ec5ac0eb2a,ADM-ESM-CA6EEA,7721c216-395f-49f6-9921-52697382c347,ADM041,362a3842-8381-4500-90ee-5037a9c2e5c9,,,
Catálogo organizado,895,ADM042,,MAY,ADMISS,IGNACIO,Esmaltes tradicionales y gel,IMPORTED,fecd8e71-ecf7-4ec8-83ad-89ec5ac0eb2a,ADM-ESM-CA6EEA,ca367801-722e-48b5-b0a7-dfd50877f76a,ADM042,53867637-e394-4885-aef5-d33636c3264b,,,
Catálogo organizado,896,ADM043,,MAY,ADMISS,IVAN,Esmaltes tradicionales y gel,IMPORTED,fecd8e71-ecf7-4ec8-83ad-89ec5ac0eb2a,ADM-ESM-CA6EEA,bca7c99b-9ccb-45a3-ab0f-30a4b301720e,ADM043,fa94dd12-79a0-4559-8c7c-ccfa5e5d0ec1,,,
Catálogo organizado,897,ADM044,,MAY,ADMISS,JACINTO,Esmaltes tradicionales y gel,IMPORTED,fecd8e71-ecf7-4ec8-83ad-89ec5ac0eb2a,ADM-ESM-CA6EEA,1bc139e1-f862-408d-8dbd-0e4cc227baad,ADM044,0d918089-e57b-4827-a07e-bdee2162dd3b,,,
Catálogo organizado,898,ADM045,,MAY,ADMISS,JACK,Esmaltes tradicionales y gel,IMPORTED,fecd8e71-ecf7-4ec8-83ad-89ec5ac0eb2a,ADM-ESM-CA6EEA,e6487980-5950-46c7-ab4f-726ea5628d95,ADM045,5cdfd1d5-9b26-466e-b27f-4a53e5df75ad,,,
Catálogo organizado,899,ADM046,,MAY,ADMISS,JAIME,Esmaltes tradicionales y gel,IMPORTED,fecd8e71-ecf7-4ec8-83ad-89ec5ac0eb2a,ADM-ESM-CA6EEA,0de6411a-af2c-4018-b43c-aca6d99a3caa,ADM046,40c9052e-5dc1-4f18-8cad-70275c39c566,,,
Catálogo organizado,900,ADM047,,MAY,ADMISS,JEFFERSON,Esmaltes tradicionales y gel,IMPORTED,fecd8e71-ecf7-4ec8-83ad-89ec5ac0eb2a,ADM-ESM-CA6EEA,c9c33034-cbf6-4f3f-b96a-eeb00d47b316,ADM047,3b9a3c87-d5bf-42e7-8ae9-d265b25e9a5a,,,
Catálogo organizado,901,ADM048,,MAY,ADMISS,JERÓNIMO,Esmaltes tradicionales y gel,IMPORTED,fecd8e71-ecf7-4ec8-83ad-89ec5ac0eb2a,ADM-ESM-CA6EEA,206f0dbb-ccd2-456b-9eeb-8ae571dfdc94,ADM048,03781d49-724b-4ee9-a8e7-c89a13ebb2ab,,,
Catálogo organizado,902,ADM049,,MAY,ADMISS,JESUS,Esmaltes tradicionales y gel,IMPORTED,fecd8e71-ecf7-4ec8-83ad-89ec5ac0eb2a,ADM-ESM-CA6EEA,c71954f6-d2a6-46d6-9376-b6aff18375da,ADM049,0e815cf4-b4d4-46de-a8ae-b4c655307925,,,
Catálogo organizado,903,ADM050,,MAY,ADMISS,JORGE,Esmaltes tradicionales y gel,IMPORTED,fecd8e71-ecf7-4ec8-83ad-89ec5ac0eb2a,ADM-ESM-CA6EEA,55288b20-abef-4b43-bf4f-34e46538bd80,ADM050,d9611835-8fbd-4cb5-a834-37c8051d8eac,,,
Catálogo organizado,904,ADM051,,MAY,ADMISS,JUANES,Esmaltes tradicionales y gel,IMPORTED,fecd8e71-ecf7-4ec8-83ad-89ec5ac0eb2a,ADM-ESM-CA6EEA,d22d4f1b-02dd-45d9-bdbe-e86e875273cb,ADM051,df16acfa-8075-4b88-9612-ebf8162adb71,,,
Catálogo organizado,905,ADM052,,MAY,ADMISS,JULIAN,Esmaltes tradicionales y gel,IMPORTED,fecd8e71-ecf7-4ec8-83ad-89ec5ac0eb2a,ADM-ESM-CA6EEA,2b84cb11-a028-40bd-954c-5102380ef274,ADM052,1d0d35bf-6e28-43df-88f7-bfb5f9e0ef4f,,,
Catálogo organizado,906,ADM053,,MAY,ADMISS,LARRY,Esmaltes tradicionales y gel,IMPORTED,fecd8e71-ecf7-4ec8-83ad-89ec5ac0eb2a,ADM-ESM-CA6EEA,df4481f2-cac8-43ea-aba0-a2559fadbfe7,ADM053,61177d92-1f85-4f9f-a5be-4f3831b1b0a0,,,
Catálogo organizado,907,ADM054,,MAY,ADMISS,LENON,Esmaltes tradicionales y gel,IMPORTED,fecd8e71-ecf7-4ec8-83ad-89ec5ac0eb2a,ADM-ESM-CA6EEA,c61e08b9-45b5-477b-bebd-0fc5becb56d0,ADM054,b297fca2-fe71-4279-9a85-61a19ff4268e,,,
Catálogo organizado,908,ADM055,,MAY,ADMISS,LUCAS,Esmaltes tradicionales y gel,IMPORTED,fecd8e71-ecf7-4ec8-83ad-89ec5ac0eb2a,ADM-ESM-CA6EEA,638d2c01-6e08-443b-afc9-b7ff7e1e2e18,ADM055,99e1a566-1dd6-4aa3-855d-c7919fc0be40,,,
Catálogo organizado,909,ADM056,,MAY,ADMISS,LUCHO,Esmaltes tradicionales y gel,IMPORTED,fecd8e71-ecf7-4ec8-83ad-89ec5ac0eb2a,ADM-ESM-CA6EEA,2de91e6a-9db6-4dee-895b-d40a458d9e9b,ADM056,01b6a1c5-d6bd-406c-9f72-4dc95d97e647,,,
Catálogo organizado,910,ADM057,,MAY,ADMISS,LUCHO DECO,Esmaltes tradicionales y gel,IMPORTED,fecd8e71-ecf7-4ec8-83ad-89ec5ac0eb2a,ADM-ESM-CA6EEA,cabb135a-cb7c-4204-aeed-470c51c1e53a,ADM057,e3b7b707-9fd3-4141-838c-5c520a6ed250,,,
Catálogo organizado,911,ADM058,,MAY,ADMISS,LUCIANO,Esmaltes tradicionales y gel,IMPORTED,fecd8e71-ecf7-4ec8-83ad-89ec5ac0eb2a,ADM-ESM-CA6EEA,d8ad71f6-d17b-43c7-8fba-ebc477bc634c,ADM058,98010206-ac35-4b58-ba31-958b9e8e4f19,,,
Catálogo organizado,912,ADM059,,MAY,ADMISS,LUIS,Esmaltes tradicionales y gel,IMPORTED,fecd8e71-ecf7-4ec8-83ad-89ec5ac0eb2a,ADM-ESM-CA6EEA,5f679700-7772-425a-8d56-98ae58f0a9ed,ADM059,a2136017-7585-47ac-85b0-b0f9c805cfdc,,,
Catálogo organizado,913,ADM060,,MAY,ADMISS,MARCOS,Esmaltes tradicionales y gel,IMPORTED,fecd8e71-ecf7-4ec8-83ad-89ec5ac0eb2a,ADM-ESM-CA6EEA,df66fef9-70d0-4ab5-a707-ba2584ad21c1,ADM060,91afcdbf-27d0-4363-af3c-b5f66102a883,,,
Catálogo organizado,914,ADM061,,MAY,ADMISS,MARIO,Esmaltes tradicionales y gel,IMPORTED,fecd8e71-ecf7-4ec8-83ad-89ec5ac0eb2a,ADM-ESM-CA6EEA,061fec84-68ce-4189-a4e7-ea6d4e3d2975,ADM061,b957c887-b2dd-43c5-bc3c-795ed40c9fec,,,
Catálogo organizado,915,ADM062,,MAY,ADMISS,MARLON,Esmaltes tradicionales y gel,IMPORTED,fecd8e71-ecf7-4ec8-83ad-89ec5ac0eb2a,ADM-ESM-CA6EEA,a707cf70-cc37-4a15-a3ef-b282614a6404,ADM062,e4036523-f76f-4640-a1b7-6ea908424db8,,,
Catálogo organizado,916,ADM063,,MAY,ADMISS,MIDAS,Esmaltes tradicionales y gel,IMPORTED,fecd8e71-ecf7-4ec8-83ad-89ec5ac0eb2a,ADM-ESM-CA6EEA,2f67db18-b96f-4778-a011-53ecdff4f633,ADM063,aaae126b-69a4-4eeb-949b-209231266b44,,,
Catálogo organizado,917,ADM064,,MAY,ADMISS,MIGUE,Esmaltes tradicionales y gel,IMPORTED,fecd8e71-ecf7-4ec8-83ad-89ec5ac0eb2a,ADM-ESM-CA6EEA,e548b4d4-8c2b-4c9b-9e8c-129bbfdc8cc7,ADM064,52e8320d-350c-4a7a-95a1-bc02cb8edec8,,,
Catálogo organizado,918,ADM065,,MAY,ADMISS,NICO,Esmaltes tradicionales y gel,IMPORTED,fecd8e71-ecf7-4ec8-83ad-89ec5ac0eb2a,ADM-ESM-CA6EEA,c5074cc5-dd45-4813-ac49-e106d700b6c9,ADM065,8e110023-a90b-47fe-97ad-7a08db25c6a6,,,
Catálogo organizado,919,ADM066,,MAY,ADMISS,NORBERTO,Esmaltes tradicionales y gel,IMPORTED,fecd8e71-ecf7-4ec8-83ad-89ec5ac0eb2a,ADM-ESM-CA6EEA,a6b5e5cf-b0c1-40b1-815c-126fd0acf764,ADM066,471ee82d-fcb1-4311-af7c-38b0ea61665d,,,
Catálogo organizado,920,ADM067,,MAY,ADMISS,OMAR,Esmaltes tradicionales y gel,IMPORTED,fecd8e71-ecf7-4ec8-83ad-89ec5ac0eb2a,ADM-ESM-CA6EEA,0176330d-69a0-4492-b2bb-1130d89c1779,ADM067,cae5e340-7756-428e-9da5-e84cf3692829,,,
Catálogo organizado,921,ADM068,,MAY,ADMISS,OSCAR,Esmaltes tradicionales y gel,IMPORTED,fecd8e71-ecf7-4ec8-83ad-89ec5ac0eb2a,ADM-ESM-CA6EEA,d6613281-096f-4dc8-ab36-d8c51a034769,ADM068,18ddf5aa-f280-44d8-998c-188a2fe63879,,,
Catálogo organizado,922,,,MAY,ADMISS,OTIS,Esmaltes tradicionales y gel,IMPORTED,fecd8e71-ecf7-4ec8-83ad-89ec5ac0eb2a,ADM-ESM-CA6EEA,04f43da5-f69e-4ce9-b49e-eaada79590f2,ADM-ESM-CA6EEA-F21A31,137e2e60-5fff-455d-b271-26e046fc34c2,,,
Catálogo organizado,923,,,MAY,ADMISS,PACHECO,Esmaltes tradicionales y gel,IMPORTED,fecd8e71-ecf7-4ec8-83ad-89ec5ac0eb2a,ADM-ESM-CA6EEA,27743da4-b96d-44fb-a1be-c4711ae8f08a,ADM-ESM-CA6EEA-FAD8C3,80c8ba6c-4eef-4445-83c1-0c8b9f7d732c,,,
Catálogo organizado,924,,,MAY,ADMISS,PAOLO,Esmaltes tradicionales y gel,IMPORTED,fecd8e71-ecf7-4ec8-83ad-89ec5ac0eb2a,ADM-ESM-CA6EEA,7b09d7d5-330f-490a-8fb9-30cda62c6d8f,ADM-ESM-CA6EEA-518EB2,a5a908f7-4754-4020-81a8-7ecdb5c0383a,,,
Catálogo organizado,925,,,MAY,ADMISS,RAFA,Esmaltes tradicionales y gel,IMPORTED,fecd8e71-ecf7-4ec8-83ad-89ec5ac0eb2a,ADM-ESM-CA6EEA,5ea55e43-bdce-45a4-a959-09ef4190c793,ADM-ESM-CA6EEA-9CD81B,8886079c-38ca-41e2-b0cd-81cbdd349780,,,
Catálogo organizado,926,,,MAY,ADMISS,RICK,Esmaltes tradicionales y gel,IMPORTED,fecd8e71-ecf7-4ec8-83ad-89ec5ac0eb2a,ADM-ESM-CA6EEA,fdcabbbc-8321-4962-830d-f1bafb858fab,ADM-ESM-CA6EEA-13BBEB,47202515-ae9a-4894-8d99-0c2622c3cc9d,,,
Catálogo organizado,927,,,MAY,ADMISS,ROMEO,Esmaltes tradicionales y gel,IMPORTED,fecd8e71-ecf7-4ec8-83ad-89ec5ac0eb2a,ADM-ESM-CA6EEA,dc358a98-d795-471b-a237-7bbbdea8a0bb,ADM-ESM-CA6EEA-B2B140,b698f7b1-7818-445d-8349-ef2b096137d9,,,
Catálogo organizado,928,,,MAY,ADMISS,SALVADOR,Esmaltes tradicionales y gel,IMPORTED,fecd8e71-ecf7-4ec8-83ad-89ec5ac0eb2a,ADM-ESM-CA6EEA,908bfb7a-2e78-4c4f-8b54-1360c55d49e2,ADM-ESM-CA6EEA-9B3F41,e8e2a707-9dad-4be1-9ef7-4b7355fe1269,,,
Catálogo organizado,929,,,MAY,ADMISS,SAMUEL,Esmaltes tradicionales y gel,IMPORTED,fecd8e71-ecf7-4ec8-83ad-89ec5ac0eb2a,ADM-ESM-CA6EEA,c936df2a-4bbe-4c5a-8744-3e0b52bdd3ee,ADM-ESM-CA6EEA-63E3B8,6f4a4a9c-d90d-4b46-9e5c-ce3ea6a444b0,,,
Catálogo organizado,930,,,MAY,ADMISS,SANTI,Esmaltes tradicionales y gel,IMPORTED,fecd8e71-ecf7-4ec8-83ad-89ec5ac0eb2a,ADM-ESM-CA6EEA,b56b8f44-65a8-46eb-bf8e-657ccefc0b71,ADM-ESM-CA6EEA-81BB7C,0c352b31-0058-4b9c-bf2f-414752f5c93f,,,
Catálogo organizado,931,,,MAY,ADMISS,SERAFIN,Esmaltes tradicionales y gel,IMPORTED,fecd8e71-ecf7-4ec8-83ad-89ec5ac0eb2a,ADM-ESM-CA6EEA,ffc2fbd6-7088-46aa-8cf3-5694fdb8133e,ADM-ESM-CA6EEA-DDBDDA,69baca13-98d3-45b6-925e-250e1726c8a6,,,
Catálogo organizado,932,,,MAY,ADMISS,SILVIO,Esmaltes tradicionales y gel,IMPORTED,fecd8e71-ecf7-4ec8-83ad-89ec5ac0eb2a,ADM-ESM-CA6EEA,f17c3214-8931-4f1c-b89a-6ae261e137cb,ADM-ESM-CA6EEA-12E7FF,bf11661a-d1ff-49b6-bc4c-4de16efdebde,,,
Catálogo organizado,933,,,MAY,ADMISS,THIAGO,Esmaltes tradicionales y gel,IMPORTED,fecd8e71-ecf7-4ec8-83ad-89ec5ac0eb2a,ADM-ESM-CA6EEA,9b686b6b-1db3-43a8-90b2-913c88d7c545,ADM-ESM-CA6EEA-4563B3,2cdc82cd-6734-4f7a-979f-4b3894bfd4c2,,,
Catálogo organizado,934,,,MAY,ADMISS,TOBIAS,Esmaltes tradicionales y gel,IMPORTED,fecd8e71-ecf7-4ec8-83ad-89ec5ac0eb2a,ADM-ESM-CA6EEA,0d933166-b80e-4116-9088-3b2b918f7133,ADM-ESM-CA6EEA-96C4EB,e3150c38-9b58-4b16-9648-d0b4c5463044,,,
Catálogo organizado,935,,,MAY,ADMISS,TOÑO,Esmaltes tradicionales y gel,IMPORTED,fecd8e71-ecf7-4ec8-83ad-89ec5ac0eb2a,ADM-ESM-CA6EEA,8bed11c4-531e-492c-8a37-dee6d5f2c2bf,ADM-ESM-CA6EEA-66E658,3da19c05-4112-44ea-8e96-d622e6825ba9,,,
Catálogo organizado,936,,,MAY,ADMISS,VITAMINA PLUS TAPA PLOMO,Esmaltes tradicionales y gel,IMPORTED,fecd8e71-ecf7-4ec8-83ad-89ec5ac0eb2a,ADM-ESM-CA6EEA,d9c4e205-508f-4d25-b4d7-8c8d4867d494,ADM-ESM-CA6EEA-397E39,98748888-49c2-4e92-a92f-4afcc922e58a,,,
Catálogo organizado,937,,,MAY,ADMISS,WILLY,Esmaltes tradicionales y gel,IMPORTED,fecd8e71-ecf7-4ec8-83ad-89ec5ac0eb2a,ADM-ESM-CA6EEA,59f36047-951d-487e-8cf4-54954c5a536e,ADM-ESM-CA6EEA-0721CF,df812666-242c-44b1-b63c-678097dbe109,,,
Catálogo organizado,938,,,MAY,ADMISS,WILLY DECO,Esmaltes tradicionales y gel,IMPORTED,fecd8e71-ecf7-4ec8-83ad-89ec5ac0eb2a,ADM-ESM-CA6EEA,382bb902-3fe3-4b2f-a2b2-455523b60401,ADM-ESM-CA6EEA-7BB44A,c86be48f-630e-4a5d-a4e2-93e27b6c39d1,,,
Catálogo organizado,939,,,BEIFA,BEIFA,ESMALTE OJO DE GATO BOXx36,Esmaltes tradicionales y gel,IMPORTED,a24a9dea-9342-4e43-ae85-faf0c9805d84,BEI-ESM-8EB31B,ba96912c-09e5-428d-8930-02863a73ed3a,BEI-ESM-8EB31B-UNICA,65dd5b3b-c523-45ae-aab8-8df1d9134a68,,,
Catálogo organizado,940,,B,BEIFA,BEIFA,ESMALTE OJO DE GATO BOXx36,Esmaltes tradicionales y gel,IMPORTED,a24a9dea-9342-4e43-ae85-faf0c9805d84,BEI-ESM-8EB31B,07b981ab-775f-4e31-902b-3736ecfdd7e8,BEI-ESM-8EB31B-B76CBA,4796d954-6471-4a83-b3a3-8ded3a233083,import_distinct,same_supplier_different_codes,"Código de proveedor propio B (≠ fila 939): artículo distinto cuya diferencia descriptiva perdió el Excel; se representa por su referencia."
Catálogo organizado,941,,NUDE,BEIFA,BEIFA,ESMALTE OJO DE GATO X12 NUDE,Esmaltes tradicionales y gel,IMPORTED,b5dd0220-ff50-4ad3-8dd8-ee6eb703c9d2,BEI-ESM-ECDCF2,93f269fb-0f7c-4a24-bcef-792a2829013e,BEI-ESM-ECDCF2-87B650,77ac2de5-b285-4711-bd6d-f3116437c189,,,
Catálogo organizado,942,,ROJO,BEIFA,BEIFA,ESMALTE OJO DE GATO X12 ROJOS,Esmaltes tradicionales y gel,IMPORTED,5ff12971-9b14-40ee-a5a3-13a5ee16f3ca,BEI-ESM-F1395F,c4855e75-22a9-440d-a2db-9f289d1eb2f0,BEI-ESM-F1395F-45D118,e0b8fa38-6ea5-45fa-b38f-ba3883399bfa,,,
Catálogo organizado,943,,,WEDOR,CANDY SECRET,ESMALTE GEL 15ML,Esmaltes tradicionales y gel,IMPORTED,96c5f5db-28a5-4d7a-8afc-035bdabd84da,CAN-ESM-4FDD29,dbce68c9-0e68-46ba-9246-ad6a92b322d4,CAN-ESM-4FDD29-98A00E,32a59010-ef53-416b-ab29-2da62c7fbb3d,,,
Catálogo organizado,944,,LC2544,ROSE&LIN,CHARM LIMIT,ESMALTE CAT EYE GEL 10ML,Esmaltes tradicionales y gel,IMPORTED,2c433bcc-4da1-4296-b1a5-e647270bb383,CHA-ESM-EBFCEF,bddaf1e6-f23d-4164-814b-19e505504ef9,CHA-ESM-EBFCEF-95538C,da35634d-6746-47a0-b505-122fd78a91df,,,
Catálogo organizado,945,,LC2536,ROSE&LIN,CHARM LIMIT,ESMALTE CAT EYE GEL 10ML,Esmaltes tradicionales y gel,IMPORTED,2c433bcc-4da1-4296-b1a5-e647270bb383,CHA-ESM-EBFCEF,af4044e7-2eb1-43ba-9952-76f070c7b138,CHA-ESM-EBFCEF-3357BB,36d1c472-14dd-462a-b4fe-3a25f5e5bcfe,import_distinct,same_supplier_different_codes,"Código de proveedor propio LC2536 (≠ fila 944): artículo distinto cuya diferencia descriptiva perdió el Excel; se representa por su referencia."
Catálogo organizado,946,,LC2522,ROSE&LIN,CHARM LIMIT,ESMALTE CAT EYE GEL 12ML,Esmaltes tradicionales y gel,IMPORTED,2c433bcc-4da1-4296-b1a5-e647270bb383,CHA-ESM-EBFCEF,bd69f6c1-7b80-4ff6-af5f-344e1b9bde4a,CHA-ESM-EBFCEF-883DD5,7e40ee91-c43e-41e9-b833-67137feee89c,,,
Catálogo organizado,947,,LC2516,ROSE&LIN,CHARM LIMIT,ESMALTE CAT EYE GEL 12ML,Esmaltes tradicionales y gel,IMPORTED,2c433bcc-4da1-4296-b1a5-e647270bb383,CHA-ESM-EBFCEF,276c8896-ecb6-45a6-a589-6b4513360f95,CHA-ESM-EBFCEF-7C8486,971a8ff9-c62a-4398-9e3c-e72bbf1ed3f6,import_distinct,same_supplier_different_codes,"Código de proveedor propio LC2516 (≠ fila 946): artículo distinto cuya diferencia descriptiva perdió el Excel; se representa por su referencia."
Catálogo organizado,948,,LC2511,ROSE&LIN,CHARM LIMIT,ESMALTE CAT EYE GEL 15ML,Esmaltes tradicionales y gel,IMPORTED,2c433bcc-4da1-4296-b1a5-e647270bb383,CHA-ESM-EBFCEF,1ee03693-4702-4712-a1b2-7edd16ca798b,CHA-ESM-EBFCEF-98A00E,6be706c9-48c2-4303-93e6-c83f9a0b641a,,,
Catálogo organizado,949,,LC2548,ROSE&LIN,CHARM LIMIT,ESMALTE GEL CAT EYE,Esmaltes tradicionales y gel,IMPORTED,a77115d7-a535-4c8e-9fd1-483742800fb2,CHA-ESM-A812B9,b595564b-c94b-48ac-bc02-36a8eb98a38c,CHA-ESM-A812B9-UNICA,db7eeb93-daf4-4d53-bdc4-cb3a1b7f7061,,,
Catálogo organizado,950,,LC2545,ROSE&LIN,CHARM LIMIT,ESMALTE GEL CAT EYE,Esmaltes tradicionales y gel,IMPORTED,a77115d7-a535-4c8e-9fd1-483742800fb2,CHA-ESM-A812B9,65d7b23b-dc14-4893-86f8-b7adc41e887a,CHA-ESM-A812B9-223F9F,4f047da1-2238-4fca-b9e1-e04e0ca6b4cd,import_distinct,same_supplier_different_codes,"Código de proveedor propio LC2545 (≠ fila 949): artículo distinto cuya diferencia descriptiva perdió el Excel; se representa por su referencia."
Catálogo organizado,951,,LC2546,ROSE&LIN,CHARM LIMIT,ESMALTE GEL CAT EYE,Esmaltes tradicionales y gel,IMPORTED,a77115d7-a535-4c8e-9fd1-483742800fb2,CHA-ESM-A812B9,67dfa322-0719-4886-bb92-f7c1c9269891,CHA-ESM-A812B9-AE8537,29cd5449-98bd-4763-afe5-41ebb03e8b3c,import_distinct,same_supplier_different_codes,"Código de proveedor propio LC2546 (≠ fila 949): artículo distinto cuya diferencia descriptiva perdió el Excel; se representa por su referencia."
Catálogo organizado,952,,LC2547,ROSE&LIN,CHARM LIMIT,ESMALTE GEL CAT EYE,Esmaltes tradicionales y gel,IMPORTED,a77115d7-a535-4c8e-9fd1-483742800fb2,CHA-ESM-A812B9,b0dc9cc3-2883-4a6b-92d4-368a7fff4861,CHA-ESM-A812B9-72FAE5,4a898264-ee7b-4e41-8a5a-6d83e8cb64b7,import_distinct,same_supplier_different_codes,"Código de proveedor propio LC2547 (≠ fila 949): artículo distinto cuya diferencia descriptiva perdió el Excel; se representa por su referencia."
Catálogo organizado,953,,LC2518,ROSE&LIN,CHARM LIMIT,ESMALTE GEL CAT EYE,Esmaltes tradicionales y gel,IMPORTED,a77115d7-a535-4c8e-9fd1-483742800fb2,CHA-ESM-A812B9,5056a877-2cb2-4412-a847-b0efe661c8ef,CHA-ESM-A812B9-66B749,5da92c35-f3e3-49e1-84f4-735599be9e28,import_distinct,same_supplier_different_codes,"Código de proveedor propio LC2518 (≠ fila 949): artículo distinto cuya diferencia descriptiva perdió el Excel; se representa por su referencia."
Catálogo organizado,954,,LC2519,ROSE&LIN,CHARM LIMIT,ESMALTE GEL CAT EYE,Esmaltes tradicionales y gel,IMPORTED,a77115d7-a535-4c8e-9fd1-483742800fb2,CHA-ESM-A812B9,6d7477b5-dd3e-43be-a583-3392e4f0bf1f,CHA-ESM-A812B9-AB8E8B,39fb1e8e-b322-4a0c-b4f8-a401747eb6d3,import_distinct,same_supplier_different_codes,"Código de proveedor propio LC2519 (≠ fila 949): artículo distinto cuya diferencia descriptiva perdió el Excel; se representa por su referencia."
Catálogo organizado,955,,CH035,CHERIMOYA,CHERIMOYA,ESMALTE GEL 15ML,Esmaltes tradicionales y gel,IMPORTED,84e39c71-dce2-47ec-883b-31847dd93c40,CHE-ESM-DDEA00,cba146ab-7ce8-4454-a41e-55a705a24cf9,CHE-ESM-DDEA00-98A00E,4263d475-2c70-449c-9c0d-c3b0ee7a1c1e,,,
Catálogo organizado,956,,CH022,CHERIMOYA,CHERIMOYA,ESMALTE GEL 8ML,Esmaltes tradicionales y gel,IMPORTED,84e39c71-dce2-47ec-883b-31847dd93c40,CHE-ESM-DDEA00,1fec7401-7be0-4b44-a623-63b6352fc0ec,CHE-ESM-DDEA00-F1C85B,b2810b1f-6d21-4228-bf89-3eb216ba386e,,,
Catálogo organizado,957,,159,LINDA JHADE,D'NAILS,ESMALTE GEL BOX24 TONOS ROJO 15ML,Esmaltes tradicionales y gel,IMPORTED,b5e4cce3-d1ef-42f6-ac11-1ab929a4e14b,DNA-ESM-76C9A5,8a241e4d-7391-4f0c-be35-c78a224e6afa,DNA-ESM-76C9A5-77C8F9,6ceba68a-1116-4091-81a1-215553162de9,,,
Catálogo organizado,958,,251,LINDA JHADE,D'NAILS,ESMALTE GEL OJO DE GATO BOX24 12ML,Esmaltes tradicionales y gel,IMPORTED,06f2db42-0841-4ac2-981e-60a8851afe55,DNA-ESM-69CE9D,8cdecb19-708b-4f80-9f9b-b10ccdcfd55b,DNA-ESM-69CE9D-883DD5,d6dd8295-e360-4254-971b-d7944d7f19f9,,,
Catálogo organizado,959,GAB002,,MAY,GABY,RECUPERADOR DE ESMALTE 30ml,Esmaltes tradicionales y gel,IMPORTED,dd3287f6-d124-4e7e-b469-76bb34d81c5d,GAB-ESM-385E96,c97194ad-8229-4ae2-8bad-796660be79b2,GAB002,ca464328-4e81-4217-af7d-e88c9a05f41c,,,
Catálogo organizado,960,GAB001,,MAY,GABY,RECUPERADOR DE ESMALTE 65ml,Esmaltes tradicionales y gel,IMPORTED,dd3287f6-d124-4e7e-b469-76bb34d81c5d,GAB-ESM-385E96,89d31f6e-5513-47ae-932a-03e9eb47df91,GAB001,5ef0f824-81fd-4530-b9de-d5b3120c2b4f,,,
Catálogo organizado,961,,,DANS TARPUY,GLEE,ESMALTE GLEE,Esmaltes tradicionales y gel,IMPORTED,98cb28d6-7ff1-409f-b853-bddb561af5d8,GLE-ESM-A199B2,a2a29f27-06fa-4a06-8fa6-e47d186c7a7f,GLE-ESM-A199B2-UNICA,241e3b1a-98ce-4ef1-a28b-4560136bdcd3,,,
Catálogo organizado,962,MAS014,,MAY,MASGLO,ACTIVISTA,Esmaltes tradicionales y gel,IMPORTED,e909fcdf-fe79-4e55-8d6c-59cfe7fc8b6e,MAS-ESM-4C95F3,536100d6-12d5-4539-93a3-c0492d7abd82,MAS014,2ab6e21d-156c-4392-ab2b-4fedf5151128,,,
Catálogo organizado,963,MAS077,,MAY,MASGLO,ADAPTABLE,Esmaltes tradicionales y gel,IMPORTED,e909fcdf-fe79-4e55-8d6c-59cfe7fc8b6e,MAS-ESM-4C95F3,6c7874e1-a8fb-49fb-a5bd-435c4a016d9b,MAS077,ea6c4997-93d9-4326-aa1f-cf0e600a75e4,,,
Catálogo organizado,964,MAS015,,MAY,MASGLO,ADORABLE,Esmaltes tradicionales y gel,IMPORTED,e909fcdf-fe79-4e55-8d6c-59cfe7fc8b6e,MAS-ESM-4C95F3,ebd6be7e-92ca-4b4b-9233-4cfe633b6a84,MAS015,7b1cba5e-62a6-45d4-b219-1ae454945e73,,,
Catálogo organizado,965,MAS016,,MAY,MASGLO,AJENA,Esmaltes tradicionales y gel,IMPORTED,e909fcdf-fe79-4e55-8d6c-59cfe7fc8b6e,MAS-ESM-4C95F3,e7822a0e-8b3f-455f-8abb-dce5bcf35085,MAS016,3f230b2f-e6b5-4f7a-8b87-a7fa8a8d66e9,,,
Catálogo organizado,966,MAS018,,MAY,MASGLO,AMABLE,Esmaltes tradicionales y gel,IMPORTED,e909fcdf-fe79-4e55-8d6c-59cfe7fc8b6e,MAS-ESM-4C95F3,8711f1e0-1037-4c67-afa1-3ee9da97804b,MAS018,c7d76355-3abe-40a3-8664-cd29bb454ea6,,,
Catálogo organizado,967,MAS017,,MAY,MASGLO,AMANTE,Esmaltes tradicionales y gel,IMPORTED,e909fcdf-fe79-4e55-8d6c-59cfe7fc8b6e,MAS-ESM-4C95F3,3edc26da-8d2e-4e07-9f1d-84463efa20e0,MAS017,3663bf9a-01ba-4288-aa04-deaf95d38b0b,,,
Catálogo organizado,968,MAS019,,MAY,MASGLO,AMIGABLE,Esmaltes tradicionales y gel,IMPORTED,e909fcdf-fe79-4e55-8d6c-59cfe7fc8b6e,MAS-ESM-4C95F3,215189fa-0a6c-454e-8181-b3109e32c30b,MAS019,5b4a7f9b-0619-4387-8124-3c958e9a8c9a,,,
Catálogo organizado,969,MAS020,,MAY,MASGLO,ATRACTIVA,Esmaltes tradicionales y gel,IMPORTED,e909fcdf-fe79-4e55-8d6c-59cfe7fc8b6e,MAS-ESM-4C95F3,c2272b67-a908-4712-9834-db442f5ca184,MAS020,52bd781a-ce78-4cd7-93d0-2ddf32fb4000,,,
Catálogo organizado,970,MAS070,,MAY,MASGLO,ATREVIDA,Esmaltes tradicionales y gel,IMPORTED,e909fcdf-fe79-4e55-8d6c-59cfe7fc8b6e,MAS-ESM-4C95F3,89bbc5bd-b1cc-4571-a045-c225293a681f,MAS070,1b34c669-4043-4efd-85a6-96a428fc8daa,,,
Catálogo organizado,971,MAS021,,MAY,MASGLO,AUDAZ,Esmaltes tradicionales y gel,IMPORTED,e909fcdf-fe79-4e55-8d6c-59cfe7fc8b6e,MAS-ESM-4C95F3,d4a279d1-32cb-429e-9e8c-9d40205e351a,MAS021,480300c8-51a8-4f8a-85cf-513977f56f2e,,,
Catálogo organizado,972,MAS022,,MAY,MASGLO,AUSENTE,Esmaltes tradicionales y gel,IMPORTED,e909fcdf-fe79-4e55-8d6c-59cfe7fc8b6e,MAS-ESM-4C95F3,c2d51191-6465-49d7-983b-ebb0efaad2ff,MAS022,fcb0faf9-2b07-4068-b3c3-07d1d7c91fe0,,,
Catálogo organizado,973,MAS023,,MAY,MASGLO,BAILADORA,Esmaltes tradicionales y gel,IMPORTED,e909fcdf-fe79-4e55-8d6c-59cfe7fc8b6e,MAS-ESM-4C95F3,ef7ccf96-9cb4-4f22-bcb2-1797a518e41a,MAS023,760ce1c6-f770-415e-9d37-1fe6e446d62c,,,
Catálogo organizado,974,MAS071,,MAY,MASGLO,BELLA,Esmaltes tradicionales y gel,IMPORTED,e909fcdf-fe79-4e55-8d6c-59cfe7fc8b6e,MAS-ESM-4C95F3,b3ef6ea3-2f4c-45b1-9a5a-9350c6e6961a,MAS071,9b9db03f-588f-46f6-a387-4912d8b916f9,,,
Catálogo organizado,975,MAS078,,MAY,MASGLO,BIPOLAR,Esmaltes tradicionales y gel,IMPORTED,e909fcdf-fe79-4e55-8d6c-59cfe7fc8b6e,MAS-ESM-4C95F3,e22b02c6-ec33-4aaf-95f9-55d962210240,MAS078,c398f48f-58bb-4646-bf94-5d5a03d03125,,,
Catálogo organizado,976,MAS024,,MAY,MASGLO,BLANCO NACAR,Esmaltes tradicionales y gel,IMPORTED,e909fcdf-fe79-4e55-8d6c-59cfe7fc8b6e,MAS-ESM-4C95F3,ce302bef-b622-4afb-8738-68ed7a06a731,MAS024,86dc0502-8520-4784-a32b-c437397378e5,,,
Catálogo organizado,977,MAS026,,MAY,MASGLO,CANDIDATA,Esmaltes tradicionales y gel,IMPORTED,e909fcdf-fe79-4e55-8d6c-59cfe7fc8b6e,MAS-ESM-4C95F3,6d89f491-64dc-46b1-9ea1-430dbc683292,MAS026,5e2dc7b5-6042-4c7a-9b79-a94b4b08e7b6,,,
Catálogo organizado,978,MAS027,,MAY,MASGLO,COMICA,Esmaltes tradicionales y gel,IMPORTED,e909fcdf-fe79-4e55-8d6c-59cfe7fc8b6e,MAS-ESM-4C95F3,9fba811c-23fb-4eb5-a046-7b89a32511e8,MAS027,6206a47b-c465-4e1c-8983-ecd6c1384d63,,,
Catálogo organizado,979,MAS079,,MAY,MASGLO,DOBLE,Esmaltes tradicionales y gel,IMPORTED,e909fcdf-fe79-4e55-8d6c-59cfe7fc8b6e,MAS-ESM-4C95F3,932a6dba-a996-45d1-9a16-db24604afb55,MAS079,ece49037-7022-4b87-bd6d-04337dd9eaa5,,,
Catálogo organizado,980,MAS028,,MAY,MASGLO,DOMINANTE,Esmaltes tradicionales y gel,IMPORTED,e909fcdf-fe79-4e55-8d6c-59cfe7fc8b6e,MAS-ESM-4C95F3,26d75922-d5e6-4307-a30d-79ac5e432e63,MAS028,00f7c9d2-0c78-4ee4-8ede-374aa40c0fb5,,,
Catálogo organizado,981,MAS072,,MAY,MASGLO,EJECUTIVA,Esmaltes tradicionales y gel,IMPORTED,e909fcdf-fe79-4e55-8d6c-59cfe7fc8b6e,MAS-ESM-4C95F3,918e170e-864b-40a8-900b-7990827684c6,MAS072,e4d2191c-cae4-4b97-a6d3-5fd00f044bce,,,
Catálogo organizado,982,MAS029,,MAY,MASGLO,EMOCIONAL,Esmaltes tradicionales y gel,IMPORTED,e909fcdf-fe79-4e55-8d6c-59cfe7fc8b6e,MAS-ESM-4C95F3,a3b67166-ddea-4eab-9b11-d74bcee7f377,MAS029,6e2a8bd4-2e00-401c-bce5-da84fac23932,,,
Catálogo organizado,983,MAS105,,MAY,MASGLO,ESCARCHA DORADO,Esmaltes tradicionales y gel,IMPORTED,e909fcdf-fe79-4e55-8d6c-59cfe7fc8b6e,MAS-ESM-4C95F3,72f830d8-777d-48ed-b1f9-c3ef1b4f66b3,MAS105,8522f660-1864-47be-b3ec-aa035d55beaf,,,
Catálogo organizado,984,MAS106,,MAY,MASGLO,ESCARCHA PLATEADO,Esmaltes tradicionales y gel,IMPORTED,e909fcdf-fe79-4e55-8d6c-59cfe7fc8b6e,MAS-ESM-4C95F3,beb49cfc-1894-47bc-9802-cb91339e1045,MAS106,69b37307-d153-4c73-b8cb-93cbdbae59e7,,,
Catálogo organizado,985,MAS030,,MAY,MASGLO,EXTRAORDINARIA,Esmaltes tradicionales y gel,IMPORTED,e909fcdf-fe79-4e55-8d6c-59cfe7fc8b6e,MAS-ESM-4C95F3,fa001c79-b9eb-45f2-832c-c8ccc9b81193,MAS030,fa730beb-41b5-47f1-97f7-f1ae3d9c9ecd,,,
Catálogo organizado,986,MAS031,,MAY,MASGLO,FAMOSA,Esmaltes tradicionales y gel,IMPORTED,e909fcdf-fe79-4e55-8d6c-59cfe7fc8b6e,MAS-ESM-4C95F3,dac8e3e5-8202-4ce4-855a-c158c4cc30aa,MAS031,707ac8b9-2b4e-4d47-bd3d-ef408e14542d,,,
Catálogo organizado,987,MAS032,,MAY,MASGLO,FIERA,Esmaltes tradicionales y gel,IMPORTED,e909fcdf-fe79-4e55-8d6c-59cfe7fc8b6e,MAS-ESM-4C95F3,c64a7ced-4ce3-4c48-9431-53b1160e0eef,MAS032,0382235c-c6f4-436d-90b6-052c04b9baa6,,,
Catálogo organizado,988,MAS033,,MAY,MASGLO,FIESTA,Esmaltes tradicionales y gel,IMPORTED,e909fcdf-fe79-4e55-8d6c-59cfe7fc8b6e,MAS-ESM-4C95F3,8b2136d9-8cec-4d29-9dae-68265c77645b,MAS033,f8c4fac6-9529-40c9-8c24-3d73e1d9e45b,,,
Catálogo organizado,989,MAS073,,MAY,MASGLO,FRANCES,Esmaltes tradicionales y gel,IMPORTED,e909fcdf-fe79-4e55-8d6c-59cfe7fc8b6e,MAS-ESM-4C95F3,e377db1f-12fc-41bb-b2df-ec438a27caff,MAS073,173616a6-a810-43fb-8ddb-7f0c04339bac,,,
Catálogo organizado,990,MAS034,,MAY,MASGLO,GITANA,Esmaltes tradicionales y gel,IMPORTED,e909fcdf-fe79-4e55-8d6c-59cfe7fc8b6e,MAS-ESM-4C95F3,ef891be5-0e70-4284-a0f9-b05f386a211a,MAS034,702032b0-a34c-4df4-8cea-7bc35df05f76,,,
Catálogo organizado,991,MAS035,,MAY,MASGLO,GLAMOROSA,Esmaltes tradicionales y gel,IMPORTED,e909fcdf-fe79-4e55-8d6c-59cfe7fc8b6e,MAS-ESM-4C95F3,3e35528e-7d1c-49b6-9e93-06b5cc98a670,MAS035,2d47d660-3d43-4654-8001-9bfe778e42ae,,,
Catálogo organizado,992,MAS036,,MAY,MASGLO,GOLOSA,Esmaltes tradicionales y gel,IMPORTED,e909fcdf-fe79-4e55-8d6c-59cfe7fc8b6e,MAS-ESM-4C95F3,a618e861-5dd8-42ca-92d1-328eb2845dbd,MAS036,a1dbaa93-328f-4598-9899-cb1ee9b7f9b3,,,
Catálogo organizado,993,MAS037,,MAY,MASGLO,GOMELA,Esmaltes tradicionales y gel,IMPORTED,e909fcdf-fe79-4e55-8d6c-59cfe7fc8b6e,MAS-ESM-4C95F3,9dedff92-d829-4871-8735-b9539bdb74fe,MAS037,39ca6169-0c3e-4ab6-a040-63b3502e0def,,,
Catálogo organizado,994,MAS092,,MAY,MASGLO,GRANIZADO DORADO,Esmaltes tradicionales y gel,IMPORTED,e909fcdf-fe79-4e55-8d6c-59cfe7fc8b6e,MAS-ESM-4C95F3,9b1c4289-dabc-4181-bea3-ce10379d705b,MAS092,4cdbacf3-3e32-4659-939e-5014e7a56090,,,
Catálogo organizado,995,MAS038,,MAY,MASGLO,HUMANA,Esmaltes tradicionales y gel,IMPORTED,e909fcdf-fe79-4e55-8d6c-59cfe7fc8b6e,MAS-ESM-4C95F3,781a31a2-6567-4ddf-bfee-2ae9b1362b42,MAS038,8698035e-21af-402b-8aa6-df3ccf0a5525,,,
Catálogo organizado,996,MAS039,,MAY,MASGLO,IMPONENTE,Esmaltes tradicionales y gel,IMPORTED,e909fcdf-fe79-4e55-8d6c-59cfe7fc8b6e,MAS-ESM-4C95F3,79897cc9-5edc-4b03-a2d4-95b3e2081985,MAS039,54741411-eb73-452b-a850-de2495bb54a4,,,
Catálogo organizado,997,MAS040,,MAY,MASGLO,INCLUSIVA,Esmaltes tradicionales y gel,IMPORTED,e909fcdf-fe79-4e55-8d6c-59cfe7fc8b6e,MAS-ESM-4C95F3,f2bfcb2c-4df3-4aee-b036-a7602c6bf1a4,MAS040,b46cb31e-6709-43fd-8782-e366fe03f8dc,,,
Catálogo organizado,998,MAS041,,MAY,MASGLO,INCONFUNDIBLE,Esmaltes tradicionales y gel,IMPORTED,e909fcdf-fe79-4e55-8d6c-59cfe7fc8b6e,MAS-ESM-4C95F3,26150944-d627-480d-a86d-26f32ccb703e,MAS041,d6d184f3-e51c-47c5-abba-180360b70fbb,,,
Catálogo organizado,999,MAS080,,MAY,MASGLO,INESTABLE,Esmaltes tradicionales y gel,IMPORTED,e909fcdf-fe79-4e55-8d6c-59cfe7fc8b6e,MAS-ESM-4C95F3,4eacdc11-3ff9-47a2-b733-3975e94909f7,MAS080,84857bd6-166f-4f3a-9327-0df1bf0ecc2d,,,
Catálogo organizado,1000,MAS042,,MAY,MASGLO,INNOVADORA,Esmaltes tradicionales y gel,IMPORTED,e909fcdf-fe79-4e55-8d6c-59cfe7fc8b6e,MAS-ESM-4C95F3,06463282-1518-4b0b-aac7-496e6e8e8cf3,MAS042,f5d08425-9e94-48fa-8548-1a0cf663840f,,,
Catálogo organizado,1001,MAS043,,MAY,MASGLO,INSINUANTE,Esmaltes tradicionales y gel,IMPORTED,e909fcdf-fe79-4e55-8d6c-59cfe7fc8b6e,MAS-ESM-4C95F3,c7649f2c-ed82-4924-94f5-950b948a9d19,MAS043,2c2fcad6-a14b-4324-bc83-80c55059228d,,,
Catálogo organizado,1002,MAS044,,MAY,MASGLO,INTRIGANTE,Esmaltes tradicionales y gel,IMPORTED,e909fcdf-fe79-4e55-8d6c-59cfe7fc8b6e,MAS-ESM-4C95F3,4fbaff91-2930-48ab-8935-b54d6103eaa6,MAS044,33807219-b08a-4ed4-b3e4-0bc952888bd1,,,
Catálogo organizado,1003,MAS045,,MAY,MASGLO,LIBERADA,Esmaltes tradicionales y gel,IMPORTED,e909fcdf-fe79-4e55-8d6c-59cfe7fc8b6e,MAS-ESM-4C95F3,29133a06-0bdf-4dbd-80db-778e78131019,MAS045,2161c321-94a4-44e7-8631-3bc9bc37c06d,,,
Catálogo organizado,1004,MAS046,,MAY,MASGLO,LINDA,Esmaltes tradicionales y gel,IMPORTED,e909fcdf-fe79-4e55-8d6c-59cfe7fc8b6e,MAS-ESM-4C95F3,7c823009-b259-4479-8a6b-e1573872db6c,MAS046,d4f58fa1-1ef4-4fb9-84e5-f2154c73c7b3,,,
Catálogo organizado,1005,MAS047,,MAY,MASGLO,LUCHADORA,Esmaltes tradicionales y gel,IMPORTED,e909fcdf-fe79-4e55-8d6c-59cfe7fc8b6e,MAS-ESM-4C95F3,46ab5399-150d-47f5-af9c-ec9c0d7603ae,MAS047,0cb86ec7-d582-4f27-9b31-51bfdca2f24d,,,
Catálogo organizado,1006,MAS048,,MAY,MASGLO,LUJURIOSA,Esmaltes tradicionales y gel,IMPORTED,e909fcdf-fe79-4e55-8d6c-59cfe7fc8b6e,MAS-ESM-4C95F3,8d467d78-8fc7-494c-bae6-e4da4b273abf,MAS048,a0967cb3-f8ba-49dd-89ca-6fc5438d565c,,,
Catálogo organizado,1007,MAS050,,MAY,MASGLO,MAGICA,Esmaltes tradicionales y gel,IMPORTED,e909fcdf-fe79-4e55-8d6c-59cfe7fc8b6e,MAS-ESM-4C95F3,49e61cfc-75b8-48f4-bc27-74260aca3662,MAS050,ff25201e-81db-4f2c-a360-658b15edcdf6,,,
Catálogo organizado,1008,MAS049,,MAY,MASGLO,MALVADA,Esmaltes tradicionales y gel,IMPORTED,e909fcdf-fe79-4e55-8d6c-59cfe7fc8b6e,MAS-ESM-4C95F3,c72e8505-8e54-4678-a617-2b0bb4ba3cdb,MAS049,28e6af0e-f5d0-4aa3-914b-6113b5e6a4c9,,,
Catálogo organizado,1009,MAS051,,MAY,MASGLO,MATERIALISTA,Esmaltes tradicionales y gel,IMPORTED,e909fcdf-fe79-4e55-8d6c-59cfe7fc8b6e,MAS-ESM-4C95F3,7e0589e7-f8ca-42d0-9f9d-7d9e879f009f,MAS051,b771d8bc-332c-44d8-966e-ea02445a0cb2,,,
Catálogo organizado,1010,MAS052,,MAY,MASGLO,MATRIMONIO,Esmaltes tradicionales y gel,IMPORTED,e909fcdf-fe79-4e55-8d6c-59cfe7fc8b6e,MAS-ESM-4C95F3,5c64fbb5-6ba8-4ad2-be7f-63db812db79c,MAS052,b81eec3e-aefb-4d4a-8177-8d230056c86f,,,
Catálogo organizado,1011,MAS053,,MAY,MASGLO,MIMADA,Esmaltes tradicionales y gel,IMPORTED,e909fcdf-fe79-4e55-8d6c-59cfe7fc8b6e,MAS-ESM-4C95F3,755f2b34-e647-43cc-9842-64d53fd20dc5,MAS053,534d563d-b58e-4f48-a577-eb3784802bed,,,
Catálogo organizado,1012,MAS102,,MAY,MASGLO,NEGRO,Esmaltes tradicionales y gel,IMPORTED,e909fcdf-fe79-4e55-8d6c-59cfe7fc8b6e,MAS-ESM-4C95F3,e9c5d216-2d13-4918-bcf9-9de7f9d98863,MAS102,ff266e07-9d2b-47fe-834e-66f640cf4d11,,,
Catálogo organizado,1013,MAS054,,MAY,MASGLO,NEUROTICA,Esmaltes tradicionales y gel,IMPORTED,e909fcdf-fe79-4e55-8d6c-59cfe7fc8b6e,MAS-ESM-4C95F3,674ebab9-e1c1-4c1a-a019-02c49d377ba5,MAS054,07574b3b-243e-41e3-a20a-565496277dd4,,,
Catálogo organizado,1014,MAS074,,MAY,MASGLO,NOVIA,Esmaltes tradicionales y gel,IMPORTED,e909fcdf-fe79-4e55-8d6c-59cfe7fc8b6e,MAS-ESM-4C95F3,6d7b5a02-2525-4f28-b09b-1d4728627c18,MAS074,d396525c-5efb-4d26-93b6-1d81ef778cb8,,,
Catálogo organizado,1015,MAS055,,MAY,MASGLO,ORIGINAL,Esmaltes tradicionales y gel,IMPORTED,e909fcdf-fe79-4e55-8d6c-59cfe7fc8b6e,MAS-ESM-4C95F3,ab828704-5f45-4b44-8c35-65f3a7922501,MAS055,a4f9378f-aec8-41dd-a9f8-9ad09043f1c4,,,
Catálogo organizado,1016,MAS081,,MAY,MASGLO,POLIFACETICA,Esmaltes tradicionales y gel,IMPORTED,e909fcdf-fe79-4e55-8d6c-59cfe7fc8b6e,MAS-ESM-4C95F3,a55f0ecc-0ce4-43ba-8bee-e5e0372b4d60,MAS081,11e0de96-6c71-4565-bc01-694e527efb36,,,
Catálogo organizado,1017,MAS056,,MAY,MASGLO,PRESUMIDA,Esmaltes tradicionales y gel,IMPORTED,e909fcdf-fe79-4e55-8d6c-59cfe7fc8b6e,MAS-ESM-4C95F3,158ab194-a2b4-46a6-8514-2ba4212a95bc,MAS056,185463ab-d644-4cd6-87c0-2d1cd58798b7,,,
Catálogo organizado,1018,MAS057,,MAY,MASGLO,PROFESIONAL,Esmaltes tradicionales y gel,IMPORTED,e909fcdf-fe79-4e55-8d6c-59cfe7fc8b6e,MAS-ESM-4C95F3,a6f279cb-8f21-4f6d-bb08-28482c288495,MAS057,1f28e1e4-46e6-492e-98c8-d217f9e340b0,,,
Catálogo organizado,1019,MAS093,,MAY,MASGLO,QUISQUILLOSA,Esmaltes tradicionales y gel,IMPORTED,e909fcdf-fe79-4e55-8d6c-59cfe7fc8b6e,MAS-ESM-4C95F3,5332143b-c3d0-4e4d-9373-7c538a59b5a4,MAS093,115ccc4e-d417-4e2e-b300-8bfc910ac30d,,,
Catálogo organizado,1020,MAS058,,MAY,MASGLO,RAZONABLE,Esmaltes tradicionales y gel,IMPORTED,e909fcdf-fe79-4e55-8d6c-59cfe7fc8b6e,MAS-ESM-4C95F3,a760be88-5c8b-49a6-b721-0c40160634be,MAS058,1cf7a517-fa43-42b8-bc13-8a5d5ca57751,,,
Catálogo organizado,1021,MAS075,,MAY,MASGLO,REBELDE,Esmaltes tradicionales y gel,IMPORTED,e909fcdf-fe79-4e55-8d6c-59cfe7fc8b6e,MAS-ESM-4C95F3,e469768f-2671-434c-86e5-00d2643d0104,MAS075,8125426d-d3b3-46fc-bfbc-b482c5037e78,,,
Catálogo organizado,1022,MAS059,,MAY,MASGLO,RECATADA,Esmaltes tradicionales y gel,IMPORTED,e909fcdf-fe79-4e55-8d6c-59cfe7fc8b6e,MAS-ESM-4C95F3,71268125-d0cd-4dd7-b14f-3c39484b1cc1,MAS059,5e6a36a7-c31f-4b94-9718-d618b87a8b6e,,,
Catálogo organizado,1023,MAS060,,MAY,MASGLO,REGIA,Esmaltes tradicionales y gel,IMPORTED,e909fcdf-fe79-4e55-8d6c-59cfe7fc8b6e,MAS-ESM-4C95F3,3348f466-544f-4af0-b612-d1e6c62db9fe,MAS060,2a075649-4523-4daa-b438-d25f55c1a26d,,,
Catálogo organizado,1024,MAS061,,MAY,MASGLO,SANGRE TORO,Esmaltes tradicionales y gel,IMPORTED,e909fcdf-fe79-4e55-8d6c-59cfe7fc8b6e,MAS-ESM-4C95F3,3986fd05-751a-46b8-9453-1c7c7bd7f0b8,MAS061,f0c20e5a-2c22-43ab-b500-0d01bb10dea9,,,
Catálogo organizado,1025,MAS062,,MAY,MASGLO,SEXY,Esmaltes tradicionales y gel,IMPORTED,e909fcdf-fe79-4e55-8d6c-59cfe7fc8b6e,MAS-ESM-4C95F3,289cc6b8-abf5-4591-876e-4e7f46c54f1d,MAS062,acd31f0c-6bbf-4fd6-924a-2743fc9486ae,,,
Catálogo organizado,1026,MAS063,,MAY,MASGLO,SOFISTICADA,Esmaltes tradicionales y gel,IMPORTED,e909fcdf-fe79-4e55-8d6c-59cfe7fc8b6e,MAS-ESM-4C95F3,07d170d2-157e-479f-8c94-ec954a9d49d0,MAS063,62816e9a-e281-41fe-af75-d7d99a45251b,,,
Catálogo organizado,1027,MAS064,,MAY,MASGLO,SOLIDARIA,Esmaltes tradicionales y gel,IMPORTED,e909fcdf-fe79-4e55-8d6c-59cfe7fc8b6e,MAS-ESM-4C95F3,29a00592-bf45-4d02-aae9-70e0d0f65c87,MAS064,b9bcadec-ef44-459a-94ce-d475318a8dda,,,
Catálogo organizado,1028,MAS082,,MAY,MASGLO,SUCEPTIBLE,Esmaltes tradicionales y gel,IMPORTED,e909fcdf-fe79-4e55-8d6c-59cfe7fc8b6e,MAS-ESM-4C95F3,9c91914f-82c9-41e6-848d-035dcf6951be,MAS082,6b51c0c4-5dbf-4045-a89f-ef816da17ae4,,,
Catálogo organizado,1029,MAS076,,MAY,MASGLO,TIERNA,Esmaltes tradicionales y gel,IMPORTED,e909fcdf-fe79-4e55-8d6c-59cfe7fc8b6e,MAS-ESM-4C95F3,85bfe2ff-aaaf-42cf-a76c-6f1b0beedf5c,MAS076,36729cd8-364d-496c-9f44-a3c1cf8249c4,,,
Catálogo organizado,1030,MAS065,,MAY,MASGLO,TIRANA,Esmaltes tradicionales y gel,IMPORTED,e909fcdf-fe79-4e55-8d6c-59cfe7fc8b6e,MAS-ESM-4C95F3,c214101a-0059-4dd5-8903-a82cd4ca469b,MAS065,e0e30867-0530-4fe0-9883-1c6101f2fe9b,,,
Catálogo organizado,1031,MAS101,,MAY,MASGLO,TIZA,Esmaltes tradicionales y gel,IMPORTED,e909fcdf-fe79-4e55-8d6c-59cfe7fc8b6e,MAS-ESM-4C95F3,420c3af9-3176-4908-8438-7e905f3cc6c0,MAS101,1bb3dc8d-d9ef-4ca8-9f8f-264f6b4c73f2,,,
Catálogo organizado,1032,MAS066,,MAY,MASGLO,TOXICA,Esmaltes tradicionales y gel,IMPORTED,e909fcdf-fe79-4e55-8d6c-59cfe7fc8b6e,MAS-ESM-4C95F3,67901b20-27f9-4884-b16e-e795567b8b5d,MAS066,46400c1f-885e-43e1-8a75-1d6eeb2a28ea,,,
Catálogo organizado,1033,MAS067,,MAY,MASGLO,TRANQUILA,Esmaltes tradicionales y gel,IMPORTED,e909fcdf-fe79-4e55-8d6c-59cfe7fc8b6e,MAS-ESM-4C95F3,1cbd060d-334a-4836-a707-9a344b33f593,MAS067,9adc5a56-c72f-4db9-b74d-2199f3d7eb4d,,,
Catálogo organizado,1034,MAS068,,MAY,MASGLO,TRASCEDENTAL,Esmaltes tradicionales y gel,IMPORTED,e909fcdf-fe79-4e55-8d6c-59cfe7fc8b6e,MAS-ESM-4C95F3,7b50f290-8a1f-4d13-87ac-c7304d426217,MAS068,e83d0a63-c0f7-4aa8-83dd-3d94843895a0,,,
Catálogo organizado,1035,MAS069,,MAY,MASGLO,VIRGINAL,Esmaltes tradicionales y gel,IMPORTED,e909fcdf-fe79-4e55-8d6c-59cfe7fc8b6e,MAS-ESM-4C95F3,8646ea84-d2ee-4593-8397-ebf6efbc6a88,MAS069,ad021c30-9623-4b29-9972-083ff3b285db,,,
Catálogo organizado,1036,MCN004,,MC,MC NAILS,GEL MATE 15ML,Esmaltes tradicionales y gel,IMPORTED,be72fe36-b23a-4ef5-8aed-c51b75603e3c,MCN-ESM-1426D4,dd240d81-e57c-4cc0-9d7c-3e61315b6e4e,MCN004,f13079a4-aed3-4a8a-a965-51227b305b7c,,,
Catálogo organizado,1037,,135,MYSTYLE,MYSTYLE,ESMALTE GEL AURORA BOX48,Esmaltes tradicionales y gel,IMPORTED,10e913c6-4c3f-4e7a-8ba5-c2f23d30aca7,MYS-ESM-0C346C,572f1765-8174-4bac-8d14-6b274fdc5a88,MYS-ESM-0C346C-UNICA,39f22847-c277-4242-8b8f-d3fd8622c734,,,
Catálogo organizado,1038,,BOX G,MYSTYLE,MYSTYLE,ESMALTE GEL C/GLITER BOX48,Esmaltes tradicionales y gel,IMPORTED,3cff2ba3-9772-4262-9278-db0b024cd8ee,MYS-ESM-5A303C,5492f432-d0f7-4fa4-bbea-632839be1f33,MYS-ESM-5A303C-UNICA,7f2a0680-5210-4576-b5c4-69f904304d88,,,
Catálogo organizado,1039,,,MYSTYLE,MYSTYLE,ESMALTE GEL METALICO LINER BOX48,Esmaltes tradicionales y gel,IMPORTED,b6a9e2fc-8d22-48a1-9d07-081e0893adef,MYS-ESM-371299,83f8879c-2565-4e33-a85b-124ce8015e27,MYS-ESM-371299-UNICA,347e57cd-f82f-4a72-ba47-b1d364906073,,,
Catálogo organizado,1040,,,NAYELY PLAZA C.,MYSTYLE,ESMALTE GEL OJO DE GATO BOX48,Esmaltes tradicionales y gel,IMPORTED,c942fd0f-1311-4799-8a45-643e3e8acaf9,MYS-ESM-494BDB,14011e26-de37-486d-8be7-b0262927676b,MYS-ESM-494BDB-UNICA,9639bfc5-a52b-40d6-b812-7f5c3986504a,,,
Catálogo organizado,1041,,BOX A,MYSTYLE,MYSTYLE,ESMALTE GEL PASTELES BOX48,Esmaltes tradicionales y gel,IMPORTED,c0a7b74e-7ce9-466c-81aa-3a523cc24521,MYS-ESM-7AFAFE,978b3574-9098-485c-a218-e275e9ac700f,MYS-ESM-7AFAFE-UNICA,3b0ca03f-719b-4e44-a752-53292aadf860,,,
Catálogo organizado,1042,,,MYSTYLE,MYSTYLE,ESMALTE GEL REFLECTIVO BOX48,Esmaltes tradicionales y gel,IMPORTED,909b7dad-67d1-4296-b555-b8247cfe0314,MYS-ESM-966064,7271a335-060c-439d-b0f2-acdc2ebce14b,MYS-ESM-966064-UNICA,12af2ebb-708c-45a3-a6e9-9d65530750f7,,,
Catálogo organizado,1043,,SH-236A,REVEL,REVEL,ESMALTE RUBBER 20ML,Esmaltes tradicionales y gel,IMPORTED,e8bb8227-3f57-4e8b-9676-848c3054204d,REV-ESM-F86234,69090280-c316-44e5-b575-369f524d3092,REV-ESM-F86234-4F9074,eb5ac33b-d6ce-45b4-bc3b-0aa028324e5f,,,
Catálogo organizado,1044,,SH-236B,REVEL,REVEL,ESMALTE RUBBER 20ML,Esmaltes tradicionales y gel,IMPORTED,e8bb8227-3f57-4e8b-9676-848c3054204d,REV-ESM-F86234,43ccc507-9788-4d4b-b1cd-b43995db0db1,REV-ESM-F86234-8FE5FB,259e2e9f-663b-416c-809e-cc963aee353f,import_distinct,same_supplier_different_codes,"Código de proveedor propio SH-236B (≠ fila 1043): artículo distinto cuya diferencia descriptiva perdió el Excel; se representa por su referencia."
Catálogo organizado,1045,,,NELSON,VOGGUE,ESMALTE VOGGUE X DOCENA,Esmaltes tradicionales y gel,IMPORTED,57259607-87bd-4c48-b6d5-0d23dd28ac18,VOG-ESM-FF1719,5f89e87b-01e6-4a2a-b0e3-3251bea1c12f,VOG-ESM-FF1719-UNICA,7dc01085-9a8f-4a37-9f49-6a3cef695a9e,,,
Catálogo organizado,1046,,,SHIALER,VOGGUE,ESMALTE VOGGUE X DOCENA,Esmaltes tradicionales y gel,IMPORTED,57259607-87bd-4c48-b6d5-0d23dd28ac18,VOG-ESM-FF1719,5f89e87b-01e6-4a2a-b0e3-3251bea1c12f,VOG-ESM-FF1719-UNICA,9efcfb8d-aa4c-411b-9391-bf48721ca16f,,,
Catálogo organizado,1047,,,LINDA JHADE,VOGGUE,ESMALTE VOGGUE X DOCENA,Esmaltes tradicionales y gel,IMPORTED,57259607-87bd-4c48-b6d5-0d23dd28ac18,VOG-ESM-FF1719,5f89e87b-01e6-4a2a-b0e3-3251bea1c12f,VOG-ESM-FF1719-UNICA,44e068e2-66fe-4be7-8d41-a02b497291e0,,,
Catálogo organizado,1048,,J62017-12,MAY,,SET MANICURE ESTUCHE X12,Herramientas de manicure y pedicure,IMPORTED,89b93fc7-c500-4912-86d2-679f793878eb,GEN-HER-85695A,6fafb936-9c2b-4d34-baaf-ba747b545b00,GEN-HER-85695A-45D118,6964a7c3-1005-463b-8f41-65cd4fa765c6,,,
Catálogo organizado,1049,,,MAY,AIFER,PALITO NARANJO X50,Herramientas de manicure y pedicure,IMPORTED,3c031092-b16e-49bb-8f8f-7591ee8fecba,AIF-HER-6E5407,70d933af-ee2f-4ac4-aacc-75359fcc08f1,AIF-HER-6E5407-3D717A,ff7da4e7-1152-4f4a-84e9-841fc6d7a290,,,
Catálogo organizado,1050,AIF004,,MAY,AIFER,PATITA DE CABRA X12PZA COLORES,Herramientas de manicure y pedicure,IMPORTED,765f2d31-b4f4-4205-b346-04705865d284,AIF-HER-1D1490,bbb5a0e4-5246-4ea7-9f18-374b8e7be204,AIF004,b99a8e23-5c18-4247-ac81-d109e7871de7,,,
Catálogo organizado,1051,,DY-016,CHINO PUNO,AOYASIYUE,TIJERITA PUNTA NASAL,Herramientas de manicure y pedicure,IMPORTED,78ca891a-1f9c-411e-b6a0-aad449908e54,AOY-HER-010FFA,7d9c7feb-06ff-4c0b-b17b-ba5bbe1b8b78,AOY-HER-010FFA-UNICA,1133272f-cf57-4196-bc49-01e221a7fa4f,,,
Catálogo organizado,1052,,CEL-829,REVEL,BELLESPA,ALICATE PODOLOGO RECTO,Herramientas de manicure y pedicure,IMPORTED,e4467366-5674-44e3-b0b9-5eb9798a6978,BEL-HER-1501FA,b5120552-8d3b-4c8e-af2c-8b2a229fe3bf,BEL-HER-1501FA-UNICA,96c5b69d-daf8-43f9-b33c-5475a2933737,,,
Catálogo organizado,1053,,CEL-853,REVEL,BELLESPA,CORTAUÑA M/GOMA,Herramientas de manicure y pedicure,IMPORTED,e1e0b26e-0902-45da-b4cd-dcb4fee001bd,BEL-HER-8FDEF3,5366d492-7cb8-4275-b64f-7af977d1c92b,BEL-HER-8FDEF3-UNICA,1b72ef75-60f6-43e0-829c-a541237364ef,,,
Catálogo organizado,1054,,CEL-790,REVEL,BELLESPA,CORTAUÑA ORO ROSA,Herramientas de manicure y pedicure,IMPORTED,43ecf288-26c6-4158-9abc-c0388301bf98,BEL-HER-F7CC4B,f211030a-ccfe-44a2-899e-9608c6ef63d2,BEL-HER-F7CC4B-1CF7F6,612dfd78-6baa-403b-95a0-bf1ab1beeffe,,,
Catálogo organizado,1055,,CEL-761,REVEL,BELLESPA,REPUJADOR ORO ROSA CORTO,Herramientas de manicure y pedicure,IMPORTED,5a7f725a-67f7-4dea-827f-9784e86dff8a,BEL-HER-A19128,4f85c352-329f-419b-8fac-150cb8ae27dd,BEL-HER-A19128-1CF7F6,fb2dc8a0-a754-40b8-a860-375e80300cbc,,,
Catálogo organizado,1056,,CEL-763,REVEL,BELLESPA,REPUJADOR ORO ROSA LARGO,Herramientas de manicure y pedicure,IMPORTED,b29d9070-56ed-44fe-bfe9-4eb0379b80d3,BEL-HER-A556AB,8247607c-0349-4a14-8d3f-68185ac75038,BEL-HER-A556AB-1CF7F6,fcc16ab2-08eb-4fc4-949c-93e5b84ddd0e,,,
Catálogo organizado,1057,CAF001,,MAY,CAFINI,ALICATE PICO LORO P/PIE,Herramientas de manicure y pedicure,IMPORTED,bc2b6ad4-d808-4ac4-9723-ad4565ceedb3,CAF-HER-E0E542,42dcf583-cbdb-43de-a917-e1a1767abc2c,CAF001,73550322-81a8-4046-8c3a-b88640bfe5d0,,,
Catálogo organizado,1058,CHE001,,MAY,CHERIMOYA,CORTADOR DE ACRILICO C/REPUESTO,Herramientas de manicure y pedicure,IMPORTED,d006c50f-789d-4e60-904a-de8cdede5614,CHE-HER-63AE3A,9f7d117f-994a-47b0-9391-36b76093073b,CHE001,819389a9-204e-4174-aaa0-264cacf106db,,,
Catálogo organizado,1059,CHE036,,MAY,CHERIMOYA,TIJERITA P/CUTICULA PROF.,Herramientas de manicure y pedicure,IMPORTED,d9e95f62-8e9f-4a78-bf1b-278e29a4eb12,CHE-HER-817C79,3caef0ab-cbd3-45e2-950f-0fec9baf6d54,CHE036,6ddbc14f-a8b5-4db6-83d2-642a56b73df7,,,
Catálogo organizado,1060,,,MAY,CHERIMOYA,TIJERITA PROFESIONAL,Herramientas de manicure y pedicure,IMPORTED,8ca940d5-5bf6-46a9-a754-9ad77914f23d,CHE-HER-C26A57,97dc19f0-a980-40ff-a8ea-d4c382169716,CHE-HER-C26A57-UNICA,32501d06-1e6d-46ec-b057-ce89393abd63,,,
Catálogo organizado,1061,GLO006,SS-085,CHINO PUNO,GLOBAL NAIL,ALICATE DORADO #12 CAJA,Herramientas de manicure y pedicure,IMPORTED,b8c3e1e5-d131-4128-82d0-eed85d91ccfd,GLO-HER-A0E586,cfe7568d-7c85-4066-a6a9-2e22df3a9ee0,GLO006,f0722650-30f9-41d9-aaed-ff532b61467c,,,
Catálogo organizado,1062,GLO003,SS-167,CHINO PUNO,GLOBAL NAIL,CORTATIPS PLASTICO,Herramientas de manicure y pedicure,IMPORTED,6d3d50cc-d505-40ed-83a5-d97df632753a,GLO-HER-AF83C2,ba219adb-2a6e-4b23-bf38-ab0b2c8da0dd,GLO003,0186b1c0-a952-4c02-839c-283b0ba25e1a,,,
Catálogo organizado,1063,,SS-609,CHINO PUNO,GN&HM,REPUJADOR PROFESIONAL,Herramientas de manicure y pedicure,IMPORTED,f7cf0735-049a-416c-b166-c74a99b9e72b,GNH-HER-FF2C56,4582c62a-a853-4f85-8f94-6170c40bc73f,GNH-HER-FF2C56-UNICA,09c0ac96-75fb-4115-8e90-9224d70551c2,,,
Catálogo organizado,1064,,SS-612,CHINO PUNO,GN&HM,REPUJADOR PROFESIONAL,Herramientas de manicure y pedicure,IMPORTED,f7cf0735-049a-416c-b166-c74a99b9e72b,GNH-HER-FF2C56,9394a3aa-17dd-471e-aa45-0c2684623a81,GNH-HER-FF2C56-AC438D,dfc12a3b-be5f-4714-9b15-a3dd2270460a,import_distinct,same_supplier_different_codes,"Código de proveedor propio SS-612 (≠ fila 1063): artículo distinto cuya diferencia descriptiva perdió el Excel; se representa por su referencia."
Catálogo organizado,1065,,SS-613,CHINO PUNO,GN&HM,REPUJADOR PROFESIONAL,Herramientas de manicure y pedicure,IMPORTED,f7cf0735-049a-416c-b166-c74a99b9e72b,GNH-HER-FF2C56,9bb226d6-742d-4a1b-86ee-d96eb5fee064,GNH-HER-FF2C56-F45EA6,a44a32c7-ca6d-46ad-ba5d-198e591b56ad,import_distinct,same_supplier_different_codes,"Código de proveedor propio SS-613 (≠ fila 1063): artículo distinto cuya diferencia descriptiva perdió el Excel; se representa por su referencia."
Catálogo organizado,1066,,SS-611,CHINO PUNO,GN&HM,REPUJADOR PROFESIONAL,Herramientas de manicure y pedicure,IMPORTED,f7cf0735-049a-416c-b166-c74a99b9e72b,GNH-HER-FF2C56,d745f27b-5337-4b5b-847a-c1b891c2059f,GNH-HER-FF2C56-6D833D,3ea4b85d-6283-41b1-889a-a7572c4a6991,import_distinct,same_supplier_different_codes,"Código de proveedor propio SS-611 (≠ fila 1063): artículo distinto cuya diferencia descriptiva perdió el Excel; se representa por su referencia."
Catálogo organizado,1067,,,MAY,HUA LI,SET MANICURE X12 METAL/JASPEADOS,Herramientas de manicure y pedicure,IMPORTED,5d7c9a81-3a6f-47d5-8942-ac4d4df35aa0,HUA-HER-64DC5A,aacf8c1b-b058-4ad1-a713-2d4e22ea21cc,HUA-HER-64DC5A-45D118,ac1561ef-e391-4de4-9159-51e28ac8caf5,,,
Catálogo organizado,1068,,YJA-01,CHINO PUNO,JANO,ALICATE PODOLOGO,Herramientas de manicure y pedicure,IMPORTED,ae1fba09-461c-48af-8a9d-6bbcb7f06518,JAN-HER-4A169A,69a1b0c7-6e85-4b37-9e93-41dae6ac60f2,JAN-HER-4A169A-UNICA,f71f2c74-766d-4bc0-9d4b-f4ff3855ad44,,,
Catálogo organizado,1069,,SHEY-151,MAY,JIA YI FANG,SET SEPARADOR DEDO + REPUJADOR,Herramientas de manicure y pedicure,IMPORTED,8d911b52-4459-45d1-a933-9bfe4377ec42,JIA-HER-823209,31e5a590-e83a-4215-967b-cd2539d4cfad,JIA-HER-823209-UNICA,e7445fca-fdd3-4d80-8cc6-46bdde4037b4,,,
Catálogo organizado,1070,,SHEY-152,MAY,LRIS,ALICATE PROFESIONAL 4MM,Herramientas de manicure y pedicure,IMPORTED,c45f6772-df55-4369-ba96-062864427271,LRI-HER-751086,f8779428-a7b6-43b6-a8b2-4c15f88ccfe4,LRI-HER-751086-B4E8A7,7b21d453-9083-4e39-b5eb-850a17830b6e,,,
Catálogo organizado,1071,,SHEY-152,MAY,LRIS,ALICATE PROFESIONAL 5MM,Herramientas de manicure y pedicure,IMPORTED,c45f6772-df55-4369-ba96-062864427271,LRI-HER-751086,bd655a29-e320-476c-a477-196499d56285,LRI-HER-751086-117648,bbc923be-551d-4ca4-8eda-f3ff821a10bd,import_distinct,duplicate_supplier_code,"El proveedor reutilizó el código SHEY-152 para artículos distintos («ALICATE PROFESIONAL 5MM» vs «ALICATE PROFESIONAL 4MM»); se importa como artículo propio y el código queda registrado solo en la primera oferta."
Catálogo organizado,1072,,SHEY-154,MAY,LRIS,TIJERITA PROFESIONAL,Herramientas de manicure y pedicure,IMPORTED,2c29a65a-2e66-4890-876f-7e91d44b0611,LRI-HER-14F37C,0ba19fa8-f8d4-4cd7-8515-7b5f3245d662,LRI-HER-14F37C-UNICA,46fdd183-2ef7-44ac-b95e-8cacfa566305,,,
Catálogo organizado,1073,OTR219,DY-136,CHINO PUNO,OTROS,ALICATE + REPUJ. + CORTAUÑA TORNASOL,Herramientas de manicure y pedicure,IMPORTED,d039ca7c-ec22-49ec-809e-b642f9db0c83,GEN-HER-A36013,69855c1e-6388-4814-80e5-8c2da96c1c80,OTR219,1260c7bd-bba7-4a01-8e57-5da3a98f5865,,,
Catálogo organizado,1074,OTR214,,MAY,OTROS,ALICATE C/REPUJADOR TORNASOL,Herramientas de manicure y pedicure,IMPORTED,0bd86ad1-d204-4810-9a71-2f92bc33d040,GEN-HER-2A81FC,3effa4f2-fe49-4fb6-b65f-569d7da1b142,OTR214,62ea6f9e-faba-4573-9400-b58f9f1c6779,,,
Catálogo organizado,1075,OTR202,,MAY,OTROS,CATANA X1 EN CAJA,Herramientas de manicure y pedicure,IMPORTED,9632c4f9-897a-44c4-b2f8-d30bbed64bff,GEN-HER-3D3414,2fb5a3c3-78ed-4aba-a5db-5beed73a6cd4,OTR202,9d4fb751-6aed-4897-9c43-aa6cab5118d0,,,
Catálogo organizado,1076,OTR167,S/C,ZINGER,OTROS,CORTATIPS C/MEDIDA,Herramientas de manicure y pedicure,IMPORTED,d0d75e4a-1d18-4187-be14-95943a1bb24e,GEN-HER-36655E,3aaba58b-eec0-40b8-86ad-2f9e2c0f597a,OTR167,416d3574-a553-48f0-bbee-10057dc85faa,,,
Catálogo organizado,1077,OTR041,,MAY,OTROS,CORTATIPS DORADO,Herramientas de manicure y pedicure,IMPORTED,0242bf14-c115-4a77-b7b6-9be1b926fee9,GEN-HER-B68050,da09781c-5a3f-4422-ad2c-35ff7751583b,OTR041,ea919ff1-faf7-48b2-a5a8-55e1da0bc930,,,
Catálogo organizado,1078,OTR131,,MAY,OTROS,CORTATIPS METAL ECON,Herramientas de manicure y pedicure,IMPORTED,5bec90b2-39e1-41e9-a4b9-be5aad434800,GEN-HER-0148BD,924f894f-0568-43f3-83ae-4fcff368ce8b,OTR131,47dc1d3e-a44c-431f-8b3a-c5cb92b22aaf,,,
Catálogo organizado,1079,OTR040,,MAY,OTROS,CORTATIPS TORNASOL,Herramientas de manicure y pedicure,IMPORTED,0242bf14-c115-4a77-b7b6-9be1b926fee9,GEN-HER-B68050,0eedb5d2-78cc-49c3-a7fe-3b2f2282abc9,OTR040,6fbbeed0-c4c4-4780-b6a7-b110d9e75350,,,
Catálogo organizado,1080,,SS-172,CHINO PUNO,OTROS,PALILLO MULTIFUNCIONAL X50,Herramientas de manicure y pedicure,IMPORTED,0c55de84-8797-47a2-8dc9-6ae6b5396b60,GEN-HER-8785A0,772d165e-1096-42df-a6fd-85f6c94c3672,GEN-HER-8785A0-3D717A,a72ffa4f-03d0-4285-8677-d7acc01aeb0a,,,
Catálogo organizado,1081,OTR082,,MAY,OTROS,PALITO DE NARANJO X10,Herramientas de manicure y pedicure,IMPORTED,85ef4405-f411-4177-b83f-0a90c65353fc,GEN-HER-5CD6EB,9cda800f-db19-423e-9294-554501940f30,OTR082,ee48a3c5-fe81-4535-a83a-6ecf9d7966da,,,
Catálogo organizado,1082,OTR198,,MAY,OTROS,REPUJADOR DE GOMA X5PZA,Herramientas de manicure y pedicure,IMPORTED,fbbc3b55-ea9a-496b-bbc1-13ae5afcdbc1,GEN-HER-083F9B,034ff236-4f0f-48a5-899f-051cb6306466,OTR198,ce68a0c1-566d-415c-b9bc-b8baad2d5a9e,,,
Catálogo organizado,1083,OTR204,,MAY,OTROS,REPUJADOR TORNASOL X1PZA,Herramientas de manicure y pedicure,IMPORTED,aa509b89-a8a6-4f10-8680-f99bb9dbe733,GEN-HER-97523B,ebf238ed-9c44-4734-a702-a1646d81458c,OTR204,2eaa6cd2-2610-469c-ab1e-9bd1b982e60c,,,
Catálogo organizado,1084,OTR163,310067,AJI,OTROS,SET DE MANICURE X12PZA. ECON. AZUL,Herramientas de manicure y pedicure,IMPORTED,b65f9818-717f-4f2d-821c-f8aa3f1fbe7c,GEN-HER-53D8BF,5a78c361-3605-4fd1-b4d0-eaa069a52311,OTR163,733b4305-26ca-45e0-bdc7-b317054f7a2f,,,
Catálogo organizado,1085,,310067,AJI,OTROS,SET DE MANICURE X12PZA. ECON. DURAZNO,Herramientas de manicure y pedicure,IMPORTED,5ed5cde9-f923-4994-a844-bef52161ca32,GEN-HER-E003C3,d35e32d2-504f-4eee-ae53-54cf09bd80e9,GEN-HER-E003C3-B1163D,1d3b0339-146d-406b-a5e1-2c441d06881c,import_distinct,duplicate_supplier_code,"El proveedor reutilizó el código 310067 para artículos distintos («SET DE MANICURE X12PZA. ECON. DURAZNO» vs «SET DE MANICURE X12PZA. ECON. AZUL»); se importa como artículo propio y el código queda registrado solo en la primera oferta."
Catálogo organizado,1086,OTR165,310067,AJI,OTROS,SET DE MANICURE X12PZA. ECON. LILA,Herramientas de manicure y pedicure,IMPORTED,b65f9818-717f-4f2d-821c-f8aa3f1fbe7c,GEN-HER-53D8BF,25843628-1e40-4d8b-b244-613c5da05826,OTR165,19066f04-7b52-432e-bd09-954d0ea0eb6b,import_distinct,duplicate_supplier_code,"El proveedor reutilizó el código 310067 para artículos distintos («SET DE MANICURE X12PZA. ECON. LILA» vs «SET DE MANICURE X12PZA. ECON. AZUL»); se importa como artículo propio y el código queda registrado solo en la primera oferta."
Catálogo organizado,1087,OTR164,310067,AJI,OTROS,SET DE MANICURE X12PZA. ECON. NEGRO,Herramientas de manicure y pedicure,IMPORTED,b65f9818-717f-4f2d-821c-f8aa3f1fbe7c,GEN-HER-53D8BF,a5b6a613-6e10-4675-b703-516fe8937a58,OTR164,c8c26b1f-7a9e-4109-b357-865aaf129049,import_distinct,duplicate_supplier_code,"El proveedor reutilizó el código 310067 para artículos distintos («SET DE MANICURE X12PZA. ECON. NEGRO» vs «SET DE MANICURE X12PZA. ECON. AZUL»); se importa como artículo propio y el código queda registrado solo en la primera oferta."
Catálogo organizado,1088,,310067,AJI,OTROS,SET DE MANICURE X12PZA. ECON. VERDE CLARO,Herramientas de manicure y pedicure,IMPORTED,0012b77d-c1a3-4d78-9fb1-7d5c0a111b70,GEN-HER-8336A9,912a5eef-71a5-4663-abf8-91a2d27d630e,GEN-HER-8336A9-6D7B07,afdd913c-aaf8-468c-94b9-cb9c35531ed5,import_distinct,duplicate_supplier_code,"El proveedor reutilizó el código 310067 para artículos distintos («SET DE MANICURE X12PZA. ECON. VERDE CLARO» vs «SET DE MANICURE X12PZA. ECON. AZUL»); se importa como artículo propio y el código queda registrado solo en la primera oferta."
Catálogo organizado,1089,OTR098,,MAY,OTROS,SET MANICURE ESTUCHE X12 AZUL,Herramientas de manicure y pedicure,IMPORTED,89b93fc7-c500-4912-86d2-679f793878eb,GEN-HER-85695A,98cd7b7b-8420-4695-b922-92717c765593,OTR098,a6f6b4d7-d534-48d9-8e57-ed4fa9dd1338,,,
Catálogo organizado,1090,OTR097,,MAY,OTROS,SET MANICURE ESTUCHE X12 CREMA,Herramientas de manicure y pedicure,IMPORTED,fe8f7582-2188-4ad5-af8f-c0f14275c1c3,GEN-HER-17307F,a84bbe56-016d-4f8d-8101-ccdaa325eed4,OTR097,318c8da7-5090-414a-9dd6-92e027cab9e9,,,
Catálogo organizado,1091,OTR096,,MAY,OTROS,SET MANICURE ESTUCHE X12 ROSA,Herramientas de manicure y pedicure,IMPORTED,89b93fc7-c500-4912-86d2-679f793878eb,GEN-HER-85695A,9915cfac-34ec-40c0-bc3a-de47e20ae849,OTR096,221d06bb-637c-46c5-9f98-6258a74092d9,,,
Catálogo organizado,1092,,,WEDOR,OTROS,SET PEDICURE PROF. X7 S/ALICATE,Herramientas de manicure y pedicure,IMPORTED,26824169-6e44-4f2b-a335-6fb374f54647,GEN-HER-F89756,2a9ceb9c-3e9a-4fa7-ba22-cf7b3a4ba35f,GEN-HER-F89756-B30099,7c45c7c8-550f-4b0d-9b1d-bf1d3f2c5183,,,
Catálogo organizado,1093,,,WEDOR,OTROS,SET PEDICURE PROF. X8 C/ALICATE,Herramientas de manicure y pedicure,IMPORTED,2fbdb7df-0f8a-4c1e-8c3a-22e5be7abe38,GEN-HER-91B514,bcb86bee-809b-4ef2-b53b-59172f3b4391,GEN-HER-91B514-3E0435,77019d71-19d8-4039-a21c-9936235da0a1,,,
Catálogo organizado,1094,,SS-386,CHINO PUNO,OTROS,SET PEDICURE PROFESIONAL X10,Herramientas de manicure y pedicure,IMPORTED,83fad62f-e6c3-429c-88e3-f9468b885dea,GEN-HER-86FC09,b8400890-51ce-43f2-b0af-a2d0407a3d18,GEN-HER-86FC09-AB894C,13977121-a5fb-4673-8e63-d8bac5456d3f,,,
Catálogo organizado,1095,STR008,,MAY,STRONGER,ALICATE C/REPUJADOR DORADO,Herramientas de manicure y pedicure,IMPORTED,b7112523-29f7-49ec-9a58-3596caf49e61,STR-HER-21F4FF,b63786ee-72be-4b56-ace2-d916b2505708,STR008,c149cd5f-056a-4f97-9528-a320729e5917,,,
Catálogo organizado,1096,,SHEY-446,MAY,STRONGER,ALICATE METAL P/CUTICULA,Herramientas de manicure y pedicure,IMPORTED,f5a172c6-d348-48df-8a91-1b8cddcfb7a0,STR-HER-7A064C,b1606b4b-29a7-4ddc-8e4f-6b78bcfdb697,STR-HER-7A064C-UNICA,959afa5c-f2c8-4dea-ac8b-402965c961f8,,,
Catálogo organizado,1097,,SHEY-447,MAY,STRONGER,ALICATE METAL PICO DE LORO,Herramientas de manicure y pedicure,IMPORTED,0453734c-2054-4ca1-aab7-b92283805b1f,STR-HER-F23A02,9fb4fad4-189d-4fed-b9bc-621362a544c9,STR-HER-F23A02-UNICA,bce2f4d6-d741-47db-b8d2-6a9ba49a5581,,,
Catálogo organizado,1098,,SHEY-451,MAY,STRONGER,ALICATE METAL PODOLOGO,Herramientas de manicure y pedicure,IMPORTED,93a7cf87-76f1-4ad6-b7f0-6690e138ee81,STR-HER-67CA2F,2ebd927a-c5f3-43f2-9f3a-04b42fd06dd9,STR-HER-67CA2F-UNICA,0857f172-4855-43e0-b51e-dbd757ca081e,,,
Catálogo organizado,1099,,SHEY-449,MAY,STRONGER,ALICATE METAL RECTO PODOLOGO,Herramientas de manicure y pedicure,IMPORTED,88ce615d-45e0-43d1-8970-0f34e16b06f6,STR-HER-FF1A86,c378ea44-702a-499b-b221-af4547c73f35,STR-HER-FF1A86-UNICA,865fc6e6-d334-413d-94c1-ad4cfd0f614e,,,
Catálogo organizado,1100,,SHEY-448,MAY,STRONGER,ALICATE METAL RECTO/ANCHO,Herramientas de manicure y pedicure,IMPORTED,f2770667-a7f7-4752-ad2f-92989209b081,STR-HER-A33EB6,13eae577-6259-4b39-81fe-e2c0b557431c,STR-HER-A33EB6-UNICA,78e16736-1bc6-4f48-ae9d-647eea0cbb9f,,,
Catálogo organizado,1101,STR006,,MAY,STRONGER,ALICATE P/CUTICULA M/PLASTICO,Herramientas de manicure y pedicure,IMPORTED,e886b70c-8836-41d4-b3eb-e34b86a66423,STR-HER-3C3D5F,6e79516f-07bb-40d7-ab21-8cf31ab77f02,STR006,5e4f8ef6-49a1-40e1-af52-a459c3bea200,,,
Catálogo organizado,1102,STR014,,MAY,STRONGER,ALICATE TORNASOL,Herramientas de manicure y pedicure,IMPORTED,b6b26ea9-16a3-48ba-aa3f-9f53eec89ad6,STR-HER-CAEF0A,177ed200-8a46-4f1b-871e-c5c0749f50cd,STR014,56d9ead5-5c3e-4cb0-9229-aab9d9d33a20,,,
Catálogo organizado,1103,STR001,,MAY,STRONGER,CORTAUÑA TORNASOL,Herramientas de manicure y pedicure,IMPORTED,22f27e1a-f55f-404b-8386-7683857393bf,STR-HER-AA367E,1b52d984-ef79-47b9-9bc2-41127f72a366,STR001,80bfbb41-a5be-4ea5-ac3d-efb1092d30f5,,,
Catálogo organizado,1104,,SHEY-434,MAY,STRONGER,SET CORTAUÑA X2,Herramientas de manicure y pedicure,IMPORTED,15ea5584-09b9-4dce-9b42-1cabeb567198,STR-HER-C34FAD,4c592e00-63c9-43c5-ade3-7d59ebb3e389,STR-HER-C34FAD-B98594,73d812fc-8e69-4d00-8f08-ac7af5c3b376,,,
Catálogo organizado,1105,,SHEY-437,MAY,STRONGER,SET CORTAUÑA X3,Herramientas de manicure y pedicure,IMPORTED,15ea5584-09b9-4dce-9b42-1cabeb567198,STR-HER-C34FAD,1376144d-afd8-4ff3-8551-8bfb7c90ffc2,STR-HER-C34FAD-73AEAF,1c10a08c-ac9c-42cd-a92a-668a73f1f62f,,,
Catálogo organizado,1106,,SS-304,CHINO PUNO,ZOLA,SET CUCHILLAS PEDICURA X3,Herramientas de manicure y pedicure,IMPORTED,1b100c07-2d96-43a1-8bb1-f117cd84c571,ZOL-HER-3BB3A4,2d3a0b5d-2789-4711-af41-ee1293893bbf,ZOL-HER-3BB3A4-73AEAF,c62a1bf5-3cb1-4ea1-8898-94f7ea64f368,,,
Catálogo organizado,1107,,,ACRYLOVE,ACRYLOVE,LIMA 100/100,"Limas, buffers y pulido manual",IMPORTED,7be7338b-8118-4e7e-8925-af100f0316f5,ACR-LIM-24A62F,a672e3a6-2cf0-4ffa-8aa0-22167840e30b,ACR-LIM-24A62F-UNICA,f1560ce0-8543-4196-bf14-79eb72c9e249,,,
Catálogo organizado,1108,,,ACRYLOVE,ACRYLOVE,LIMA 150/150,"Limas, buffers y pulido manual",IMPORTED,4eb3fd92-8452-4a1f-abb8-d244c0fc3ae8,ACR-LIM-E5CC3E,1ddb6394-0267-4ddb-9101-81f6fd5f63eb,ACR-LIM-E5CC3E-UNICA,26ed2d39-8c41-4bc3-94f0-451c2908ee44,,,
Catálogo organizado,1109,,,ACRYLOVE,ACRYLOVE,LIMA 80/80,"Limas, buffers y pulido manual",IMPORTED,51b8164e-7387-423b-8f45-8cfb8dd8529e,ACR-LIM-C847D9,4000824c-845e-4b76-ba6c-e697811bae38,ACR-LIM-C847D9-UNICA,c3042058-ce32-4837-989d-75472dfa4b7c,,,
Catálogo organizado,1110,,,ACRYLOVE,ACRYLOVE,LIMA SPONGE MILD 180/220,"Limas, buffers y pulido manual",IMPORTED,496a4886-5af5-47bd-9cd5-0cc86be90d27,ACR-LIM-3E4C83,1faa35c8-fbff-42d9-bfee-5386c53d6b9c,ACR-LIM-3E4C83-UNICA,bac9039f-59da-4aa8-9e80-2674787b21f9,,,
Catálogo organizado,1111,,QM-5059,LUXIWAY PUNO 616,AOYASIYUE,LIMA DE UÑAS S/N X2 NEGRO,"Limas, buffers y pulido manual",IMPORTED,bba0169b-d50d-4cdf-ba3c-bbd31e985c19,AOY-LIM-BE10F6,6873fe47-2c0b-45b6-a8a3-93904005adea,AOY-LIM-BE10F6-2CDB08,064d7c6c-4ce4-41d8-a8e6-999382d696f5,,,
Catálogo organizado,1112,OTR081,,MAY,ARMATIC,LIMA SMERIL X12,"Limas, buffers y pulido manual",IMPORTED,c03da177-396d-4c6b-a2c6-26b8ad6107f9,ARM-LIM-F28DF4,5b0f5797-c7a5-4ab2-a8f2-fd4d05a3a092,OTR081,efe537bb-86e5-428b-a36f-8aef798db67f,,,
Catálogo organizado,1113,,,MAY,CANDY SECRET,LIMA NEGRO ANCHA REC. 100/180,"Limas, buffers y pulido manual",IMPORTED,42108fd8-8f77-4b25-b883-502cd40e07eb,CAN-LIM-6F5D8B,a704a0cf-10c9-4458-b329-d948bd9b9d81,CAN-LIM-6F5D8B-D73211,8b79ffa5-3c9e-4d4c-9703-cab48c8077f8,,,
Catálogo organizado,1114,,,MAY,CANDY SECRET,LIMA NEGRO DELGADA CUR. 100/180,"Limas, buffers y pulido manual",IMPORTED,79c8898b-bfd8-4a38-9b95-56604add2d88,CAN-LIM-A46E82,4fbaf4db-1140-4e05-8fca-f4e3ae5c64e6,CAN-LIM-A46E82-D73211,0497f745-5c65-4f5a-9a01-8c05a5554a2d,,,
Catálogo organizado,1115,,,MAY,CANDY SECRET,LIMA NEGRO DELGADA REC. 120/240,"Limas, buffers y pulido manual",IMPORTED,a9e081ef-d1a6-4d5a-8ccf-f01f0396a543,CAN-LIM-82151F,a5104a91-c4e5-40f9-8b7e-afc61db6ed3b,CAN-LIM-82151F-D73211,c1513b5b-a4e8-48af-94cc-04f6155862bc,,,
Catálogo organizado,1116,,,MAY,CANDY SECRET,LIMA NEGRO MED LUNA 100/180,"Limas, buffers y pulido manual",IMPORTED,3eeab1b1-e508-480a-9f73-f99dfa20c720,CAN-LIM-959A1B,38f68515-0c8c-4b70-84c9-9b9fbf2387ef,CAN-LIM-959A1B-D73211,52c93ba5-773f-42ad-926f-e0d03c4e3216,,,
Catálogo organizado,1117,,,MAY,CANDY SECRET,LIMA PLOMA DELGADA CUR. 100/180,"Limas, buffers y pulido manual",IMPORTED,04b836bd-e2d4-4d6a-afc4-78c1231409e4,CAN-LIM-B82D32,376adef2-8641-4656-9adf-1307aae899a5,CAN-LIM-B82D32-UNICA,b62f3a35-e634-4e5f-8d96-bf993a03eba5,,,
Catálogo organizado,1118,,,MAY,CANDY SECRET,LIMA PLOMA DELGADA REC. 100/180,"Limas, buffers y pulido manual",IMPORTED,9a43858c-0964-4784-ac35-548c9d0af2ba,CAN-LIM-99E0EA,f76bf054-4ffb-4ea6-be7b-9461f6ce956b,CAN-LIM-99E0EA-UNICA,ad6f4b3e-a70b-4e50-a194-ce7f415d4025,,,
Catálogo organizado,1119,,,MAY,CANDY SECRET,LIMA PLOMO ANCHA REC. 100/180,"Limas, buffers y pulido manual",IMPORTED,465880f8-be08-4cbc-ac50-f3b9ca4c3c23,CAN-LIM-A04666,989078b1-4172-4246-b757-c5a140458720,CAN-LIM-A04666-UNICA,f4fd7c53-83a2-47e4-b35b-6b5077b887cb,,,
Catálogo organizado,1120,CHE022,,MAY,CHERIMOYA,LIMA 100/100,"Limas, buffers y pulido manual",IMPORTED,cf3bfbaf-1f7f-4518-9d06-c67908bf3960,CHE-LIM-0CE57C,11392fec-be57-4022-921c-5bcf0ed150bb,CHE022,21795569-06ee-400d-ae18-130d46fc8714,,,
Catálogo organizado,1121,CHE023,,MAY,CHERIMOYA,LIMA 100/150,"Limas, buffers y pulido manual",IMPORTED,b1ecde82-4668-4113-96c4-c03f12180c40,CHE-LIM-6D6572,341bf390-ccab-46bd-878d-473890dc7934,CHE023,178e4d20-ad33-4984-9b47-0e80b4c42308,,,
Catálogo organizado,1122,CHE024,,MAY,CHERIMOYA,LIMA 100/180,"Limas, buffers y pulido manual",IMPORTED,2cd7f4d2-bc6f-41bf-ad7e-43f371e31863,CHE-LIM-51C30F,51af7017-cbff-4b2f-911e-e57ee248ff00,CHE024,41513261-51a4-4d84-9032-544513ab0803,,,
Catálogo organizado,1123,CHE003,,MAY,CHERIMOYA,SET DE LIMAS Y BUFFERS X6PZA,"Limas, buffers y pulido manual",IMPORTED,4773bd77-c145-4a3c-b431-fb132b9e3c2f,CHE-LIM-8631A7,88769a9a-a8d4-4935-b886-d1bda22754c9,CHE003,37df1f10-4f03-4d45-b2af-56ad60c6fe48,,,
Catálogo organizado,1124,,,MAY,CHERIMOYA,SET LIMAS DELGADAS X12,"Limas, buffers y pulido manual",IMPORTED,6c4605a4-34ce-4bd7-bc45-d9ad51c14b92,CHE-LIM-CB643E,0563c057-429b-476b-9c11-fbdc0a8779ff,CHE-LIM-CB643E-45D118,9c956a15-3eba-4043-991b-4a0720c927b5,,,
Catálogo organizado,1125,,,KELMAR PUNO,KELMAR,BUFER EN BLISTER,"Limas, buffers y pulido manual",IMPORTED,da27ef23-6c97-4243-958e-112333744301,KEL-LIM-491E6B,e1588af1-0070-4600-9331-aa5b3b5a97cb,KEL-LIM-491E6B-UNICA,53490a4f-46c3-426a-a24e-0168e6d3f18a,,,
Catálogo organizado,1126,MCN007,,MC,MC NAILS,LIMA SPONGE 180/220  TULA,"Limas, buffers y pulido manual",IMPORTED,81e8e580-104f-4d1e-9213-cf4ae1874212,MCN-LIM-0CB603,9cc43f4f-69fc-4c5e-aa00-442ed573db13,MCN007,7f35b683-089f-4a77-a729-0eb9c494390a,,,
Catálogo organizado,1127,,,MAY,NELLY,LIMA NELLY X12,"Limas, buffers y pulido manual",IMPORTED,e2f9c36a-376c-4112-a706-be845a144bef,NEL-LIM-71969C,4c2da6a4-0eb5-43ff-a516-72236db8384c,NEL-LIM-71969C-45D118,765bcb89-7aac-460e-ad53-ce292a563729,,,
Catálogo organizado,1128,OPI001,,MAY,OPI,LIMA DE UÑAS 100/100 verde,"Limas, buffers y pulido manual",IMPORTED,8401f340-9b5d-4479-b962-6ddae5d111e3,OPI-LIM-741A79,3f01a85b-0668-4217-9670-39119443ca21,OPI001,27896638-2276-4229-8ac6-b8f44f7f053b,,,
Catálogo organizado,1129,OTR223,DY-160,CHINO PUNO,OTROS,LIMA 100/240 S/N,"Limas, buffers y pulido manual",IMPORTED,f379d279-2499-484e-a722-400b3dd0b18e,GEN-LIM-4AC899,138bd212-b9b4-4674-8952-67d88eadef00,OTR223,4f1d982d-8028-4d16-bf73-d79ed170b79c,,,
Catálogo organizado,1130,OTR060,,MAY,OTROS,LIMA BARRIL CAJA CHICA,"Limas, buffers y pulido manual",IMPORTED,e1c2382d-d18c-4481-bd12-8e175b3f1adc,GEN-LIM-C6BC65,a786fd85-7766-4f3f-92c3-f906d930a9de,OTR060,a6f49d05-90a2-4c91-8c00-ae0303b56202,,,
Catálogo organizado,1131,OTR119,,MAY,OTROS,LIMA BARRIL CAJA GRANDE,"Limas, buffers y pulido manual",IMPORTED,f37b553c-271d-438f-a6c1-fce3715ee94d,GEN-LIM-2FABC3,65606ccf-83ac-41af-ad77-1bc7dc8c16a5,OTR119,06e155f3-d24a-41db-8660-0b7f4db1de00,,,
Catálogo organizado,1132,OTR083,,MAY,OTROS,LIMA LOLITA CHICO X12,"Limas, buffers y pulido manual",IMPORTED,c551dc1c-d029-43a7-876e-3042193184a5,GEN-LIM-21189C,e04f967e-d861-4dc6-aed5-75de0a12da6c,OTR083,0765dd15-0bec-45a3-9505-30cd2abb59c1,,,
Catálogo organizado,1133,OTR112,,MAY,OTROS,LIMA LOLITA GRANDE X12,"Limas, buffers y pulido manual",IMPORTED,96ef2b20-7e21-46f3-b03d-707fc42042f3,GEN-LIM-822B7A,9bca325b-3a9f-4f79-8549-b138f32f1ca1,OTR112,c444e4d1-0ade-40d6-8c48-1d49f9b61c09,,,
Catálogo organizado,1134,OTR180,SS-096,CHINO PUNO,OTROS,LIMA MEJIA 100/180 X6,"Limas, buffers y pulido manual",IMPORTED,3aa5e904-3935-4994-acbe-73c34af9e4e3,GEN-LIM-5756AB,86a8fa3f-9e76-4da4-99fd-52de3c893990,OTR180,5a9da977-7686-4ca9-a0b5-9bbd74c6e030,,,
Catálogo organizado,1135,OTR003,,MAY,OTROS,LIMA PALETA PARA PIE ECONX12,"Limas, buffers y pulido manual",IMPORTED,d9159183-ea38-472e-8fac-8665c406aadb,GEN-LIM-113FCA,a5cc73d6-81ba-49f2-b21b-a5811b6ce541,OTR003,564786f7-e597-46ce-8c17-de5926149152,,,
Catálogo organizado,1136,,DY-174,CHINO PUNO,OTROS,LIMAS S/N 100/100,"Limas, buffers y pulido manual",IMPORTED,20a959ae-6664-43e2-b4ba-b445022113c3,GEN-LIM-A832EF,a6b53e08-240d-4624-9556-02f5e7c730df,GEN-LIM-A832EF-UNICA,bda00d66-96fa-4880-b673-ffbfe090dffd,,,
Catálogo organizado,1137,,DY-174,CHINO PUNO,OTROS,LIMAS S/N 180/180,"Limas, buffers y pulido manual",IMPORTED,02dc77d9-38b7-4b23-965b-499f52c3ae45,GEN-LIM-CE049F,4e8e1913-487f-4b49-890a-0b8323c17c34,GEN-LIM-CE049F-F3CDEB,9f806620-5e84-464c-b475-7bf6ec9a67cd,import_distinct,duplicate_supplier_code,"El proveedor reutilizó el código DY-174 para artículos distintos («LIMAS S/N 180/180» vs «LIMAS S/N 100/100»); se importa como artículo propio y el código queda registrado solo en la primera oferta."
Catálogo organizado,1138,,DY-174,CHINO PUNO,OTROS,LIMAS S/N 240/240,"Limas, buffers y pulido manual",IMPORTED,e057850f-0716-47dd-8a66-9ff93253240b,GEN-LIM-511F7E,e5af7e7d-5d80-4383-86f8-3a37963e7840,GEN-LIM-511F7E-B7D4B9,5c9b78b4-a78f-4a6f-9682-e0ee74c9c562,import_distinct,duplicate_supplier_code,"El proveedor reutilizó el código DY-174 para artículos distintos («LIMAS S/N 240/240» vs «LIMAS S/N 100/100»); se importa como artículo propio y el código queda registrado solo en la primera oferta."
Catálogo organizado,1139,,SS-435,CHINO PUNO,OTROS,MINI BAFFER MEDIA LUNA X10 COLORES,"Limas, buffers y pulido manual",IMPORTED,f5110821-f5c6-4033-a4f9-aaf93aa69e17,GEN-LIM-FD55EC,e1c9f20d-4c45-483e-8aa8-f39dd53814cd,GEN-LIM-FD55EC-C281FC,71589902-3bc1-4c8c-99d6-2e2e1fbc0718,,,
Catálogo organizado,1140,,SS-270,CHINO PUNO,OTROS,MINI BAFFER SALVITAS X50UND COLORES,"Limas, buffers y pulido manual",IMPORTED,4d6d4433-87f6-40d0-bbd6-9ed829d84db8,GEN-LIM-69FB63,f684d66d-b246-45e1-99de-9855e29a4a98,GEN-LIM-69FB63-CC3C58,f076896a-9cb0-407d-b6c8-89986a0a56ff,,,
Catálogo organizado,1141,,,KELMAR PUNO,OTROS,MINI LIMAS DE CARTON X100 COLORES,"Limas, buffers y pulido manual",IMPORTED,8cc46185-1fce-4a1a-870d-f6022af99495,GEN-LIM-E0FD03,027ec547-5232-4b25-8f42-68bd6dc23f12,GEN-LIM-E0FD03-87EB64,2b9453b9-f9e5-40c5-8daf-baa993caf177,,,
Catálogo organizado,1142,,S/C,BEIFA,OTROS,MINI LIMAS DE CARTON X12,"Limas, buffers y pulido manual",IMPORTED,8cc46185-1fce-4a1a-870d-f6022af99495,GEN-LIM-E0FD03,b4118fca-57e5-4f8b-932d-c7dbf170ec19,GEN-LIM-E0FD03-45D118,3b94ddd1-2cc2-4f42-97e3-21b3134f169d,,,
Catálogo organizado,1143,STR007,,MAY,STRONGER,BUFER BLANCO EN BLIS,"Limas, buffers y pulido manual",IMPORTED,436a4299-8158-4b31-8d6e-28e8d0df532c,STR-LIM-02B570,a21dd8de-1a0c-4702-b8fb-9fb1fd95b535,STR007,e47d799f-613f-4588-a0d9-2364bd5f250c,,,
Catálogo organizado,1144,STR012,,MAY,STRONGER,LIMA 7 PASOS,"Limas, buffers y pulido manual",IMPORTED,af4245f8-31d7-45a7-8005-bbaa5ab622c4,STR-LIM-36E3D5,7b770bf9-7255-4c03-9190-0b7b0e23815c,STR012,c8492cd2-c4b6-493d-ad2c-17bced35fe96,,,
Catálogo organizado,1145,STR013,,MAY,STRONGER,LIMA SPONGE,"Limas, buffers y pulido manual",IMPORTED,b993f957-a0f2-4c09-bcad-0a0626d04479,STR-LIM-8E0B2A,0f9e79d3-d753-482c-9088-d9320eaf400b,STR013,09a221de-c94d-46fa-ac35-c2a197e1d11d,,,
Catálogo organizado,1146,,AC-493,BELLESPA,BELLESPA,LAMPARA LINTERA,Lámparas UV/LED y linternas,IMPORTED,c8383611-1c7f-40f9-8125-b12591dffddd,BEL-LAM-0690ED,d470d89a-020c-4eae-9749-e88d9cd9d496,BEL-LAM-0690ED-UNICA,ecbdc63b-79dc-4ba0-9a66-d97f53f690e6,,,
Catálogo organizado,1147,,SHEY-240,MAY,CORDLESS,LAMPARA INALAMB PEDRERIA 72W,Lámparas UV/LED y linternas,IMPORTED,61517b3c-b064-4edb-ba7c-191aea17803a,COR-LAM-CF8E9A,b36d59c4-b8f8-4a4a-b044-37aa659b29ac,COR-LAM-CF8E9A-UNICA,a49efac9-0595-4537-9d78-f04fae90e39a,,,
Catálogo organizado,1148,,,MAY,OTROS,LAMPARA FLOR DE LOTO 24w,Lámparas UV/LED y linternas,IMPORTED,b861a7a0-2a9a-45b5-ad63-4a6325d045b5,GEN-LAM-F7AC08,f9a7e37b-fef2-41dd-aed5-88526affcdcf,GEN-LAM-F7AC08-UNICA,59482604-e580-41ce-b75a-e9b4274789de,,,
Catálogo organizado,1149,,SHEY-251,MAY,OTROS,LAMPARA LINTERNA  WHITE,Lámparas UV/LED y linternas,IMPORTED,a7a6905e-adf7-4771-a5ec-4c1dba110998,GEN-LAM-5B8107,90a053bb-29b0-4ed1-b0e9-bef4deb054e0,GEN-LAM-5B8107-9669FE,6cbc5915-f074-4387-98ae-ca4ddf1e765e,import_distinct,duplicate_supplier_code,"El proveedor reutilizó el código SHEY-251 para artículos distintos («LAMPARA LINTERNA  WHITE» vs «LAMPARA LINTERNA PINK»); se importa como artículo propio y el código queda registrado solo en la primera oferta."
Catálogo organizado,1150,,WJ-02,CHINO PUNO,OTROS,LAMPARA LINTERNA C/BASE,Lámparas UV/LED y linternas,IMPORTED,872950df-68b4-4045-9054-798628fee704,GEN-LAM-690037,bfe59580-c131-4fd9-a10e-ad0d2dbe3bdd,GEN-LAM-690037-UNICA,b5142848-fcbc-4d13-a8a5-6134c8981fc2,,,
Catálogo organizado,1151,,SHEY-251,MAY,OTROS,LAMPARA LINTERNA PINK,Lámparas UV/LED y linternas,IMPORTED,11cfc27d-62bd-4060-8c77-abf2ed25ca4c,GEN-LAM-E351DD,20526ef9-3198-4376-91e8-9da7d5d25893,GEN-LAM-E351DD-UNICA,14c91455-8af0-4f9a-a4f8-66a7d8216f59,,,
Catálogo organizado,1152,SML002,,MAY,SML,LAMPARA SML S6 68W,Lámparas UV/LED y linternas,IMPORTED,913d9af4-9938-4c4a-a452-1f92903dbe42,SML-LAM-A2CE31,983fefe8-c46a-4f49-b5ba-6cb8da5bd64a,SML002,8bde8bbf-1d96-437c-9586-f50c02e7d6c4,,,
Catálogo organizado,1153,SOG001,,MAY,SOGENI,LAMPARA SOGENI M5 PLUS 168W,Lámparas UV/LED y linternas,IMPORTED,6c0f2888-17fd-4fef-aea6-74ea1d8aceaa,SOG-LAM-B641AB,32429f08-a69d-4220-ade9-addadbc285ec,SOG001,99829b17-f587-4076-8a1c-1f2f519e9eb7,,,
Catálogo organizado,1154,,SUN G12,TOTALES CUZCO,SUN,LAMPARA ABANICO 288W,Lámparas UV/LED y linternas,IMPORTED,6c4573f5-4a4c-4142-9d89-0b82006ff03e,SUN-LAM-909DED,5c46e6e6-9a54-4701-9d53-8276e5de5ad7,SUN-LAM-909DED-UNICA,cb31e14b-5a81-4b43-84c0-d934c91573e7,,,
Catálogo organizado,1155,,T-21389,EDW REMAT,SUN,LAMPARA BASE METAL 48W METALIZADO CHICO,Lámparas UV/LED y linternas,IMPORTED,dfd3f769-2705-4586-82bc-a992dd3ca797,SUN-LAM-998657,1ca38a7e-a3a8-4b61-aa11-0a4595d20d80,SUN-LAM-998657-UNICA,a06b53ac-9b44-4da9-836c-faf768bbeef7,,,
Catálogo organizado,1156,,SHEY234,MAY,SUN,LAMPARA C/ALMOHADA 248W M&J06,Lámparas UV/LED y linternas,IMPORTED,89f507f2-8b9b-49b4-89ee-badbfa10902c,SUN-LAM-983CEF,81e186df-53d2-485d-88c3-ce88067dfa46,SUN-LAM-983CEF-UNICA,5130e8ad-ff2b-420e-86a9-511d96c4d96c,,,
Catálogo organizado,1157,,,MAY,SUN,LAMPARA CON FLOR DE LOTO,Lámparas UV/LED y linternas,IMPORTED,cf29715b-9b49-4640-9979-8b4f3fe6083a,SUN-LAM-8FF8E7,973d5432-5b71-4992-bbef-cdeffc5e8f3b,SUN-LAM-8FF8E7-UNICA,43921db2-800c-411f-b863-f4f211f34ab1,,,
Catálogo organizado,1158,,AB-98,SUNTON,SUN,LAMPARA CORAZON CON ALA 288WTS,Lámparas UV/LED y linternas,IMPORTED,b0c06e6b-5390-41df-9583-3252a5ddd523,SUN-LAM-B52ED8,cdb965ab-8b18-408a-8e95-8c56c02c67a9,SUN-LAM-B52ED8-UNICA,50669271-d9f2-4b55-bb42-95fd6e3d6541,,,
Catálogo organizado,1159,SUN005,,MAY,SUN,LAMPARA DE UÑA SUN D6 150W,Lámparas UV/LED y linternas,IMPORTED,0f1ed7e6-30d7-4ea9-88b0-1afec0bad71d,SUN-LAM-D57ED5,ed0b8519-d6d1-4016-9811-f415621051ea,SUN005,daddaa83-dddc-4e81-bcca-14adcb669fb2,,,
Catálogo organizado,1160,,SHEY-241,MAY,SUN,LAMPARA INALAMB SUN S10,Lámparas UV/LED y linternas,IMPORTED,cb5a39e0-d27b-4256-b6fb-11d27631f57e,SUN-LAM-DC4240,f1fc1099-a184-4e8e-86a2-da6a1bc304dc,SUN-LAM-DC4240-UNICA,a910f830-c4ed-4a7f-9f62-abdf574dff17,,,
Catálogo organizado,1161,,SUN Y31,TOTALES CUZCO,SUN,LAMPARA INALAMBRICA 248W,Lámparas UV/LED y linternas,IMPORTED,14a7bcd8-2f1e-4fe2-8c32-044a911948e4,SUN-LAM-C01129,2be6ea0f-0bb4-40e9-b5b0-d5c455133be7,SUN-LAM-C01129-UNICA,e4f4c9ea-0e66-4fb7-b18a-c8c98f64a798,,,
Catálogo organizado,1162,,,MAY,SUN,LAMPARA INALAMBRICO MICKY,Lámparas UV/LED y linternas,IMPORTED,5277fb06-1c88-4eef-95ff-deb485185be8,SUN-LAM-8F2E02,3ccf8eda-d462-4d1a-be9e-6a1b6b3e8db3,SUN-LAM-8F2E02-UNICA,4e6a27c5-e9e9-4c63-8b98-08c040b05ce3,,,
Catálogo organizado,1163,SUN001,,MAY,SUN,LAMPARA KAWAII 268W,Lámparas UV/LED y linternas,IMPORTED,cdb70d7d-e245-4cb7-8394-5a8c8a175502,SUN-LAM-C04EB2,b3e0a232-7365-49ff-bbb3-2558b5befc83,SUN001,3c8efb1b-fade-4690-8ce5-7213330799f1,,,
Catálogo organizado,1164,SUN006,,MAY,SUN,LAMPARA KAWAII 268W TORNASOL,Lámparas UV/LED y linternas,IMPORTED,cdb70d7d-e245-4cb7-8394-5a8c8a175502,SUN-LAM-C04EB2,5938ed31-ff0d-41da-ab1c-038a787726f3,SUN006,f4b8ffdf-4a2a-4704-9d18-9613b4ccb4c5,,,
Catálogo organizado,1165,,AB-99,MAY,SUN,LAMPARA SUN 288W PIEDRAS,Lámparas UV/LED y linternas,IMPORTED,07eacfd2-0f4d-4522-b551-dfa4139d92b1,SUN-LAM-E7A499,2bee839a-a07f-4753-9d06-7fb3857c6635,SUN-LAM-E7A499-UNICA,0e76e639-e81a-4bef-98bb-0a405e6c0cb2,,,
Catálogo organizado,1166,,AB-15,MAY,SUN,LAMPARA SUN CORAZON 268W,Lámparas UV/LED y linternas,IMPORTED,98d79b5e-0dd0-4ee2-b265-8b8d3f9d9bf0,SUN-LAM-FE8F92,17b8482f-de67-4c4f-8946-da966a7e801b,SUN-LAM-FE8F92-UNICA,b6a157de-2850-4fbc-b6f4-d1c113bc5165,,,
Catálogo organizado,1167,,AB-17,MAY,SUN,LAMPARA SUN CUADRADO C/PEDRERIA,Lámparas UV/LED y linternas,IMPORTED,e8133ccd-20bb-481c-a604-5ff890963b90,SUN-LAM-5E23CE,65d9d73e-3f25-4f45-b9fc-17263f20243a,SUN-LAM-5E23CE-UNICA,4d85cdd2-1daa-43e4-ad9f-d5cff4fd757d,,,
Catálogo organizado,1168,,SHEY-242,MAY,SUN,LAMPARA SUN L2 PLUS,Lámparas UV/LED y linternas,IMPORTED,78c5d9c2-2b48-4d58-bd6b-20b4807148ae,SUN-LAM-77196B,c5599384-9019-4afc-b53a-724ee5db96ba,SUN-LAM-77196B-UNICA,a330380f-05bc-4b09-89a8-2a9b8144d2fc,,,
Catálogo organizado,1169,,,MAY,SUN,LAMPARA SUN L5 268W PIEDRITAS,Lámparas UV/LED y linternas,IMPORTED,5fc9d0fe-0b0b-422f-948c-22f6e3dff4a0,SUN-LAM-A4B55E,bb4d4736-08b5-42bc-abad-ef3833c1e29c,SUN-LAM-A4B55E-UNICA,14b55e91-253e-4448-8887-8829d7011fdd,,,
Catálogo organizado,1170,,TV772,MEGATECH,SUN,LAMPARA SUN ONE 48W BASE METAL,Lámparas UV/LED y linternas,IMPORTED,738ef822-9bcc-4831-88a5-ee36c7d6a50a,SUN-LAM-98A5D9,e9b60e3d-c891-42f5-9eba-8f36ed3c9a44,SUN-LAM-98A5D9-UNICA,8dc0f432-0bc4-4fd8-b833-36ef9ffc96a7,,,
Catálogo organizado,1171,,AB-19,MAY,SUN,LAMPARA SUN REDONDO C/PEDRERIA,Lámparas UV/LED y linternas,IMPORTED,cfe40ad7-b26f-4057-9010-ef677b5c2977,SUN-LAM-9C3C21,6a5582c2-6794-4b4d-b93f-61b05fb516ee,SUN-LAM-9C3C21-UNICA,86feabcc-48b2-49b1-9a1a-5c50b7c242a8,,,
Catálogo organizado,1172,SUN003,,MAY,SUN,LAMPARA SUN S1 168W,Lámparas UV/LED y linternas,IMPORTED,2206230b-bcbd-4620-a42f-20b54bb63732,SUN-LAM-284365,fa7639c7-ce22-4f10-8046-bad6018a7fe5,SUN003,341e87ef-e513-4dd2-8122-20ec5f63ec62,,,
Catálogo organizado,1173,,SHEY-236,MAY,SUN,LAMPARA SUN S6 168W,Lámparas UV/LED y linternas,IMPORTED,a8eea91e-2a29-4cc3-b1db-c300555fd5a9,SUN-LAM-F938D4,6a1dd28a-e6bf-4b59-b731-cccba1ce7fb5,SUN-LAM-F938D4-UNICA,7a27c0ac-b695-4ae4-b5c7-c9f88162928c,,,
Catálogo organizado,1174,SUN002,,MAY,SUN,LAMPARA SUN S9 120W,Lámparas UV/LED y linternas,IMPORTED,033c763b-dc16-4a6f-aadf-ce2d89ae4322,SUN-LAM-84E6B4,6ba8d57c-47b0-42fd-ad11-b8812cd9bebc,SUN002,7b4c366f-47b3-4b91-bff8-c65a3ddc6a9c,,,
Catálogo organizado,1175,,,MAY,SUN,LAMPARA SUN X 54W,Lámparas UV/LED y linternas,IMPORTED,77a96915-dbab-459e-b4c3-2632d50d97f8,SUN-LAM-59EADC,ea0da1b5-06d2-4142-8034-cf42e81c238e,SUN-LAM-59EADC-UNICA,2dbc309c-46bf-4471-b1fe-83cd8c5aeb18,,,
Catálogo organizado,1176,,SHEY-237,MAY,SUN,LAMPARA SUN X10 MAX 280W,Lámparas UV/LED y linternas,IMPORTED,33984b9f-b356-49fa-a438-75fe8d2a7b31,SUN-LAM-7BE3D9,b8e664ec-ba90-4893-9416-e003560928dd,SUN-LAM-7BE3D9-UNICA,7c92ef50-8ee8-40a0-b31d-a16fcc575e5e,,,
Catálogo organizado,1177,,SHEY-235,MAY,SUN,LAMPARA SUN Y8 168W,Lámparas UV/LED y linternas,IMPORTED,95e062cb-df0f-447c-8806-ef11bb027853,SUN-LAM-0C60C6,2bdd80c5-e22c-4b80-b3dc-6a5bfc7fb5ec,SUN-LAM-0C60C6-UNICA,ca1e63e2-6dc2-46fd-9d23-5f7581b6e91c,,,
Catálogo organizado,1178,,SHEY-238,MAY,SUN,LAMPARA X11 MAX 280W,Lámparas UV/LED y linternas,IMPORTED,7d454dce-2294-4832-b9c8-05ecc644d6ad,SUN-LAM-9C2C94,00f556fd-b0f5-435c-b4e0-e838067a5ac9,SUN-LAM-9C2C94-UNICA,8fa7aeac-bf96-4f3e-9e57-b6e7e2678479,,,
Catálogo organizado,1179,SUN007,,MAY,SUN,LAMPARA SUN ONE 48W,Lámparas UV/LED y linternas,IMPORTED,cf3588e7-74ed-44b2-90b3-837060c57780,SUN-LAM-212C55,31d7eae5-7e79-4b01-a85a-5d6b9b960a88,SUN007,15f2832d-53b1-413f-8954-d8208291ab35,,,
Catálogo organizado,1180,ACR048,S/C,MAY,ACRYLOVE,MOLDE P/ACRILICO BLISX10pza,"Moldes, práctica y exhibición",IMPORTED,3e281a95-b779-4cf0-b453-3fa2803f23f9,ACR-MOL-22F2B3,908a6c8e-128e-497b-b65a-ba6186e0d5ef,ACR048,a208e67c-ec4e-40a4-8405-17ca35e5d87c,,,
Catálogo organizado,1181,AMS001,,MAY,AMS,DEDO ROBOTICO,"Moldes, práctica y exhibición",IMPORTED,46a19183-a9ff-4d45-9583-29433e716cc3,AMS-MOL-AF427B,8df0b469-ba7a-4ec6-b2a4-0c0b6fd298e4,AMS001,6ad7f8e7-45cd-40f0-834e-29b25edaf611,,,
Catálogo organizado,1182,OTR061,,MAY,OTROS,DEDITOS PLASTICO,"Moldes, práctica y exhibición",IMPORTED,540cbb45-01bf-4637-b2b7-bca474ac5d98,GEN-MOL-7C8F60,98d5e1ce-02c2-4171-8168-b092fccaf1a2,OTR061,3fef4387-59ed-4fe8-8036-27e7a7f9be72,,,
Catálogo organizado,1183,OTR126,,MAY,OTROS,LLAVERO CORONA NATURAL,"Moldes, práctica y exhibición",IMPORTED,173ea4c3-1c4f-4c18-8283-c95055adb6d2,GEN-MOL-BA8642,31aa30d1-8e0e-40e1-9fe9-d3b0000eadea,OTR126,44266ee4-d5cf-4f76-90e8-3bcf00b3d474,,,
Catálogo organizado,1184,OTR127,,MAY,OTROS,LLAVERO CORONA TRANSPARENTE,"Moldes, práctica y exhibición",IMPORTED,173ea4c3-1c4f-4c18-8283-c95055adb6d2,GEN-MOL-BA8642,7aa28351-a594-47b6-803b-6b150c332c23,OTR127,eac5c1d0-a12b-415d-8d80-b03855b6f0cc,,,
Catálogo organizado,1185,OTR200,,MAY,OTROS,LLAVERO DE UÑA STILETO NATURAL,"Moldes, práctica y exhibición",IMPORTED,1f77f00c-ef90-422c-8b9f-8308e9535eb2,GEN-MOL-6E4884,9cf4492d-3da9-4982-97e5-a1dbf1a10881,OTR200,32e03406-4277-4243-85a8-f482cd5452aa,,,
Catálogo organizado,1186,OTR201,,MAY,OTROS,LLAVERO DE UÑA STILETO TRANSPARENTE,"Moldes, práctica y exhibición",IMPORTED,1f77f00c-ef90-422c-8b9f-8308e9535eb2,GEN-MOL-6E4884,9b34aca0-a740-4de7-a248-17dd841d5f6b,OTR201,a1583f4a-f6a9-405a-a907-26afa720c2fd,,,
Catálogo organizado,1187,OTR176,SS-0182,CHINO PUNO,OTROS,LLAVERO DE UÑAS BALERINA TRANSPARENTE,"Moldes, práctica y exhibición",IMPORTED,b902ed87-1bd6-4432-8702-60b201380166,GEN-MOL-F5848C,c1e6e51f-8779-4931-9703-9b66329502ab,OTR176,7b042766-2cae-4f7f-8d09-6332eb4a16fd,,,
Catálogo organizado,1188,,,KELMAR PUNO,OTROS,LLAVERO DE UÑAS STILETO,"Moldes, práctica y exhibición",IMPORTED,7de9e620-971f-461d-99c1-c25b80de6871,GEN-MOL-0A33C6,fc9c45af-dcd8-46fd-83e1-60f3ecb8b864,GEN-MOL-0A33C6-UNICA,0300c9f1-09f4-4720-b3cb-78496fac89aa,,,
Catálogo organizado,1189,OTR115,,MAY,OTROS,MANO DE PRACTICA,"Moldes, práctica y exhibición",IMPORTED,4d7f2c70-92cd-42d5-8365-319c5f8c46be,GEN-MOL-023041,ae7566f6-99cc-4e67-9406-42d5c695c504,OTR115,d25a7433-6a40-4d6b-b6e7-3a6ed81ab82a,,,
Catálogo organizado,1190,OTR116,,MAY,OTROS,MANO ROBOTICA,"Moldes, práctica y exhibición",IMPORTED,70ae492b-0bc2-4f18-a9df-3dc4451ce315,GEN-MOL-AB335F,0b77ed06-884d-49b4-8394-76a8b98fc779,OTR116,732ff835-0db2-4296-b654-612e2f19c5aa,,,
Catálogo organizado,1191,OTR088,,MAY,OTROS,MOLDE DORADO X500,"Moldes, práctica y exhibición",IMPORTED,184c9dc7-07ff-4415-a2a2-56c501841a65,GEN-MOL-A08559,1e0b6119-5984-44e0-ba73-b8e6ea46cca2,OTR088,ca14a08b-78f8-47b5-b367-0159d2f44bbf,,,
Catálogo organizado,1192,OTR143,,MAY,OTROS,MOLDE LAMINAS P/DISEÑOS DE UÑAS (PLATEADO),"Moldes, práctica y exhibición",IMPORTED,6a1f277e-8c10-44fc-8d1c-4ae99c0a5001,GEN-MOL-F8EEC8,d081b9bb-d406-4a6f-bbb5-9ee4b2a7dc0c,OTR143,c704d767-4e76-4cb5-bd11-25bcc8fc4e07,,,
Catálogo organizado,1193,OTR079,,MAY,OTROS,MOLDE MARIPOSA FUCSIA X300,"Moldes, práctica y exhibición",IMPORTED,4653df03-d54e-4532-85a6-936c79f3da63,GEN-MOL-3886A5,bf874af0-e01f-403f-b23f-a13c44b8ea4f,OTR079,e6c43acb-b349-4e06-84f7-e468206e9277,,,
Catálogo organizado,1194,OTR080,,MAY,OTROS,MOLDE STILETO AZUL X300,"Moldes, práctica y exhibición",IMPORTED,19ef49ef-653e-4081-9b0a-285e5dbf9795,GEN-MOL-EF308C,f1dd1c09-de81-49b6-b8c4-d16bf3ca5cad,OTR080,9816a1ab-cf76-4ea9-b277-f7288a7b1a10,,,
Catálogo organizado,1195,OTR114,,MAY,OTROS,PIE DE PRACTICA,"Moldes, práctica y exhibición",IMPORTED,63c11331-1ef3-4315-a626-6466e01e54c6,GEN-MOL-9032BC,fcc23096-1540-45c7-b9b6-0ae9e59e998e,OTR114,03914e7b-1360-4eae-9d17-1dc7a078dc9d,,,
Catálogo organizado,1196,,,MAY,OTROS,PIEDRA PLANA DE CUARZO (POSAUÑAS),"Moldes, práctica y exhibición",IMPORTED,4e77b0c6-01ac-412c-a0fb-4a5ae378f18f,GEN-MOL-66FA74,177c0bfd-2d32-4426-8717-0a0016370a79,GEN-MOL-66FA74-UNICA,9006d658-599a-426e-ba17-176dd4ea2983,,,
Catálogo organizado,1197,OTR215,,MAY,OTROS,RULETA DE UÑAS NATURAL,"Moldes, práctica y exhibición",IMPORTED,c8b48b1e-60ab-43ba-a3af-85abee66fb19,GEN-MOL-3B1114,5a2f2286-5db7-4465-a2a5-0621b22e4dde,OTR215,6cfa5cf4-93cf-4393-988a-33e3de9050c4,,,
Catálogo organizado,1198,OTR222,QZ-14,CHINO PUNO,OTROS,TEFLON ALMOND LILA TORNASOL X300,"Moldes, práctica y exhibición",IMPORTED,9b8caf83-6e17-4980-9d44-07bc026f8cbb,GEN-MOL-89442F,2399adbc-a134-47bd-a511-bb239df398b7,OTR222,d1b792f1-e913-496d-a4d0-d5e58f0dacd2,,,
Catálogo organizado,1199,,SHEY-119,MAY,OTROS,TUBOS ESTRUCTURALES X6,"Moldes, práctica y exhibición",IMPORTED,655f1301-31b0-4d7b-8981-8289994ae4f8,GEN-MOL-BF8AD0,0c9fcf3f-85be-4bbb-ad97-5c5e13dc6942,GEN-MOL-BF8AD0-204E86,9ecbfb76-dcbe-460c-a91c-43b6b7d7f731,,,
Catálogo organizado,1200,,,ACRYLOVE,ACRYLOVE,PINCEL BEAUTIFUL #10 KOLINSKI C/PIEDRAS,Pinceles y herramientas de diseño,IMPORTED,7b29ff8d-a2fe-4f00-b562-78bdd1106973,ACR-PIN-5C586F,c70a207f-eeab-4012-97ce-374a68ed23a2,ACR-PIN-5C586F-UNICA,ab0bb222-c35c-4b74-8b8b-761d749f40f0,,,
Catálogo organizado,1201,,,ACRYLOVE,ACRYLOVE,PINCEL BEAUTIFUL #8 KOLINSKI C/PIEDRAS,Pinceles y herramientas de diseño,IMPORTED,7907b7a9-0e97-43e5-b2da-2b9756ed8532,ACR-PIN-D16329,b7e0248e-c475-4771-a951-89171885fb65,ACR-PIN-D16329-UNICA,30d3dfe8-22e3-4063-8195-b12433275662,,,
Catálogo organizado,1202,,,ACRYLOVE,ACRYLOVE,PINCEL ELEGANT #8 KOLINSKI MADERA,Pinceles y herramientas de diseño,IMPORTED,783ef79b-137d-4fef-8197-7e449e34f843,ACR-PIN-3CDBF5,523fc51c-600e-4a99-827d-94cf3309afe8,ACR-PIN-3CDBF5-UNICA,02c1fccc-b3c1-488c-a380-84086136eeb1,,,
Catálogo organizado,1203,,,IRMA ACRYLOVE,ACRYLOVE,PINCEL P/ACRILICO DEBONAIR #10,Pinceles y herramientas de diseño,IMPORTED,2e40d812-62b0-470c-b6be-165f0aad67de,ACR-PIN-22AEF2,ede90370-15ac-4f1b-937a-0e667829d314,ACR-PIN-22AEF2-UNICA,e3887e24-91cb-490c-b398-6e77f5aee21d,,,
Catálogo organizado,1204,,,IRMA ACRYLOVE,ACRYLOVE,PINCEL P/ACRILICO DEBONAIR #8,Pinceles y herramientas de diseño,IMPORTED,6aa440dc-f6ef-4e49-8f67-a60b856b3a65,ACR-PIN-E8EDFE,53fdedbe-02ea-4503-bd00-9ee7cae29827,ACR-PIN-E8EDFE-UNICA,8fb16a36-a030-4c30-a660-d0dbea155d97,,,
Catálogo organizado,1205,,DY-092,CHINO PUNO,AOYASIYUE,PINCEL LINER X3pza ESCARCHADO,Pinceles y herramientas de diseño,IMPORTED,c2bb951e-b9a2-4814-a735-6151458a1b96,AOY-PIN-0515E5,6fcce2a4-9fd4-46c9-a8b8-f207cc145106,AOY-PIN-0515E5-438A21,9c3c0734-98e5-47e3-abba-c95227102a74,,,
Catálogo organizado,1206,,,MAY,AOYASIYUE,PINCEL P/UÑAS SIRENA SURTIDO X7pza,Pinceles y herramientas de diseño,IMPORTED,3921df0b-9149-4b25-b16a-d9283d79bff5,AOY-PIN-6029AE,d336201a-f378-47ac-b1ec-0825ad5f2fa1,AOY-PIN-6029AE-183E9C,788d1a74-6f7d-4725-b679-12a83a5bbe7c,,,
Catálogo organizado,1207,,R168675,ROSE&LIN,CAT EYES,IMAN OJO DE GATO 0-----◘,Pinceles y herramientas de diseño,IMPORTED,a4c0c41a-c5ee-4bac-ab80-9e8f1c4c864f,CAT-PIN-76BB55,55bac886-352d-4110-829f-6e3f70569b21,CAT-PIN-76BB55-UNICA,20aefffa-2d8b-4277-a0e6-f3f16f27579b,,,
Catálogo organizado,1208,,LC2528,ROSE&LIN,CHARM LIMIT,BLOMING GEL 10ML,Pinceles y herramientas de diseño,IMPORTED,0ab545a1-ff64-4e78-8e17-13461e9ca3dd,CHA-PIN-6C0A79,620e266c-c2fa-40d1-a52e-435d331de4eb,CHA-PIN-6C0A79-95538C,64115708-030c-4b89-885e-ad7b6af8aee9,,,
Catálogo organizado,1209,,,MAY,CHERIMOYA,BLOOMING GEL 15ML,Pinceles y herramientas de diseño,IMPORTED,29116f41-6c85-4309-893f-1d324d58fc10,CHE-PIN-2E8246,e2e907f9-06f9-4945-8c36-4fb3a0a0976d,CHE-PIN-2E8246-98A00E,4497751d-0b50-48ce-8d82-c576268ec85e,,,
Catálogo organizado,1210,CHE011,,MAY,CHERIMOYA,GEL PAINT 5ml. BLANCO 001,Pinceles y herramientas de diseño,IMPORTED,07c253a5-1ae5-43ad-8123-bd2fceca72d3,CHE-PIN-971E7E,2bce73bd-13c9-4a36-9dc1-e6ceafd6051e,CHE011,3cf230c0-fba1-42ee-8562-35fbaab8fd46,,,
Catálogo organizado,1211,CHE014,,MAY,CHERIMOYA,GEL PAINT 5ml. DORADO 337,Pinceles y herramientas de diseño,IMPORTED,3fa7f240-dc84-46cc-846c-b5c3a9ee9d4c,CHE-PIN-9909D9,a80977f7-fedd-4980-8581-ebfc35579527,CHE014,063db398-bbe9-4242-95d2-3745e1cb0da2,,,
Catálogo organizado,1212,CHE012,,MAY,CHERIMOYA,GEL PAINT 5ml. NEGRO 002,Pinceles y herramientas de diseño,IMPORTED,668f14b3-0236-4d93-bb22-e3cb5efd4246,CHE-PIN-EF9067,eb7ce1ce-1287-406c-9e36-5ea0e1af5c44,CHE012,2612e781-7aa3-4efb-9a47-f89eab6a2002,,,
Catálogo organizado,1213,CHE013,,MAY,CHERIMOYA,GEL PAINT 5ml. PLATA 338,Pinceles y herramientas de diseño,IMPORTED,f1a759ce-a53d-450e-aff9-0f3ab3a4b27f,CHE-PIN-D52436,d1a09493-5909-4f42-93a0-ff825b74d9e8,CHE013,f5ffea77-bdca-4ae4-9357-e6508f8f5c4d,,,
Catálogo organizado,1214,CHE033,,MAY,CHERIMOYA,PINCEL KOLINSKY #10,Pinceles y herramientas de diseño,IMPORTED,e6c9a069-9365-4ca4-a27c-bb6debf2d38d,CHE-PIN-7DD1D1,1e2f6a5e-54f0-42d2-a01b-d8713d234b14,CHE033,c5991f92-e745-4bb0-92aa-4b422d488724,,,
Catálogo organizado,1215,CHE035,,MAY,CHERIMOYA,PINCEL KOLINSKY #12,Pinceles y herramientas de diseño,IMPORTED,2e304928-f1bb-400b-afac-a3cc33f68541,CHE-PIN-F3A725,9a5a9c52-9a72-401d-9c02-93614993288c,CHE035,16e1b98d-c326-4cc2-9fd7-cf7cd8bde7b1,,,
Catálogo organizado,1216,,,MAY,CHERIMOYA,PINCEL KOLINSKY #2,Pinceles y herramientas de diseño,IMPORTED,ea640e79-96ec-4289-bd24-a244c0b1c811,CHE-PIN-2C2F1D,bb3a3018-dc7d-44e8-b8f6-cda923c125c1,CHE-PIN-2C2F1D-UNICA,22953014-1e02-4f2a-9520-c19755a04f8f,,,
Catálogo organizado,1217,CHE034,,MAY,CHERIMOYA,PINCEL KOLINSKY #4,Pinceles y herramientas de diseño,IMPORTED,332b2e38-d0d0-4998-a1c7-b5c12beb82c5,CHE-PIN-D1562D,8ed1b3ad-bd4a-4170-9850-a9640b0e152e,CHE034,9ca012fb-7b14-48c9-88e2-38a615f04ed6,,,
Catálogo organizado,1218,CHE030,,MAY,CHERIMOYA,PINCEL LINER 5mm,Pinceles y herramientas de diseño,IMPORTED,cc729784-a6cd-43c5-b587-0783a3bfc8b3,CHE-PIN-470898,fb0591ce-2014-4e43-85e9-d53b00d4e71a,CHE030,06ca84ca-d70d-4d6a-8425-42d90d5f0777,,,
Catálogo organizado,1219,CHE031,,MAY,CHERIMOYA,PINCEL LINER 7mm,Pinceles y herramientas de diseño,IMPORTED,cc729784-a6cd-43c5-b587-0783a3bfc8b3,CHE-PIN-470898,2570fcab-53e5-4177-bb49-9818f06cf575,CHE031,623dd12c-0a6f-4015-9ac3-6dc929b37af3,,,
Catálogo organizado,1220,CHE032,,MAY,CHERIMOYA,PINCEL LINER 9mm,Pinceles y herramientas de diseño,IMPORTED,cc729784-a6cd-43c5-b587-0783a3bfc8b3,CHE-PIN-470898,9743fbdb-d568-4ec9-b0d1-523427809cd5,CHE032,fa11f0ad-04d1-4d22-85c6-b7cae2cd7711,,,
Catálogo organizado,1221,CHE029,,MAY,CHERIMOYA,PINCEL P/GEL #8,Pinceles y herramientas de diseño,IMPORTED,9e2a280f-20b2-4da8-807c-68de247575f6,CHE-PIN-7C0835,52e41cc8-28e3-413f-a463-e9f3cd2ed62f,CHE029,d0536de4-ef23-4a2a-8f44-9a0cd9c48b31,,,
Catálogo organizado,1222,MCN038,,MC,MC NAILS,PINCEL KOLINSKY BLACK ROCK #4,Pinceles y herramientas de diseño,IMPORTED,4b54d29c-2883-4f5c-8a6d-5d1433e69830,MCN-PIN-23A243,6f948191-51bf-4708-bc14-084156b30fb5,MCN038,14743c58-2f8f-49f1-add8-9b9c21f35f7a,,,
Catálogo organizado,1223,MCN039,,MC,MC NAILS,PINCEL KOLINSKY BLACK ROCK #6,Pinceles y herramientas de diseño,IMPORTED,276778a1-18a8-46f9-8e11-3d021a66dd7c,MCN-PIN-1413E5,51831301-1cbe-44fa-b52d-609d4ede3ede,MCN039,dba1529c-9cda-4bf2-8416-e158b3570e09,,,
Catálogo organizado,1224,MCN037,,MC,MC NAILS,PINCEL KOLINSKY SILK CARE #10,Pinceles y herramientas de diseño,IMPORTED,6c27e4ad-45e0-4789-9732-66c1bee5bb96,MCN-PIN-F81537,7c998f88-c7fb-49a8-801e-a16e341d211a,MCN037,fd19ac27-b595-40f0-9d79-255c13ea48d9,,,
Catálogo organizado,1225,MCN036,,MC,MC NAILS,PINCEL KOLINSKY SILK CARE #8,Pinceles y herramientas de diseño,IMPORTED,f2d01268-d023-4456-b961-691d202b3c0d,MCN-PIN-859C6B,67e81132-4695-4321-b516-232227ee0634,MCN036,71a9212c-d566-4181-9297-c0c0a22c0163,,,
Catálogo organizado,1226,,MJ05-166,MAJU,NAIL ART,PLACA PARA STAMPING C/CARTON,Pinceles y herramientas de diseño,IMPORTED,b920ccd2-aab8-41d5-b49f-ec70b0475c6b,NAI-PIN-234D9B,8f71b659-2abf-429f-b58e-eaba356306e0,NAI-PIN-234D9B-UNICA,d500e731-fafc-40c4-9f95-73cf637c016e,,,
Catálogo organizado,1227,,,MAY,OPI,PINCEL OPI KOLINSKY #10,Pinceles y herramientas de diseño,IMPORTED,f8b56ac3-550b-4a21-9c6f-6c1324588109,OPI-PIN-ED7849,24f49c4a-17ac-4a72-9618-a98b8f1d5e4a,OPI-PIN-ED7849-UNICA,cc2529ac-537a-4b41-a883-332f08841c5c,,,
Catálogo organizado,1228,,,MAY,OPI,PINCEL OPI KOLINSKY #8,Pinceles y herramientas de diseño,IMPORTED,7a994e10-c79c-435b-811f-3af71a794c84,OPI-PIN-C56016,2647cbf3-f6d6-45ac-9f5c-9bb8320c008e,OPI-PIN-C56016-UNICA,52bfa07a-3bbd-4ed6-876d-d0f11c08b03b,,,
Catálogo organizado,1229,,254171,MAJU,OTROS,IMAN CON LINEAS DELGADAS,Pinceles y herramientas de diseño,IMPORTED,9c28d648-ff38-446d-bfcd-dd185d425dfa,GEN-PIN-F83F6A,0ef0e323-61d4-4e81-99c6-08ad389b32d9,GEN-PIN-F83F6A-UNICA,81660e9d-d29a-4861-bfa9-f18ec021392d,,,
Catálogo organizado,1230,,SS-382,CHINO PUNO,OTROS,IMAN MANGO GATITO,Pinceles y herramientas de diseño,IMPORTED,396d300d-ca7d-4fd4-8892-1eaafa51d0ec,GEN-PIN-44576A,10109f60-7555-4e9d-a959-d4d00e14e080,GEN-PIN-44576A-UNICA,64648883-a598-49b6-bf26-ede1a696d0fe,,,
Catálogo organizado,1231,,,MYSTYLE,OTROS,IMAN NEGRO C/TAPA,Pinceles y herramientas de diseño,IMPORTED,83ebaf21-afe8-4b28-ae76-af8eea6687a4,GEN-PIN-39A1B2,4f6b317c-2e86-497f-a90f-500d4ad43f3f,GEN-PIN-39A1B2-D73211,c65b20be-a224-434e-9ed3-1eda7b9fb95c,,,
Catálogo organizado,1232,,,MYSTYLE,OTROS,IMAN ROSADO BOLITAS,Pinceles y herramientas de diseño,IMPORTED,755ebf55-29a5-4787-9095-0369e16042ae,GEN-PIN-5FAB73,adf66624-1e34-478f-a3c0-d748f64bb7ba,GEN-PIN-5FAB73-2A92B9,752a5a82-c281-44ae-8a07-27f71693707e,,,
Catálogo organizado,1233,,,LINDA JHADE,OTROS,IMAN Y CORAZON P/OJO DE GATO,Pinceles y herramientas de diseño,IMPORTED,0ebcf51e-ce80-437a-8b51-0859c28e1da4,GEN-PIN-ABECF7,23d4008c-d5f0-45ef-bcc5-0dd14eada668,GEN-PIN-ABECF7-UNICA,5eee8ea7-b16d-4829-b062-9e4ced531585,,,
Catálogo organizado,1234,,,KELMAR PUNO,OTROS,LAPIZ DE CERA P/PEDRERIA,Pinceles y herramientas de diseño,IMPORTED,e977b292-c70b-40a6-bc53-5e601f0b183e,GEN-PIN-B92EBB,dea6dfa7-0ea3-474e-9cc8-c2ef44b0d9ca,GEN-PIN-B92EBB-UNICA,88dfe6ad-eb32-49bf-aab9-b12151d15e1a,,,
Catálogo organizado,1235,,,ROSE&LIN,OTROS,PALETA METAL  P/MEZCLAR,Pinceles y herramientas de diseño,IMPORTED,0e8ed675-5335-4c15-9e57-86bdb03094a5,GEN-PIN-E3231E,9bdf994d-fd43-4d94-8771-49cd02dbc4d5,GEN-PIN-E3231E-UNICA,7c5bc7d8-011a-4188-8827-689b822589ff,,,
Catálogo organizado,1236,,SS-569,CHINO PUNO,OTROS,PINCEL C/ PUNZON X3,Pinceles y herramientas de diseño,IMPORTED,356ec7fe-a8dc-4c97-b1d2-140a1f13680c,GEN-PIN-77BD71,ecf7ed09-1b9e-4519-8e82-93420aa34751,GEN-PIN-77BD71-73AEAF,6470b139-bd6b-47d5-a47c-3772a271c9eb,,,
Catálogo organizado,1237,,SS-301,CHINO PUNO,OTROS,PINCEL LINER X3pza ROSA TORNASOL,Pinceles y herramientas de diseño,IMPORTED,27ad0269-bc1f-4717-a8e7-674488f6ff3b,GEN-PIN-08167B,154f14bb-bea3-4c45-b305-a72d20526dd9,GEN-PIN-08167B-259102,22c92e94-b8f9-478e-b7af-bac9eee510fc,,bulk_commit_failed,
Catálogo organizado,1238,OTR206,,MAY,OTROS,PINCEL LINER X3pza TORNASOL,Pinceles y herramientas de diseño,IMPORTED,27ad0269-bc1f-4717-a8e7-674488f6ff3b,GEN-PIN-08167B,1820a00a-d1aa-4376-9e0f-a346f683e064,OTR206,67544255-1301-417b-9802-98a9fd245c48,,bulk_commit_failed,
Catálogo organizado,1239,,SS-299,CHINO PUNO,OTROS,PINCEL LINER x5pza 5COLORES,Pinceles y herramientas de diseño,IMPORTED,dcbd468d-6476-410a-9a58-462cf7855b51,GEN-PIN-2A15A0,e80ee9da-f6ef-4da8-bcbb-494978143eaf,GEN-PIN-2A15A0-FB1E99,0b11b7ca-4690-48e1-89f5-6bd046db200e,,,
Catálogo organizado,1240,OTR212,,MAY,OTROS,PINCEL P/UÑAS M/PLAST X15PZA,Pinceles y herramientas de diseño,IMPORTED,e09204a9-562c-4fe5-848a-e9daabdd94e7,GEN-PIN-571998,7af2f554-c578-4be2-8786-b14d3d2f0757,OTR212,c1014b55-4613-47b9-8cdb-51d9925e1ef3,,,
Catálogo organizado,1241,OTR104,,MAY,OTROS,PINCEL P/UÑAS TRICOLOR X15PZA,Pinceles y herramientas de diseño,IMPORTED,b30501b1-efa0-44ef-afb2-fd1deb817c9a,GEN-PIN-BEAD87,d6e9dbf9-a62e-49d2-9805-99c602f8c33c,OTR104,c2c47169-d5ed-4c33-b71b-6339b47b9f34,,,
Catálogo organizado,1242,,MJ05-167,MAJU,OTROS,PLACA PARA STAMPING,Pinceles y herramientas de diseño,IMPORTED,2002e286-3cf6-4206-a7cb-74622ca7daa5,GEN-PIN-6A9A4F,73e95c39-0d5e-4588-af99-1ecac4383b4c,GEN-PIN-6A9A4F-UNICA,69e00c0b-a955-4e2b-b7ae-fb6c810a223b,,,
Catálogo organizado,1243,OTR132,,MAY,OTROS,PUNZON C/ CERA,Pinceles y herramientas de diseño,IMPORTED,db9e1047-52e0-4083-8c6d-67476ca5ceab,GEN-PIN-EB912A,3cc0b135-db4b-482d-b1bb-ef9bfd66cddf,OTR132,f52acb2d-f14a-4b9b-92ed-9bb6c109b57c,,,
Catálogo organizado,1244,OTR205,,MAY,OTROS,PUNZON C/LINER X5PZA,Pinceles y herramientas de diseño,IMPORTED,e3d6c119-3cbe-4c11-9b55-677e4573f5a6,GEN-PIN-6F9370,2b3634bb-b878-4e77-b491-208bd526a26a,OTR205,ac46b2da-9de7-4565-9b50-a968f6ba2b78,,,
Catálogo organizado,1245,OTR207,,MAY,OTROS,PUNZON COLORES X5PZA,Pinceles y herramientas de diseño,IMPORTED,c4ed020f-3e45-4aaf-a658-f9091742e97f,GEN-PIN-10D492,28ff4891-076a-4265-9e52-4bdc1ed9fec5,OTR207,02286e9b-7ea0-498c-8817-4934c553f8c9,,,
Catálogo organizado,1246,OTR125,,MAY,OTROS,PUNZON GLITER X5PZA CAJA,Pinceles y herramientas de diseño,IMPORTED,91931917-660d-4075-a8fa-d0c4392d02c7,GEN-PIN-F58CA7,a98a4206-32fe-4643-94b8-343226ee7eab,OTR125,0ac50078-466f-40cb-93d4-df16a60ad37d,,,
Catálogo organizado,1247,,,MAY,OTROS,PUNZON METAL BLISX12 NAC.,Pinceles y herramientas de diseño,IMPORTED,d6e55d23-9f51-4b98-bbe7-3cc954fb8f3f,GEN-PIN-0E00CA,260f650b-4a88-44a9-ab08-85d5c88cf1c9,GEN-PIN-0E00CA-UNICA,4dd6671f-c385-441c-9d3d-9083e8faae21,,,
Catálogo organizado,1248,OTR111,,MAY,OTROS,SILICONA P/ESTAMPADO DE UÑAS 3D,Pinceles y herramientas de diseño,IMPORTED,b55966f3-84d2-42d2-a448-29a1396bb3e5,GEN-PIN-605998,a8915441-08f0-4d28-8bdd-60ed6a201d60,OTR111,a5cd664a-8761-4b9a-8c19-876c1f16c3b7,,,
Catálogo organizado,1249,OTR216,,MAY,OTROS,STAMPIN DE UÑAS DORADO,Pinceles y herramientas de diseño,IMPORTED,fa8e466d-f7c8-4678-a20d-514d15140f35,GEN-PIN-C1056C,7ccdb6a0-fa67-467a-8373-83fb3728aa34,OTR216,c79d5639-61f3-4efd-beb4-badf1d3a6ad8,,,
Catálogo organizado,1250,OTR066,,MAY,OTROS,STAMPIN DE UÑAS MEDIANO TRANSLUCIDO,Pinceles y herramientas de diseño,IMPORTED,685fa4f6-2fc1-44e5-92cc-80388b243448,GEN-PIN-89548A,a5ddf3c5-81c9-43b9-9c25-7f16f0aee309,OTR066,15d1b943-b4f6-4347-8c00-59e4e80423c4,,,
Catálogo organizado,1251,,,MAY,OTROS,STAMPING NAIL ART 3D-XY,Pinceles y herramientas de diseño,IMPORTED,0e686487-dc0b-4c48-814a-f95cf1452dfe,GEN-PIN-32012D,3d833ff7-e210-4582-93c7-45cea0157f75,GEN-PIN-32012D-UNICA,30f52928-12d3-4c0e-aa59-4e2f543fa1e3,,,
Catálogo organizado,1252,STR005,,MAY,STRONGER,PINCEL LINER X3pza BLANCO,Pinceles y herramientas de diseño,IMPORTED,78a3fe20-5ba8-484d-adfe-fd1569fae272,STR-PIN-5B3908,f9fe4de2-772e-43ce-bcf2-1574d47d42a8,STR005,0a76fd4f-d4fc-4824-81d3-fcbbf0930124,,,
Catálogo organizado,1253,,,SEVENTEEN,ACRYLOVE,ACRY SHAPE DILUSOR DE POLIGEL 120ML.,"Polygel, gel constructor y soluciones",IMPORTED,84deed6f-dabd-46e8-ae2a-184d559ecfca,ACR-POL-A96D88,e63142e2-0088-4f10-a074-94d4c79ae0ee,ACR-POL-A96D88-39B104,e99e2c7e-bf15-4c90-a40a-3fd2aae4c11a,,,
Catálogo organizado,1254,,,ACRYLOVE,ACRYLOVE,RUBBER GEL 10ML,"Polygel, gel constructor y soluciones",IMPORTED,de1af8fa-93f8-4a0f-9bb3-d0ff7638fe8a,ACR-POL-F0F55D,e0c5070c-412b-4f10-87dc-a2c578ec9d60,ACR-POL-F0F55D-95538C,c932352b-047e-4666-b4e3-809f91c0ea0e,,,
Catálogo organizado,1255,,LC2044,ROSE&LIN,CHARM LIMIT,GEL SOLIDO TUBO 20G,"Polygel, gel constructor y soluciones",IMPORTED,288c2c9d-e05a-470d-9216-c9af25e66fba,CHA-POL-3E32D0,605d83a6-4e45-4af4-98b2-1f74b3950297,CHA-POL-3E32D0-03D7A0,3907ec10-73c5-4050-bd4b-218ae7279711,,,
Catálogo organizado,1256,,,MAY,CHERIMOYA,FIXING NAIL GEL,"Polygel, gel constructor y soluciones",IMPORTED,eaad39f2-2b54-48e6-b454-2dfc75f7bec4,CHE-POL-5B8CFC,41f3c01e-241d-43f3-a812-78e74687d36c,CHE-POL-5B8CFC-UNICA,1713b921-fa12-43f8-89fe-4ec1667d37c2,,,
Catálogo organizado,1257,CHE037,,MAY,CHERIMOYA,POLYGEL 30ml. CLEAR 001,"Polygel, gel constructor y soluciones",IMPORTED,f74a7e8b-b60f-4826-b0a2-4f465eb4329b,CHE-POL-3779E6,65f38b5f-5cd6-4661-a39b-509289db76ed,CHE037,8909f736-2441-4102-8fe2-d2096e5dd913,,,
Catálogo organizado,1258,CHE043,,MAY,CHERIMOYA,POLYGEL 30ml. CREAM COLOR 038,"Polygel, gel constructor y soluciones",IMPORTED,1302e620-5f62-4b47-b416-573ed151019d,CHE-POL-2B5CDC,e7be5c5b-167a-4c2a-8c20-cd4b9039d932,CHE043,62b3d23b-e01b-42fc-8ada-c9e591e695d7,,,
Catálogo organizado,1259,CHE044,,MAY,CHERIMOYA,POLYGEL 30ml. CREAM COLOR 039,"Polygel, gel constructor y soluciones",IMPORTED,1302e620-5f62-4b47-b416-573ed151019d,CHE-POL-2B5CDC,17ec5892-8a08-4d07-82e6-7bd7245c6b2e,CHE044,f298626c-e846-451f-88d3-090a37da217c,,,
Catálogo organizado,1260,CHE040,,MAY,CHERIMOYA,POLYGEL 30ml. LIGHT PINK 014,"Polygel, gel constructor y soluciones",IMPORTED,f20fb7bc-b80f-43cd-8e2b-ce0144184bce,CHE-POL-3A65AB,96bbafae-911f-4674-9371-ba08ee1c5ab9,CHE040,6a7a02c8-4723-4897-9107-d58a0a30dc68,,,
Catálogo organizado,1261,CHE041,,MAY,CHERIMOYA,POLYGEL 30ml. LIGHT PINK 015,"Polygel, gel constructor y soluciones",IMPORTED,f20fb7bc-b80f-43cd-8e2b-ce0144184bce,CHE-POL-3A65AB,fc6d8298-e808-45da-8600-fe058a0c2cad,CHE041,43b9c0b0-9a62-49b1-b38c-1e98c56f764e,,,
Catálogo organizado,1262,CHE042,,MAY,CHERIMOYA,POLYGEL 30ml. LIGHT PINK 021,"Polygel, gel constructor y soluciones",IMPORTED,f20fb7bc-b80f-43cd-8e2b-ce0144184bce,CHE-POL-3A65AB,90bbbccc-2049-4ddb-8e11-b9a06493d0fb,CHE042,6054282f-2c6f-40c3-b0df-e5324da9b1d9,,,
Catálogo organizado,1263,CHE038,,MAY,CHERIMOYA,POLYGEL 30ml. NUDE COLOR 007,"Polygel, gel constructor y soluciones",IMPORTED,3ee7f019-c8bb-4c67-bf57-8760767197ab,CHE-POL-363D25,c329a013-f7b5-4491-9202-9c8e22311f7f,CHE038,36d31297-74f5-4945-97d7-326e20710378,,,
Catálogo organizado,1264,CHE039,,MAY,CHERIMOYA,POLYGEL 30ml. NUDE COLOR 012,"Polygel, gel constructor y soluciones",IMPORTED,3ee7f019-c8bb-4c67-bf57-8760767197ab,CHE-POL-363D25,9920400d-afb3-4318-b605-8bc9e99ff495,CHE039,c124ec45-c223-4499-8619-0c89930981e7,,,
Catálogo organizado,1265,CHE006,,MAY,CHERIMOYA,SLIP SOLUTION 110ML,"Polygel, gel constructor y soluciones",IMPORTED,798c691a-d595-4b1e-933a-29b15660d4d2,CHE-POL-3DA765,85cd9668-8b3f-48ca-aeff-64b0f0325602,CHE006,a6264617-d889-43b6-b1dd-b7eda7c5e012,,,
Catálogo organizado,1266,,145,LINDA JHADE,D'NAILS,RUBBER GEL 20ML,"Polygel, gel constructor y soluciones",IMPORTED,a771610f-5e0b-4d40-a46f-a59b4556a8ec,DNA-POL-5C729C,fe9e5e7a-a45b-4500-b24b-76dacebc7f28,DNA-POL-5C729C-4F9074,127868ec-88b8-4bd7-9447-5ddf69e9fdae,,,
Catálogo organizado,1267,MCN006,,MC,MC NAILS,GEL CONSTRUCTOR UV BUILDER 1OZ,"Polygel, gel constructor y soluciones",IMPORTED,9c064b09-fb39-4b5e-81a5-695417d8dc31,MCN-POL-6BF476,748a2348-f9aa-4c7f-9d69-a249dad78aad,MCN006,54011393-0bdd-4227-aaf3-637d170d8f50,,,
Catálogo organizado,1268,MCN030,,MC,MC NAILS,POLYGEL 50GR. CLEAR,"Polygel, gel constructor y soluciones",IMPORTED,cd744db4-6fc6-471a-9700-2cfefc35d410,MCN-POL-4CA71E,6a636254-7422-4aa9-a5a1-1327a04ac678,MCN030,79ab41d4-3f96-4383-9def-2476139e0402,,,
Catálogo organizado,1269,,,MYSTYLE,MYSTYLE,PRESS GEL SOLIDO POTE 30ml,"Polygel, gel constructor y soluciones",IMPORTED,e27abf45-6aac-426e-81bf-90a2b0c8e049,MYS-POL-93D7AB,b76180ee-49a1-4571-9137-32edafe28bf8,MYS-POL-93D7AB-F0200F,14a7099d-d403-4679-8086-d24483429435,,,
Catálogo organizado,1270,OTR122,,MAY,OTROS,GANCHO P/POLYGEL X10PZA,"Polygel, gel constructor y soluciones",IMPORTED,527530d9-f6d9-42b6-8a3b-cd8d7defb08b,GEN-POL-5FF6E7,09a20d8d-15db-4558-9081-1cb98c68a955,OTR122,cfe45503-d09b-4f3d-b745-bb1770a9f4a3,,,
Catálogo organizado,1271,OTR008,,MAY,OTROS,PINCEL POLYGEL NEGRO,"Polygel, gel constructor y soluciones",IMPORTED,3c682915-023b-4658-9613-91a5d3539142,GEN-POL-9BB25A,a6ec4f65-766e-4f82-92d3-6a4f5dedc5e3,OTR008,c412f4bf-9315-4263-a16a-9ae1834c322e,,,
Catálogo organizado,1272,,163054-1,REVEL,REVE'L,POLYGEL POTE 15gr.,"Polygel, gel constructor y soluciones",IMPORTED,2fa0cef0-53b9-4820-8289-ba56c1155415,REV-POL-65325D,01138a3d-0f63-4dc8-b3be-ef5b37e267ff,REV-POL-65325D-56B2F2,88764f89-89f4-4294-89ea-d3f8af3fd562,,,
Catálogo organizado,1273,ACR023,S/C,ACRYLOVE,ACRYLOVE,BOND 1 DESHIDRATADOR,Preparadores y adherencia,IMPORTED,e1d78e4b-f5b6-463f-a2be-14096f430c1b,ACR-PRE-1C3A18,fd70da62-6073-4401-b17d-13ff3dba1e79,ACR023,c9a9200c-0e2b-474b-8477-6f5817f54abc,,,
Catálogo organizado,1274,ACR024,S/C,ACRYLOVE,ACRYLOVE,BOND 2 ADHERENTE,Preparadores y adherencia,IMPORTED,929817f2-d6f1-4893-872a-0f0973849b44,ACR-PRE-3FBDDC,f02409e8-d7c9-44e2-a8d2-329ca976fec8,ACR024,9cac23d2-8021-4c44-abb9-b18be0623b7d,,,
Catálogo organizado,1275,CHE016,,MAY,CHERIMOYA,ACID PRIMER 15ML,Preparadores y adherencia,IMPORTED,4a80a623-eddd-4544-af32-20ab590fee5c,CHE-PRE-AE569E,dd0161c7-4bf4-464a-8b32-5827dfccbc4d,CHE016,1a38c872-5c82-4f49-82fd-9c6a8bd32948,,,
Catálogo organizado,1276,CHE015,,MAY,CHERIMOYA,PRIMER 15ML,Preparadores y adherencia,IMPORTED,fef60d8e-ae04-459c-8577-91fe267ca3ba,CHE-PRE-79675E,514ebdca-fbd1-4472-b2dc-79f1ce1af18c,CHE015,eab226c8-bb57-4ba5-a8e1-4c8f1feed7c5,,,
Catálogo organizado,1277,,,MAY,CHERIMOYA,ULTRABOND 15ML,Preparadores y adherencia,IMPORTED,dd0bf491-5db7-406f-90d0-1524ae3c0a95,CHE-PRE-E0C4EB,8c9b5336-1a48-4812-8471-2185ce984f37,CHE-PRE-E0C4EB-98A00E,26211711-9d18-40ba-b5eb-e436a1a6c48d,,,
Catálogo organizado,1278,,,WEDOR,IB,PRIMER,Preparadores y adherencia,IMPORTED,e722f6d2-d38b-461c-8e15-b8a0225046d2,IBX-PRE-2201CB,dca3c44d-a02c-4d4e-8b60-148e60994b1f,IBX-PRE-2201CB-UNICA,df2e80f9-ea11-4c78-a564-95e53a58b07c,,,
Catálogo organizado,1279,MAS013,,MAY,MASGLO,ULTRABOND 7ml.,Preparadores y adherencia,IMPORTED,b58bb48a-f68f-4d21-ace6-28142ce7d98d,MAS-PRE-C83A0D,b872787d-b79f-4cf9-ab66-c3077ce3f7eb,MAS013,10705bc7-8bf9-45c8-bf9f-d2da726574cb,,,
Catálogo organizado,1280,MCN001,,MC,MC NAILS,ADHERENTE CUORE BOND 15ML,Preparadores y adherencia,IMPORTED,c5a9ef08-ac18-4e12-b990-2a804ec219c1,MCN-PRE-6CB7C4,952cc111-5a76-4fe7-b351-d048fd9b4af5,MCN001,9c188863-53af-40e0-9ad7-243483258e4a,,,
Catálogo organizado,1281,MCN002,,MC,MC NAILS,DESHIDRATADOR MC BLISS 15ML,Preparadores y adherencia,IMPORTED,8ee8d2a8-8251-4103-aa7f-53fd1222a07b,MCN-PRE-D7C129,12399fb9-dad1-4187-a632-b4312aa4d360,MCN002,84d27766-64ee-45e1-a50b-e8af0b6cdb8b,,,
Catálogo organizado,1282,MCN031,,MC,MC NAILS,PRIMER MC BLAZE 15ML,Preparadores y adherencia,IMPORTED,7e2eac8d-db33-482e-bf52-bff8186fd251,MCN-PRE-F7B3FA,e3293f93-bb4d-49da-9012-d4aebbaf3e08,MCN031,9820c117-409b-405b-9c73-dd8fb0ccd560,,,
Catálogo organizado,1283,,,LIVING ALADO MAJU,MIA SECRET,NAIL PREP PH BALANCE,Preparadores y adherencia,IMPORTED,f64dfa7d-6f9e-4258-91e0-13094076829c,MIA-PRE-EF86B7,5edb9385-b629-4c14-a0f8-a64d6801eac7,MIA-PRE-EF86B7-UNICA,f4b2412d-b097-42bd-acc8-26837ac7d832,,,
Catálogo organizado,1284,,,LIVING ALADO MAJU,MIA SECRET,XTRABOND PRIMER 15ML,Preparadores y adherencia,IMPORTED,0690cc10-daff-4d9e-9821-451df5c1da22,MIA-PRE-753380,3bee8cb4-9696-4580-9ed3-a879ce66e7af,MIA-PRE-753380-98A00E,26308d25-6218-4cf0-8834-ef2e205db841,,,
Catálogo organizado,1285,ADO002,,MAY,ADORO,UÑAS BLISTER X24 SOBRES NATURAL,Press on y uñas decoradas,IMPORTED,b489ffcd-9da7-47b8-9500-9a228e207e85,ADO-PRE-E94422,f56b510d-7ae1-4b3a-a504-8ffef86354bf,ADO002,aaf99166-54b5-49db-9dcc-eac03c123fc5,,,
Catálogo organizado,1286,ADO001,,MAY,ADORO,UÑAS BLISTER X24 SOBRES TRANSPARENTE,Press on y uñas decoradas,IMPORTED,b489ffcd-9da7-47b8-9500-9a228e207e85,ADO-PRE-E94422,9305bd62-07ca-4e75-bb75-617c5e4f1ab2,ADO001,63acb732-4050-4968-9fd4-805c9ed4cd9b,,,
Catálogo organizado,1287,,BF0465,BEIFA,BEAUTY SKY,UÑAS DECORADAS X10 CAJA ACRILICA,Press on y uñas decoradas,IMPORTED,ba5d1375-b194-4564-9696-7667654c0322,BEA-PRE-BB2752,098125a9-8f92-44f3-8f33-fd6948dab77a,BEA-PRE-BB2752-AB894C,4187c4a6-a843-4361-8f3e-77767fceb772,,,
Catálogo organizado,1288,,2504DS38-17,JEZABELL,BEAUTY TOE NAILS,UÑAS PIES X12 FRANCESAS,Press on y uñas decoradas,IMPORTED,24297d0d-6d67-4b1e-b33b-6ef932584dfe,BEA-PRE-D77688,8005632b-e279-4c6f-ad4f-798524f172ef,BEA-PRE-D77688-C4B054,c54292cb-1c41-4c9d-9853-485833d94091,,,
Catálogo organizado,1289,,257907B,REVEL,BELLESPA,UÑA CUADR. GEL COLOR X24,Press on y uñas decoradas,IMPORTED,ae275f35-b9dd-4c89-ba61-fd12836ff18d,BEL-PRE-83675D,fe497e6e-bb06-4327-9659-eeec8b2b7965,BEL-PRE-83675D-386E6A,e52740b8-bbb5-4f5b-bbc0-247af2b277cc,,,
Catálogo organizado,1290,,CEL-381B,REVEL,BELLESPA,UÑAS CUADR. GEL COLOR X30,Press on y uñas decoradas,IMPORTED,9f233731-73e8-46ab-9b4f-99ea397f58c6,BEL-PRE-800FD5,58d611b2-b539-4201-89bb-bc82cf378c75,BEL-PRE-800FD5-287AC8,05678e66-156e-47a8-96c3-6b7644bded23,,,
Catálogo organizado,1291,,CEL-381A,REVEL,BELLESPA,UÑAS CUADR. GEL COLOR X30,Press on y uñas decoradas,IMPORTED,9f233731-73e8-46ab-9b4f-99ea397f58c6,BEL-PRE-800FD5,44bda175-8d59-4ec6-9c6a-1de023f647e2,BEL-PRE-800FD5-19166D,78ffbe48-8fa5-451f-a670-7ee8e723cd2d,import_distinct,same_supplier_different_codes,"Código de proveedor propio CEL-381A (≠ fila 1290): artículo distinto cuya diferencia descriptiva perdió el Excel; se representa por su referencia."
Catálogo organizado,1292,,R269145,ROSE&LIN,DODO LADY,UÑAS DECORADAS X12  MARIPOSA,Press on y uñas decoradas,IMPORTED,b11674b1-f941-4a3b-8154-e2348d3ec4ed,DOD-PRE-4363AE,01a5fa26-6818-4791-8c71-7ead55ede11b,DOD-PRE-4363AE-45D118,3c135a83-eb15-4d31-b65a-f4dcd7393619,,,
Catálogo organizado,1293,,AG-110,JARUSA,NAILFAIRY,UÑAS ALMENDRA DECOR. x24pza,Press on y uñas decoradas,IMPORTED,1f2ea81e-61d1-4dd0-b51f-8e30c9f1fe72,NAI-PRE-1331E4,c9af4f0c-2a36-4f89-9cfd-1ef4b9ab0de4,NAI-PRE-1331E4-9A4391,3bc05029-0d26-4bd8-81fd-1deea5ded154,,,
Catálogo organizado,1294,,,SHIALER,OTROS,GEL NAIL WRAPS C/ DISEÑO,Press on y uñas decoradas,IMPORTED,289ddeea-b6a5-42f9-a9f1-216bf48aec30,GEN-PRE-0B45F8,29c21d21-3f91-44fe-8a7c-793a7e35fbbb,GEN-PRE-0B45F8-0CE393,69e39bbb-6bb0-4859-9160-3fc9fc4846fe,,,
Catálogo organizado,1295,,,SHIALER,OTROS,GEL NAIL WRAPS COLOR ENTERO,Press on y uñas decoradas,IMPORTED,289ddeea-b6a5-42f9-a9f1-216bf48aec30,GEN-PRE-0B45F8,bfcc9bcb-b6d2-4578-8450-26a0d70cab4d,GEN-PRE-0B45F8-DF320E,ccb51143-4d7b-4035-a8ba-1f0485a29774,,,
Catálogo organizado,1296,OTR178,SS-025,CHINO PUNO,OTROS,LLAVERO DE UÑAS CUADRADO NAT.,Press on y uñas decoradas,IMPORTED,b4018462-91f8-4abc-8063-ebfeb0ba6520,GEN-PRE-828ADB,063ddebb-8644-469a-a758-3626d6b63bb0,OTR178,a745db79-e714-4a31-b3c1-815243386c3e,,,
Catálogo organizado,1297,OTR177,SS-025,CHINO PUNO,OTROS,LLAVERO DE UÑAS CUADRADO TRANS.,Press on y uñas decoradas,IMPORTED,b4018462-91f8-4abc-8063-ebfeb0ba6520,GEN-PRE-828ADB,93f289d1-9e0b-4e1b-95da-acd507424b56,OTR177,2d9d09c0-b87c-4106-8194-867a51c04000,import_distinct,duplicate_supplier_code,"El proveedor reutilizó el código SS-025 para artículos distintos («LLAVERO DE UÑAS CUADRADO TRANS.» vs «LLAVERO DE UÑAS CUADRADO NAT.»); se importa como artículo propio y el código queda registrado solo en la primera oferta."
Catálogo organizado,1298,,,ZINGER,OTROS,MOSTRARIO DE UÑAS BLISTER X10 ALMOND T,Press on y uñas decoradas,IMPORTED,119de053-0bc5-486c-9977-095835629753,GEN-PRE-184772,3340d4b4-2b51-467a-a691-8db0b9c6ddda,GEN-PRE-184772-B56033,812b5a6b-a27a-4427-b1fd-8376f83ae782,,,
Catálogo organizado,1299,,,ZINGER,OTROS,MOSTRARIO DE UÑAS BLISTER X10 BALERINA T,Press on y uñas decoradas,IMPORTED,119de053-0bc5-486c-9977-095835629753,GEN-PRE-184772,afdfcb6b-9f24-48cb-a733-58800f3e57e0,GEN-PRE-184772-75DD77,70a1cb6f-2dff-4a5e-b2b3-dae7b81070a7,,,
Catálogo organizado,1300,,,ZINGER,OTROS,MOSTRARIO DE UÑAS BLISTER X10 STILETO N,Press on y uñas decoradas,IMPORTED,119de053-0bc5-486c-9977-095835629753,GEN-PRE-184772,cf340724-80f9-4a09-8d5f-4c222e22cd4d,GEN-PRE-184772-EBA9C3,96bcbfc6-13d1-4699-b19c-a78938b2bab8,,,
Catálogo organizado,1301,,,JEZABELL,OTROS,UÑAS PIES X24 BLISTER SUELTOS,Press on y uñas decoradas,IMPORTED,253a2a73-67c7-4230-8d83-4c073decdba3,GEN-PRE-39C562,75fd6eb8-5c29-4a2d-b101-99400c5d0372,GEN-PRE-39C562-EEB80D,6ab5efa0-57f1-4c59-a43f-75504f2c0d26,,,
Catálogo organizado,1302,,LA-356,REVEL,REVE'L,UÑA ALMOND COLOR ENTERO X24tips,Press on y uñas decoradas,IMPORTED,7dec0c9f-c226-4600-a261-2c458fb3cfc3,REV-PRE-1CAC61,6ec77656-3379-4f2a-a077-381fe59d2b78,REV-PRE-1CAC61-UNICA,d2ec33e2-4db1-41a1-a150-e86abd947ac5,,,
Catálogo organizado,1303,,LA-354,REVEL,REVE'L,UÑA COFFI C/ DESTELLOS X30tips,Press on y uñas decoradas,IMPORTED,727b90a9-58e0-478b-8701-97fdbfd64c88,REV-PRE-F6CC02,5b2c8b60-70a7-40e5-b4e9-998bd75f5d51,REV-PRE-F6CC02-1A8519,144d74b8-9632-4641-8dac-d3cb1eff9ca9,,,
Catálogo organizado,1304,,LA-146,REVEL,REVE'L,UÑA COFFI MEDIO COLOR ENTERO X24tips,Press on y uñas decoradas,IMPORTED,727b90a9-58e0-478b-8701-97fdbfd64c88,REV-PRE-F6CC02,3222acbc-e91b-47e9-a83f-1bba54f14395,REV-PRE-F6CC02-5C0BDF,fa270dc5-d40d-4489-8d21-5e283b214f72,,,
Catálogo organizado,1305,,LA-353,REVEL,REVE'L,UÑA COFFI SHORT COLOR ENTERO X24tips,Press on y uñas decoradas,IMPORTED,727b90a9-58e0-478b-8701-97fdbfd64c88,REV-PRE-F6CC02,ad02e4bf-4823-4cf1-8b48-781dbca2db97,REV-PRE-F6CC02-6D6AFF,a3f87387-1294-4473-8a6c-71c85efbea75,,,
Catálogo organizado,1306,,LA-139,REVEL,REVE'L,UÑA CUADR. C/ DISEÑO X30tips,Press on y uñas decoradas,IMPORTED,045898de-a7d9-459d-8121-aa2b46595789,REV-PRE-0CC9C5,778c01f9-4001-4db3-bb28-9f7051e8e4f4,REV-PRE-0CC9C5-A83B58,68db40e5-ea52-4975-b198-bd5bed17e7f0,,,
Catálogo organizado,1307,,LA-142,REVEL,REVE'L,UÑA CUADR. C/ ESCARCHA X30tips,Press on y uñas decoradas,IMPORTED,763f9d22-f213-4c7e-869b-77b2b1081e84,REV-PRE-37424E,a62f673d-4f2f-40bd-aff0-003f2ad501bd,REV-PRE-37424E-A83B58,a967df0c-8914-46d1-bfc0-e93b6b6d7fb2,,,
Catálogo organizado,1308,,LA-141,REVEL,REVE'L,UÑA CUADR. COLOR ENTERO X24tips,Press on y uñas decoradas,IMPORTED,dd39068e-5056-463b-834f-8864c9393047,REV-PRE-DAD5EC,5ba61c8d-858c-448f-b9ba-ceff9c1291bb,REV-PRE-DAD5EC-E46314,d5e8570f-7aea-4e97-8d8a-3ff5f27ad2d6,,,
Catálogo organizado,1309,,LA-143,REVEL,REVE'L,UÑA CUADR. COLOR MATTE X24tips,Press on y uñas decoradas,IMPORTED,dd39068e-5056-463b-834f-8864c9393047,REV-PRE-DAD5EC,46a63aa6-17df-4ee0-8d7e-80429a5195a1,REV-PRE-DAD5EC-A6C467,76f007f9-a40a-4e9c-8d1b-9391402a8fe9,,,
Catálogo organizado,1310,,DY-374,CHINO PUNO,ROMANTIC,UÑAS PRESS ON OJO DE GATO,Press on y uñas decoradas,IMPORTED,d79fbb4d-1945-41e1-a62e-e40061bcae76,ROM-PRE-267454,8be00783-4b3f-4e16-bd0f-a5088f456e78,ROM-PRE-267454-UNICA,6b73a1f3-8365-4b27-93ba-3c5ce0b8fd7b,,,
Catálogo organizado,1311,,R269681A,ROSE&LIN,ROSE&LIN,UÑAS CAT EYE X12,Press on y uñas decoradas,IMPORTED,5a090f67-62bc-4d1a-a225-fa4f339286ec,ROS-PRE-B14BE4,32d83c67-2a32-4836-8d8c-5909a1ff835c,ROS-PRE-B14BE4-45D118,c534db3d-bc5f-4b7b-9274-9ef326d77bb0,,,
Catálogo organizado,1312,,R269681F,ROSE&LIN,ROSE&LIN,UÑAS CAT EYE X12,Press on y uñas decoradas,IMPORTED,5a090f67-62bc-4d1a-a225-fa4f339286ec,ROS-PRE-B14BE4,c8c4ff8e-4a3a-4c2a-8b9c-b577a2417884,ROS-PRE-B14BE4-8C3343,9c0f0b75-3bca-4f32-8054-8a16a03b9b4b,import_distinct,same_supplier_different_codes,"Código de proveedor propio R269681F (≠ fila 1311): artículo distinto cuya diferencia descriptiva perdió el Excel; se representa por su referencia."
Catálogo organizado,1313,,R269678B,ROSE&LIN,ROSE&LIN,UÑAS CAT EYE X12,Press on y uñas decoradas,IMPORTED,5a090f67-62bc-4d1a-a225-fa4f339286ec,ROS-PRE-B14BE4,86115ec4-477f-4ebd-ab78-5ce8cc4fe3b3,ROS-PRE-B14BE4-F6B079,f6d5501b-6b73-420d-8315-74e90df7a29a,import_distinct,same_supplier_different_codes,"Código de proveedor propio R269678B (≠ fila 1311): artículo distinto cuya diferencia descriptiva perdió el Excel; se representa por su referencia."
Catálogo organizado,1314,,R269679,ROSE&LIN,ROSE&LIN,UÑAS CAT EYE X12,Press on y uñas decoradas,IMPORTED,5a090f67-62bc-4d1a-a225-fa4f339286ec,ROS-PRE-B14BE4,12af2407-a2bc-414b-aa0e-900b00fcabfa,ROS-PRE-B14BE4-569056,1ecf41f0-88b3-421b-bbf2-51b386a401b7,import_distinct,same_supplier_different_codes,"Código de proveedor propio R269679 (≠ fila 1311): artículo distinto cuya diferencia descriptiva perdió el Excel; se representa por su referencia."
Catálogo organizado,1315,,R269681E,ROSE&LIN,ROSE&LIN,UÑAS CAT EYE X12,Press on y uñas decoradas,IMPORTED,5a090f67-62bc-4d1a-a225-fa4f339286ec,ROS-PRE-B14BE4,664dc1a1-1a91-4314-b221-85ba4484126c,ROS-PRE-B14BE4-EC15EC,f3562352-4d23-493d-9ddb-574cd714249f,import_distinct,same_supplier_different_codes,"Código de proveedor propio R269681E (≠ fila 1311): artículo distinto cuya diferencia descriptiva perdió el Excel; se representa por su referencia."
Catálogo organizado,1316,,R269681D,ROSE&LIN,ROSE&LIN,UÑAS CAT EYE X12,Press on y uñas decoradas,IMPORTED,5a090f67-62bc-4d1a-a225-fa4f339286ec,ROS-PRE-B14BE4,84d8e0db-818b-4987-8cc9-4172026cfc08,ROS-PRE-B14BE4-554A83,f25aa1a6-dd2f-48eb-97c1-62dde99b750a,import_distinct,same_supplier_different_codes,"Código de proveedor propio R269681D (≠ fila 1311): artículo distinto cuya diferencia descriptiva perdió el Excel; se representa por su referencia."
Catálogo organizado,1317,,R269717,ROSE&LIN,ROSE&LIN,UÑAS DECORADAS X12,Press on y uñas decoradas,IMPORTED,3f7c6c75-bf3b-439f-a073-f271379a4785,ROS-PRE-186627,e8575419-b061-4782-babe-7317bd6de08d,ROS-PRE-186627-45D118,d32f344e-cd64-4046-96e9-397ce8003170,,,
Catálogo organizado,1318,,R269719,ROSE&LIN,ROSE&LIN,UÑAS DECORADAS X12,Press on y uñas decoradas,IMPORTED,3f7c6c75-bf3b-439f-a073-f271379a4785,ROS-PRE-186627,94315115-b529-4ccf-9a27-0fd726f405fa,ROS-PRE-186627-E501DA,5bb4f289-4c0c-4753-ad1a-4d310a9133ed,import_distinct,same_supplier_different_codes,"Código de proveedor propio R269719 (≠ fila 1317): artículo distinto cuya diferencia descriptiva perdió el Excel; se representa por su referencia."
Catálogo organizado,1319,,R269213,ROSE&LIN,ROSE&LIN,UÑAS DECORADAS X12  CEREZA,Press on y uñas decoradas,IMPORTED,f24588ea-90e5-45a2-9cae-a9e24eb223b9,ROS-PRE-B482A5,e88a4ac6-b51a-4ae9-9291-653d84f00cfa,ROS-PRE-B482A5-45D118,e8947947-4059-426b-9433-caaf1c96d8ca,,,
Catálogo organizado,1320,,,MAY,MAGICOLORS,POTE 15GR.,Recipientes y accesorios de trabajo,IMPORTED,9734f72b-e965-45de-b7f3-cc36f02ac541,MAG-REC-5DC533,3e047a51-9e64-4883-920f-75df895e4541,MAG-REC-5DC533-56B2F2,22ce966b-8861-46bf-8ca1-46d9fc0325d0,,,
Catálogo organizado,1321,,SHEY-126,MAY,NAIL ART TOOL,MOTEROS C/REPUESTO,Recipientes y accesorios de trabajo,IMPORTED,3cd4179e-d7cf-4629-9ee7-7c39cfa31312,NAI-REC-8C5389,7fd0c0fb-72c1-4a7d-8868-d87b444e298e,NAI-REC-8C5389-UNICA,91a357b6-e7d7-4b74-9b1d-88c34373d29d,,,
Catálogo organizado,1322,OTR004,,MAY,OTROS,ACETONERO GRANDE,Recipientes y accesorios de trabajo,IMPORTED,f1c56ca6-e2a3-4f18-93b7-8e04624ec517,GEN-REC-58E422,d08691a2-2162-43c9-8b3f-c7ef2c16f22e,OTR004,7e187a03-88dc-4ece-83c9-99480810edb6,,,
Catálogo organizado,1323,OTR033,,MAY,OTROS,ALGODONERA METAL,Recipientes y accesorios de trabajo,IMPORTED,38d6fcd4-7f36-46a6-be39-f606aad0ec42,GEN-REC-5C6A88,b83b3bce-8681-4070-8b35-3ac5d5ce26ae,OTR033,b5fe8bb4-89c7-4797-af30-be2b00eef582,,,
Catálogo organizado,1324,BEI002,S/C,BEIFA,OTROS,CABEZAL SINTETICO,Recipientes y accesorios de trabajo,IMPORTED,7ed265ae-5a55-49d2-ae0a-1a5f305a46c2,GEN-REC-C42D30,0fcfd6c3-e6d6-44c2-8d23-aec8d282b59e,BEI002,f6de7b09-caba-4408-9521-533717dc1712,,,
Catálogo organizado,1325,OTR032,,MAY,OTROS,MAQUIPACK X2,Recipientes y accesorios de trabajo,IMPORTED,6b6618c0-e277-45c7-823c-ba1e03f0d2c3,GEN-REC-3FF41C,259ac410-8d0d-48a9-9aa1-b193c062b1d1,OTR032,8519c409-b3b2-4033-9618-0f7fb8f17e94,,,
Catálogo organizado,1326,OTR069,,MAY,OTROS,PORTAPINCEL CORONA,Recipientes y accesorios de trabajo,IMPORTED,3234ba3e-eec6-4a11-b1d9-737f24ab1963,GEN-REC-0512D7,de186724-2734-423b-bd22-e0a0e433e074,OTR069,af97fd71-0fcf-42e6-8745-3de757e8191d,,,
Catálogo organizado,1327,OTR211,,MAY,OTROS,POSATIPS C/DIAMANTE,Recipientes y accesorios de trabajo,IMPORTED,b1ed7af7-7a69-4a21-8b6f-d0903ec83014,GEN-REC-2E39EF,3e5e2c39-ffda-4e4d-8f32-15b7e2939f5a,OTR211,aabffdee-8cf4-4680-a238-c293f894b6f0,,,
Catálogo organizado,1328,OTR110,,MAY,OTROS,VASO DAPEN C/TAPA TORN.,Recipientes y accesorios de trabajo,IMPORTED,3b9fc096-e0ee-4379-8b1d-c6b0aef45637,GEN-REC-98BCD4,4c168e1d-a554-4d94-80e5-8a772c900631,OTR110,de747968-df1c-4462-9cd5-3c6eca92182a,,,
Catálogo organizado,1329,,,YISLU,OTROS,VASO DAPEN ROSADO ECONOMICA,Recipientes y accesorios de trabajo,IMPORTED,f0b3c798-009b-4d50-b631-cad191128d71,GEN-REC-AECCFE,6534f718-b043-4351-a5c6-e0873cf71854,GEN-REC-AECCFE-2A92B9,a9bc7243-ca10-442c-b0d3-4092c324a6a4,,,
Catálogo organizado,1330,OTR012,,MAY,OTROS,VASO DAPEN SIMPLE,Recipientes y accesorios de trabajo,IMPORTED,1f4226cc-2c1f-4c19-ab91-e9c4b8aa8716,GEN-REC-14637A,581baa4e-d64d-48b2-a87a-7867e8e8aff9,OTR012,aaa7ad75-938c-4aaa-a022-df5dadfd3d16,,,
Catálogo organizado,1331,,,MAY,OTROS,VASO PROBETA,Recipientes y accesorios de trabajo,IMPORTED,cd4fdb64-11d0-463f-8b1d-666c79772ac9,GEN-REC-852280,c601b3b4-e2c1-41b0-93ba-359198d6efb7,GEN-REC-852280-UNICA,bd777ee7-0052-4af1-a191-0fa8e23f5828,,,
Catálogo organizado,1332,,,ACRYLOVE,ACRYLOVE,CLEANSER PLUS 4OZ,Remoción y limpieza química,IMPORTED,2e613261-0247-417c-b6fb-5a63338d94d7,ACR-REM-EEDFBC,436a7593-7c27-4c3e-8619-cbb319eae4e5,ACR-REM-EEDFBC-FCED75,3edc0444-f941-4b35-b174-44fb7862333c,,,
Catálogo organizado,1333,ACR029,S/C,MAY,ACRYLOVE,REMOVEDOR ACRILICO 8oz.,Remoción y limpieza química,IMPORTED,1c258ab1-b9ac-41d6-9a5b-b8d13557d513,ACR-REM-EE99FA,36197ac2-cbff-4585-8031-5588cba798ad,ACR029,c71bc1b4-6c45-44f6-9f22-faf36fe2498d,,,
Catálogo organizado,1334,,,WEDOR,CANDY SECRET,REMOVEDOR MAGIC GEL,Remoción y limpieza química,IMPORTED,ce8a488b-6cbf-4f3b-aab4-9880233b5e63,CAN-REM-480F00,91420121-8f78-4076-ac0f-ba15cc85942a,CAN-REM-480F00-UNICA,86d8c0cc-b61f-4b0e-860f-2d3a9bdca760,,,
Catálogo organizado,1335,CHE008,,MAY,CHERIMOYA,BRUSH CLEANER & RESTORER 67gr.,Remoción y limpieza química,IMPORTED,2c804839-506a-4eab-9f8f-2aeaf5ab5562,CHE-REM-81E230,d13f533d-341c-4ec6-9c5a-9c344dc59809,CHE008,ff96a11e-0807-4890-9cc7-f7cf41d4b634,,,
Catálogo organizado,1336,,,MAY,CHERIMOYA,CLEANSER PLUS 110ML,Remoción y limpieza química,IMPORTED,80e99a3d-8032-4c1f-9009-91b311304b11,CHE-REM-EC28F4,a7c412ab-8835-4dd5-8ca8-3c148deb4393,CHE-REM-EC28F4-95C349,9d5567cb-1973-4c89-bbd6-6fd169c722e8,,,
Catálogo organizado,1337,,,MAY,CHERIMOYA,MAGIC REMOVER,Remoción y limpieza química,IMPORTED,7e076229-246a-4680-a7ec-b1fa06f99be8,CHE-REM-4DFCC7,f60d4eb8-7a2f-4bb2-b42b-5153d830b73b,CHE-REM-4DFCC7-UNICA,f8967f89-6866-4870-8ed3-36f68ea75288,,,
Catálogo organizado,1338,KAL001,,MAY,KALIMBO,QUITAESMALTE 1LT,Remoción y limpieza química,IMPORTED,6346aaca-73ba-4f8c-90f8-0d270746824c,KAL-REM-0E5FEA,c80b5160-f5ff-43a3-b94f-47b0223e4342,KAL001,0abe3066-a692-4de7-bff6-e87c9a251648,,,
Catálogo organizado,1339,KAL002,,MAY,KALIMBO,QUITAESMALTE 315ML,Remoción y limpieza química,IMPORTED,6346aaca-73ba-4f8c-90f8-0d270746824c,KAL-REM-0E5FEA,abadd94d-0f9c-445b-a651-39f8ed470794,KAL002,6160d8ab-a57c-4f35-92a7-1b10f9468852,,,
Catálogo organizado,1340,,,LINDA JHADE,KALIMBO,QUITAESMALTE 4 LITROS,Remoción y limpieza química,IMPORTED,8699ad2c-0b6a-4698-b814-36de11d3d87d,KAL-REM-E3B1BE,d089dbae-7eda-4397-81b4-ee321ef53299,KAL-REM-E3B1BE-UNICA,ffbb33c2-7d70-438f-9ca2-445dbbf85dd4,,,
Catálogo organizado,1341,LAC001,,MAY,LACOOPER,QUITAESMALTE 170ML,Remoción y limpieza química,IMPORTED,f3458d05-8fa8-4373-a8f1-ad09b973b790,LAC-REM-BF046D,0f6c8116-7ff2-483c-8e20-0705012d6b91,LAC001,305e6b97-0cff-4fb3-b20b-ea1fb69a2c10,,,
Catálogo organizado,1342,MCN032,,MC,MC NAILS,REMOVEDOR ACRILICO 4oz.,Remoción y limpieza química,IMPORTED,341706b1-4dba-4fa0-ba93-621085c0dbc8,MCN-REM-279E6D,1edebbfd-9195-47de-b7de-837d8d02a98b,MCN032,302f209c-3c0f-4613-bc28-e7571c3f2c28,,,
Catálogo organizado,1343,MCN033,,MC,MC NAILS,REMOVEDOR ACRILICO 8oz.,Remoción y limpieza química,IMPORTED,341706b1-4dba-4fa0-ba93-621085c0dbc8,MCN-REM-279E6D,82d8cb71-9b26-4b4b-8835-a16dfbf06f67,MCN033,4b1e5f21-d4ac-4082-90b6-cdcd2d19f23c,,,
Catálogo organizado,1344,,,MYSTYLE,MYSTYLE,REMOVEDOR ACRILICO 1LT,Remoción y limpieza química,IMPORTED,48df93e4-f556-4598-a7e8-bd978cb4f256,MYS-REM-5EC0FF,fc9cfdcd-d4e1-48ca-a9e8-e9cebcb8e513,MYS-REM-5EC0FF-B58F44,d8a2bc5e-bf12-4425-9671-cbeb943900b3,,,
Catálogo organizado,1345,MYS005,,MYSTYLE,MYSTYLE,REMOVEDOR DE GEL 15ml,Remoción y limpieza química,IMPORTED,765ba731-bc8b-4ae3-8523-3272684bba63,MYS-REM-2DECAD,1f6014fe-61cb-4343-8b2f-362c8073c19e,MYS005,ed854b1a-51fc-45c5-919a-29e2ea852987,,,
Catálogo organizado,1346,,,MYSTYLE,MYSTYLE,REMOVEDOR DE GEL 15ml TAPA FUCSIA,Remoción y limpieza química,IMPORTED,75423c0b-07a3-400f-899a-eabbe5c1c041,MYS-REM-09379D,1d2df55b-560d-4d61-ab0f-9dc5741a0e18,MYS-REM-09379D-98A00E,68eee4bc-e089-4afd-adb5-b727be9179cf,,,
Catálogo organizado,1347,,,WEDOR,NATUHANA,REMOVEDOR NATUHANA,Remoción y limpieza química,IMPORTED,73d63923-0e7a-40b4-9759-40d712be901f,NAT-REM-3253D5,4edb44ca-aa33-4248-88c7-03cffb1f8eec,NAT-REM-3253D5-UNICA,ae199410-f37f-4266-b994-22292578a3dd,,,
Catálogo organizado,1348,,SHEY-133,MAY,OTROS,GANCHO P/RETIRO X10pza,Remoción y limpieza química,IMPORTED,5c9d2fa7-aac9-4565-8eb9-087a8d8549d7,GEN-REM-B7D805,065a17dd-312b-4f00-918a-9adea61d8210,GEN-REM-B7D805-77BB6F,27ebff33-c22c-4f40-b678-cbe43588e190,,,
Catálogo organizado,1349,POR002,,MAY,PORTUGAL,QUITAESMALTE 175ML,Remoción y limpieza química,IMPORTED,b19c536b-f5e3-4962-b356-df33ff13a02e,POR-REM-38DF45,3dd84ce4-a7a1-45e1-a615-3f1eb4463179,POR002,2b1e41d9-f63c-457f-b90c-3936be46dee9,,,
Catálogo organizado,1350,,,MAY,PORTUGAL,QUITAESMALTE 35ML,Remoción y limpieza química,IMPORTED,b19c536b-f5e3-4962-b356-df33ff13a02e,POR-REM-38DF45,a6d9cc94-71c5-4ad3-899c-7afddd9723f4,POR-REM-38DF45-0CE096,522c6fa0-4c78-46bf-9386-2a278d126162,,,
Catálogo organizado,1351,POR001,,MAY,PORTUGAL,QUITAESMALTE 70ML,Remoción y limpieza química,IMPORTED,b19c536b-f5e3-4962-b356-df33ff13a02e,POR-REM-38DF45,5f16f647-48dc-4040-8093-28d1bf3bda94,POR001,638ecca2-7d0d-49b3-b133-2139c5589fe2,,,
Catálogo organizado,1352,,,SHIALER,SAMANTHA,REMOVEDOR DE GEL 10ML,Remoción y limpieza química,IMPORTED,e34319b1-28cd-4833-8ca7-97ad1f745729,SAM-REM-8F9412,46a7bcaf-3ca7-47bb-9378-66252c48721e,SAM-REM-8F9412-95538C,f865184f-db12-4d38-a752-d3e48286f59d,,,
Catálogo organizado,1353,,,SHIALER,SAMANTHA,REMOVEDOR DE GEL 18ML,Remoción y limpieza química,IMPORTED,e34319b1-28cd-4833-8ca7-97ad1f745729,SAM-REM-8F9412,05af11d1-77df-412e-81e3-09924184999a,SAM-REM-8F9412-6E39EB,f118fc81-913b-4517-9ffc-91ae678b521c,,,
Catálogo organizado,1354,ACR041,S/C,MAY,ACRYLOVE,KIT POLVO ACRILICO 7GR. X4pza BEACH,Sistema acrílico: polvos y monómeros,IMPORTED,60279e1d-65c9-4b8b-acdc-31f4f6591a4b,ACR-SIS-76B253,e30a8473-b097-462c-8983-de53dc0fa11a,ACR041,9774d1e8-ec08-47e9-a761-6fea02206a30,,,
Catálogo organizado,1355,ACR042,S/C,MAY,ACRYLOVE,KIT POLVO ACRILICO 7GR. X4pza ESSENTIALS,Sistema acrílico: polvos y monómeros,IMPORTED,60279e1d-65c9-4b8b-acdc-31f4f6591a4b,ACR-SIS-76B253,5ae12c5c-e4de-4852-83dc-ab9165997890,ACR042,6bf35ffe-812c-45e1-a0a7-8d3e2d167122,,,
Catálogo organizado,1356,ACR043,S/C,MAY,ACRYLOVE,KIT POLVO ACRILICO 7GR. X4pza MERLOT,Sistema acrílico: polvos y monómeros,IMPORTED,60279e1d-65c9-4b8b-acdc-31f4f6591a4b,ACR-SIS-76B253,1886e877-4e2b-4c4d-8fcc-1c6249b3f9f4,ACR043,f9988ddd-2453-4f5d-8c1b-62e6b0c14d87,,,
Catálogo organizado,1357,ACR040,S/C,MAY,ACRYLOVE,KIT POLVO ACRILICO 7GR. X4pza NEON,Sistema acrílico: polvos y monómeros,IMPORTED,60279e1d-65c9-4b8b-acdc-31f4f6591a4b,ACR-SIS-76B253,99eb6c6c-e2c7-4bac-bdb1-68a5e788aa92,ACR040,2aa379c0-a2ec-4d45-94fe-fcadacdbdaf1,,,
Catálogo organizado,1358,ACR045,S/C,MAY,ACRYLOVE,KIT POLVO ACRILICO 7GR. X4pza NEON NIGTH,Sistema acrílico: polvos y monómeros,IMPORTED,60279e1d-65c9-4b8b-acdc-31f4f6591a4b,ACR-SIS-76B253,d5b22e24-f11e-4e2d-a473-b274c2614ade,ACR045,62c35f7b-64d0-47ef-9ea9-6d106ce00f5f,,,
Catálogo organizado,1359,ACR046,S/C,MAY,ACRYLOVE,KIT POLVO ACRILICO 7GR. X4pza SKULL,Sistema acrílico: polvos y monómeros,IMPORTED,60279e1d-65c9-4b8b-acdc-31f4f6591a4b,ACR-SIS-76B253,d6ea740b-558a-4a83-af1a-a17d63f36255,ACR046,faa53685-f6cc-4184-a813-5b8fde5ff65f,,,
Catálogo organizado,1360,ACR044,S/C,MAY,ACRYLOVE,KIT POLVO ACRILICO 7GR. X4pza VENDOME,Sistema acrílico: polvos y monómeros,IMPORTED,60279e1d-65c9-4b8b-acdc-31f4f6591a4b,ACR-SIS-76B253,ba612b9c-1306-447d-af5a-dca08eb3b212,ACR044,7d34d845-69e1-466a-8439-7e72d82e0433,,,
Catálogo organizado,1361,ACR047,S/C,MAY,ACRYLOVE,KIT POLVO ACRILICO 7GR. X4pza WONDERLAND,Sistema acrílico: polvos y monómeros,IMPORTED,60279e1d-65c9-4b8b-acdc-31f4f6591a4b,ACR-SIS-76B253,4a2f4f62-6e72-445e-8174-88c0d56a0292,ACR047,d83a884c-3118-4ef5-b2a1-cb3586c7a233,,,
Catálogo organizado,1362,ACR033,S/C,MAY,ACRYLOVE,KIT POLVO ACRILICO 7GR. X5pza 3D SKIN,Sistema acrílico: polvos y monómeros,IMPORTED,60279e1d-65c9-4b8b-acdc-31f4f6591a4b,ACR-SIS-76B253,5a05b223-3117-48db-a815-7aa12449d05f,ACR033,27845335-8c1c-431c-8e83-e3edb8ca5067,,,
Catálogo organizado,1363,ACR034,S/C,MAY,ACRYLOVE,KIT POLVO ACRILICO 7GR. X5pza BURLESQUE,Sistema acrílico: polvos y monómeros,IMPORTED,60279e1d-65c9-4b8b-acdc-31f4f6591a4b,ACR-SIS-76B253,1f77074b-2824-428f-8a4e-cb80774c5669,ACR034,553a5dd2-1d43-4d5e-84d3-bf7a8fd7821e,,,
Catálogo organizado,1364,ACR032,S/C,MAY,ACRYLOVE,KIT POLVO ACRILICO 7GR. X5pza DESERT GARDEN,Sistema acrílico: polvos y monómeros,IMPORTED,60279e1d-65c9-4b8b-acdc-31f4f6591a4b,ACR-SIS-76B253,ae26ca38-35aa-441b-bd80-d34329418a87,ACR032,5b2bd21f-7ffb-4795-83a1-055cc4bb7e21,,,
Catálogo organizado,1365,ACR038,S/C,MAY,ACRYLOVE,KIT POLVO ACRILICO 7GR. X5pza FOLCLORE,Sistema acrílico: polvos y monómeros,IMPORTED,60279e1d-65c9-4b8b-acdc-31f4f6591a4b,ACR-SIS-76B253,a7fbab1c-baef-45f0-b465-f1135531d218,ACR038,aad27dbd-e1ac-4d05-9446-42425a375a16,,,
Catálogo organizado,1366,ACR030,S/C,MAY,ACRYLOVE,KIT POLVO ACRILICO 7GR. X5pza JOYAS,Sistema acrílico: polvos y monómeros,IMPORTED,60279e1d-65c9-4b8b-acdc-31f4f6591a4b,ACR-SIS-76B253,2d57418f-ba58-4d8c-affe-7033b0081841,ACR030,2b62ed67-5ffb-40cc-9fa0-e020424b7f59,,,
Catálogo organizado,1367,ACR037,S/C,MAY,ACRYLOVE,KIT POLVO ACRILICO 7GR. X5pza KALEIDOSCOPE,Sistema acrílico: polvos y monómeros,IMPORTED,60279e1d-65c9-4b8b-acdc-31f4f6591a4b,ACR-SIS-76B253,1d5e0e1e-f5fa-4507-87ef-c181a77d53b9,ACR037,877b508c-ca48-4f6b-a05d-f5f4ed9017cd,,,
Catálogo organizado,1368,ACR031,S/C,MAY,ACRYLOVE,KIT POLVO ACRILICO 7GR. X5pza KATRINA,Sistema acrílico: polvos y monómeros,IMPORTED,60279e1d-65c9-4b8b-acdc-31f4f6591a4b,ACR-SIS-76B253,c39cc02e-37bc-4c93-b812-ca760a472e8e,ACR031,c9d2899d-a0b0-469a-9979-1774d144b8db,,,
Catálogo organizado,1369,ACR039,S/C,MAY,ACRYLOVE,KIT POLVO ACRILICO 7GR. X5pza MONSTER PARTY,Sistema acrílico: polvos y monómeros,IMPORTED,60279e1d-65c9-4b8b-acdc-31f4f6591a4b,ACR-SIS-76B253,f16b31f7-acb5-4c11-840a-bee2ad9bfbf3,ACR039,224f27f8-5771-49e7-919e-02e02807a0aa,,,
Catálogo organizado,1370,ACR036,S/C,MAY,ACRYLOVE,KIT POLVO ACRILICO 7GR. X5pza PINKIE PIE,Sistema acrílico: polvos y monómeros,IMPORTED,60279e1d-65c9-4b8b-acdc-31f4f6591a4b,ACR-SIS-76B253,b23e53f4-8bfa-46e3-85da-8e76f3a20aeb,ACR036,c8d5b71f-9647-493e-8e37-764dd2b728ff,,,
Catálogo organizado,1371,ACR035,S/C,MAY,ACRYLOVE,KIT POLVO ACRILICO 7GR. X5pza QUEEN´S,Sistema acrílico: polvos y monómeros,IMPORTED,60279e1d-65c9-4b8b-acdc-31f4f6591a4b,ACR-SIS-76B253,35a862c4-0413-4408-addc-c0207d1e1123,ACR035,c33a806c-af64-4e36-867a-c0a51d493d0f,,,
Catálogo organizado,1372,ACR026,S/C,MAY,ACRYLOVE,MONOMERO 2oz.,Sistema acrílico: polvos y monómeros,IMPORTED,6f683f6c-e104-4ec3-a2a4-ec3e3469e595,ACR-SIS-2958BA,259ddc5f-80cb-4905-9ceb-6634a840252d,ACR026,990a8536-201d-4ece-bf5b-1b5a2e14e699,,,
Catálogo organizado,1373,,S/C,MAY,ACRYLOVE,MONOMERO 4oz.,Sistema acrílico: polvos y monómeros,IMPORTED,6f683f6c-e104-4ec3-a2a4-ec3e3469e595,ACR-SIS-2958BA,6107661d-9752-420b-8979-42e3f0bfc1dd,ACR-SIS-2958BA-FCED75,9f1a2bef-f780-454e-a82a-6c89fbbd39d3,,,
Catálogo organizado,1374,ACR028,S/C,MAY,ACRYLOVE,MONOMERO 8oz.,Sistema acrílico: polvos y monómeros,IMPORTED,6f683f6c-e104-4ec3-a2a4-ec3e3469e595,ACR-SIS-2958BA,43a10aee-7945-48a5-967f-4267ca5c0145,ACR028,36d033c4-0969-4b3c-81bb-2eba55520f1f,,,
Catálogo organizado,1375,ACR018,S/C,MAY,ACRYLOVE,POLVO ACRILICO 1oz. CLEAR,Sistema acrílico: polvos y monómeros,IMPORTED,251c3a16-67a9-4321-be80-30c0ba0d049e,ACR-SIS-D2A8F8,3222daa0-fecc-4f6b-a777-68f21fe662d6,ACR018,f6752c39-5457-418b-be59-2b25745c31c6,,,
Catálogo organizado,1376,,,ACRYLOVE,ACRYLOVE,POLVO ACRILICO 1oz. MAKEUP INTERNAC #1,Sistema acrílico: polvos y monómeros,IMPORTED,0ec2e6a2-049e-4bd3-a9ba-2699937e0726,ACR-SIS-103257,c79ffe0a-34f5-4372-a015-fea94082eb25,ACR-SIS-103257-BBE5E5,8d606310-e32d-4a66-95b8-3412c6160d65,,,
Catálogo organizado,1377,,,ACRYLOVE,ACRYLOVE,POLVO ACRILICO 1oz. MAKEUP INTERNAC #2,Sistema acrílico: polvos y monómeros,IMPORTED,0ec2e6a2-049e-4bd3-a9ba-2699937e0726,ACR-SIS-103257,8ff6ba97-384b-4dee-8d3b-e946d35264a8,ACR-SIS-103257-034E17,638d2b78-9a53-4df4-b4e1-5c323edbe18d,,,
Catálogo organizado,1378,,,ACRYLOVE,ACRYLOVE,POLVO ACRILICO 1oz. MAKEUP INTERNAC #6,Sistema acrílico: polvos y monómeros,IMPORTED,0ec2e6a2-049e-4bd3-a9ba-2699937e0726,ACR-SIS-103257,af6048a4-1037-44d4-9922-557253ad323a,ACR-SIS-103257-4B8B5D,46f511a5-0fb0-47c2-95e6-c781ca3afef7,,,
Catálogo organizado,1379,ACR019,S/C,MAY,ACRYLOVE,POLVO ACRILICO 1oz. PINK,Sistema acrílico: polvos y monómeros,IMPORTED,251c3a16-67a9-4321-be80-30c0ba0d049e,ACR-SIS-D2A8F8,4b4f9471-1e96-448b-a473-bf91b7e942af,ACR019,b15922bc-a9cd-4560-9ce6-d8dbfbafe946,,,
Catálogo organizado,1380,ACR020,S/C,MAY,ACRYLOVE,POLVO ACRILICO 1oz. WHITE,Sistema acrílico: polvos y monómeros,IMPORTED,251c3a16-67a9-4321-be80-30c0ba0d049e,ACR-SIS-D2A8F8,39c9b5d6-9aa0-427f-881b-47f2e88e725d,ACR020,d99d1bcb-0353-4324-ac70-c2ea366ab546,,,
Catálogo organizado,1381,ACR017,S/C,MAY,ACRYLOVE,POLVO ACRILICO 2oz. CLEAR,Sistema acrílico: polvos y monómeros,IMPORTED,251c3a16-67a9-4321-be80-30c0ba0d049e,ACR-SIS-D2A8F8,ed7e4933-1707-4bba-9c87-cb89cb0a89d8,ACR017,bcd7d19f-9702-4431-9bfe-5de705db9b3d,,,
Catálogo organizado,1382,ACR001,S/C,MAY,ACRYLOVE,POLVO ACRILICO 2oz. COVER N.1,Sistema acrílico: polvos y monómeros,IMPORTED,251c3a16-67a9-4321-be80-30c0ba0d049e,ACR-SIS-D2A8F8,0a3ed5a6-89fa-42b0-ac68-08d33b64c80d,ACR001,df8d5217-fba7-4be3-bcd2-6d67b687b500,,,
Catálogo organizado,1383,ACR010,S/C,MAY,ACRYLOVE,POLVO ACRILICO 2oz. COVER N.10,Sistema acrílico: polvos y monómeros,IMPORTED,251c3a16-67a9-4321-be80-30c0ba0d049e,ACR-SIS-D2A8F8,af5a2193-8cd2-4ad0-b687-91ba671cd096,ACR010,e33e1021-bb52-4168-bd8c-883adbfc449c,,,
Catálogo organizado,1384,ACR011,S/C,MAY,ACRYLOVE,POLVO ACRILICO 2oz. COVER N.11,Sistema acrílico: polvos y monómeros,IMPORTED,251c3a16-67a9-4321-be80-30c0ba0d049e,ACR-SIS-D2A8F8,c3e70d76-ee00-4f3f-adee-384259b5ca93,ACR011,ecd55c72-58ec-48b5-be0f-9a60386fc72d,,,
Catálogo organizado,1385,ACR012,S/C,MAY,ACRYLOVE,POLVO ACRILICO 2oz. COVER N.12,Sistema acrílico: polvos y monómeros,IMPORTED,251c3a16-67a9-4321-be80-30c0ba0d049e,ACR-SIS-D2A8F8,ba066f4c-a153-46bf-b8c4-a4b3749f745e,ACR012,5b007fec-fcf2-4ca1-9cb8-9017bf985e93,,,
Catálogo organizado,1386,ACR013,S/C,MAY,ACRYLOVE,POLVO ACRILICO 2oz. COVER N.13,Sistema acrílico: polvos y monómeros,IMPORTED,251c3a16-67a9-4321-be80-30c0ba0d049e,ACR-SIS-D2A8F8,1d3b1144-6ef8-4573-8794-bd7dcc358f60,ACR013,ec7d7ea4-fd5b-498a-a0b9-1aeb84915494,,,
Catálogo organizado,1387,ACR014,S/C,MAY,ACRYLOVE,POLVO ACRILICO 2oz. COVER N.14,Sistema acrílico: polvos y monómeros,IMPORTED,251c3a16-67a9-4321-be80-30c0ba0d049e,ACR-SIS-D2A8F8,eacb7260-4b0c-4f18-9d48-7ef14869e6d7,ACR014,754fd5f2-6ea9-45f1-96a8-2dab6425b2e7,,,
Catálogo organizado,1388,ACR015,S/C,MAY,ACRYLOVE,POLVO ACRILICO 2oz. COVER N.15,Sistema acrílico: polvos y monómeros,IMPORTED,251c3a16-67a9-4321-be80-30c0ba0d049e,ACR-SIS-D2A8F8,4d5f8823-bfe6-45ed-aaca-467b3fb5210e,ACR015,d7955c0f-2858-4fe4-be9c-bc8406e35f8f,,,
Catálogo organizado,1389,ACR016,S/C,MAY,ACRYLOVE,POLVO ACRILICO 2oz. COVER N.16,Sistema acrílico: polvos y monómeros,IMPORTED,251c3a16-67a9-4321-be80-30c0ba0d049e,ACR-SIS-D2A8F8,daf7971c-0b67-4b52-901f-ed06f64f6a65,ACR016,535d35e1-0a38-4c0d-80c4-da13a8de0275,,,
Catálogo organizado,1390,ACR002,S/C,MAY,ACRYLOVE,POLVO ACRILICO 2oz. COVER N.2,Sistema acrílico: polvos y monómeros,IMPORTED,251c3a16-67a9-4321-be80-30c0ba0d049e,ACR-SIS-D2A8F8,cd69f96e-1053-497a-8ebc-3631960b37d2,ACR002,e259d9f6-abc6-4c76-bd8b-9e031bb4b470,,,
Catálogo organizado,1391,ACR003,S/C,MAY,ACRYLOVE,POLVO ACRILICO 2oz. COVER N.3,Sistema acrílico: polvos y monómeros,IMPORTED,251c3a16-67a9-4321-be80-30c0ba0d049e,ACR-SIS-D2A8F8,c10320e1-3054-4b73-a8dc-a9497e401625,ACR003,928e3352-3f13-4959-bd6e-ebea5948c1ac,,,
Catálogo organizado,1392,ACR004,S/C,MAY,ACRYLOVE,POLVO ACRILICO 2oz. COVER N.4,Sistema acrílico: polvos y monómeros,IMPORTED,251c3a16-67a9-4321-be80-30c0ba0d049e,ACR-SIS-D2A8F8,e18f4a48-06ed-4288-bef5-ddbb4e7fffdf,ACR004,6f43757f-c57e-4c99-8e0d-f0a868f47b8f,,,
Catálogo organizado,1393,ACR005,S/C,MAY,ACRYLOVE,POLVO ACRILICO 2oz. COVER N.5,Sistema acrílico: polvos y monómeros,IMPORTED,251c3a16-67a9-4321-be80-30c0ba0d049e,ACR-SIS-D2A8F8,e5cfa860-6808-4321-9dcc-bbcb5ac6b293,ACR005,31bb7966-3728-42e3-8b89-6cae0e89a74b,,,
Catálogo organizado,1394,ACR006,S/C,MAY,ACRYLOVE,POLVO ACRILICO 2oz. COVER N.6,Sistema acrílico: polvos y monómeros,IMPORTED,251c3a16-67a9-4321-be80-30c0ba0d049e,ACR-SIS-D2A8F8,b59060df-f12f-4f92-92dd-959fa291574e,ACR006,11d23217-65f8-42ad-976e-cb49d7000530,,,
Catálogo organizado,1395,ACR007,S/C,MAY,ACRYLOVE,POLVO ACRILICO 2oz. COVER N.7,Sistema acrílico: polvos y monómeros,IMPORTED,251c3a16-67a9-4321-be80-30c0ba0d049e,ACR-SIS-D2A8F8,35e746fc-dfd9-4741-a79c-e90cfa74065d,ACR007,9d1daf16-10e6-4313-b8cb-b379bcf38aa3,,,
Catálogo organizado,1396,ACR008,S/C,MAY,ACRYLOVE,POLVO ACRILICO 2oz. COVER N.8,Sistema acrílico: polvos y monómeros,IMPORTED,251c3a16-67a9-4321-be80-30c0ba0d049e,ACR-SIS-D2A8F8,6b5ce485-542c-4d9c-8a4a-42318389c297,ACR008,2820c922-5d79-4cae-82de-2f34a503efc5,,,
Catálogo organizado,1397,ACR009,S/C,MAY,ACRYLOVE,POLVO ACRILICO 2oz. COVER N.9,Sistema acrílico: polvos y monómeros,IMPORTED,251c3a16-67a9-4321-be80-30c0ba0d049e,ACR-SIS-D2A8F8,5d0befbe-7ea3-40e3-8757-58b6810fee3b,ACR009,5ce99580-e68a-4ecc-b220-feed545de05b,,,
Catálogo organizado,1398,,,MAY,CHERIMOYA,KIT ACRILICO EN CAJA VERDE,Sistema acrílico: polvos y monómeros,IMPORTED,f8b613d8-0da7-46be-bf39-b66c8ee4a225,CHE-SIS-2D28E7,803acfe1-8401-47e6-98a8-d6a86063290c,CHE-SIS-2D28E7-B794D0,a4753eb9-19e5-4383-8eae-19c9ef2eb49d,,,
Catálogo organizado,1399,CHE007,,MAY,CHERIMOYA,MONOMERO 100ML,Sistema acrílico: polvos y monómeros,IMPORTED,3c01a650-b138-4ac5-90b0-f79aac9a9035,CHE-SIS-C15709,b57138e5-f5ca-4a8f-a44b-29f809f5d69c,CHE007,a21dd91f-c218-4a9c-855a-af9528d6943e,,,
Catálogo organizado,1400,CHE028,,MAY,CHERIMOYA,MONOMERO 500ML,Sistema acrílico: polvos y monómeros,IMPORTED,3c01a650-b138-4ac5-90b0-f79aac9a9035,CHE-SIS-C15709,4b2af019-27fe-4e93-8d04-25399b1a1d0a,CHE028,733233f7-a688-4654-998c-350718ad2855,,,
Catálogo organizado,1401,,,MAY,CHERIMOYA,MONOMERO 50ML,Sistema acrílico: polvos y monómeros,IMPORTED,3c01a650-b138-4ac5-90b0-f79aac9a9035,CHE-SIS-C15709,93c0bdeb-f550-4f61-a2bd-e153f058b4ca,CHE-SIS-C15709-CF506F,92ba9a5f-fd7f-4fa2-8cba-fe0ace286146,,,
Catálogo organizado,1402,,,MAY,CHERIMOYA,POLVO ACRILICO 30gr. CLEAR,Sistema acrílico: polvos y monómeros,IMPORTED,2886c892-0f48-48d7-919f-8551131be783,CHE-SIS-47EC19,0fbb147e-5708-4679-95ad-d72d1013a177,CHE-SIS-47EC19-F320F0,1b7068af-9cd2-4e35-b07d-c287d518490b,,,
Catálogo organizado,1403,CHE027,,MAY,CHERIMOYA,POLVO ACRILICO 30gr. COVER PEACH,Sistema acrílico: polvos y monómeros,IMPORTED,0bf7a2e7-bf9a-424b-b557-b33c9a7f95ab,CHE-SIS-9B9E24,0d9e8d2f-0a32-43b5-aad8-fd2e8db8b0e7,CHE027,87b8e190-4f08-44a0-a7e5-d25f9fd1ff8e,,,
Catálogo organizado,1404,,,MAY,CHERIMOYA,POLVO ACRILICO 30gr. COVER ROSE,Sistema acrílico: polvos y monómeros,IMPORTED,0bf7a2e7-bf9a-424b-b557-b33c9a7f95ab,CHE-SIS-9B9E24,d172a965-309c-4e51-8cd9-3fcb6eb6ca2b,CHE-SIS-9B9E24-D33110,f9d5c547-5e45-4999-8841-7aa3754d45d4,,,
Catálogo organizado,1405,CHE026,,MAY,CHERIMOYA,POLVO ACRILICO 30gr. NUDE PINK,Sistema acrílico: polvos y monómeros,IMPORTED,2886c892-0f48-48d7-919f-8551131be783,CHE-SIS-47EC19,ff121712-959a-4866-8986-81294e0f2844,CHE026,68aa498b-77b3-453d-8b67-9279dc6a2e93,,,
Catálogo organizado,1406,MAS005,,MAY,MASGLO,POLVO ACRILICO 113GR. CHAMPAGNE,Sistema acrílico: polvos y monómeros,IMPORTED,78d44ef9-f19f-4b15-b192-c6cee119c485,MAS-SIS-32A06E,e50021c0-62cf-4e72-9061-126a6d73fb84,MAS005,fe68c6a5-1588-4674-bfd1-e5e58b36148b,,,
Catálogo organizado,1407,MAS006,,MAY,MASGLO,POLVO ACRILICO 113GR. CLEAR,Sistema acrílico: polvos y monómeros,IMPORTED,8ffef33d-8017-4183-9da4-75c6b2e312e1,MAS-SIS-47C01E,4ca3774e-6057-446f-8b7a-775d43e99793,MAS006,ffd28551-ff0d-44a0-9302-bc88562ccf69,,,
Catálogo organizado,1408,MAS004,,MAY,MASGLO,POLVO ACRILICO 227GR. CLEAR,Sistema acrílico: polvos y monómeros,IMPORTED,8ffef33d-8017-4183-9da4-75c6b2e312e1,MAS-SIS-47C01E,bd73d3af-1744-4924-854c-84fa2f6f312b,MAS004,364129c2-00f4-4de6-8acc-f463eeaf93e1,,,
Catálogo organizado,1409,MAS009,,MAY,MASGLO,POLVO ACRILICO 23GR. CHAMPAGNE,Sistema acrílico: polvos y monómeros,IMPORTED,78d44ef9-f19f-4b15-b192-c6cee119c485,MAS-SIS-32A06E,6e3a2ae6-2557-42c5-b126-0e4c4e4267cd,MAS009,3d5fae17-0bbd-477b-a78f-3fb1918729f2,,,
Catálogo organizado,1410,MAS010,,MAY,MASGLO,POLVO ACRILICO 23GR. CLEAR,Sistema acrílico: polvos y monómeros,IMPORTED,8ffef33d-8017-4183-9da4-75c6b2e312e1,MAS-SIS-47C01E,ad016582-72a4-4323-955e-eaa7a982a8fa,MAS010,d3c9022a-502e-455a-a8e9-301a85fb5358,,,
Catálogo organizado,1411,MAS011,,MAY,MASGLO,POLVO ACRILICO 23GR. CORAL,Sistema acrílico: polvos y monómeros,IMPORTED,8ffef33d-8017-4183-9da4-75c6b2e312e1,MAS-SIS-47C01E,89d5a0ad-8540-44e7-bbf5-eeee4da2b448,MAS011,502b77aa-3db6-4ad8-8e08-edca01dd0a85,,,
Catálogo organizado,1412,MAS007,,MAY,MASGLO,POLVO ACRILICO 57GR. CHAMPAGNE,Sistema acrílico: polvos y monómeros,IMPORTED,78d44ef9-f19f-4b15-b192-c6cee119c485,MAS-SIS-32A06E,5c999c91-760d-4dc7-af8c-9ffaf9513590,MAS007,0df9af56-2bf4-44f5-bfff-8dabc211ef53,,,
Catálogo organizado,1413,MAS008,,MAY,MASGLO,POLVO ACRILICO 57GR. CLEAR,Sistema acrílico: polvos y monómeros,IMPORTED,8ffef33d-8017-4183-9da4-75c6b2e312e1,MAS-SIS-47C01E,e36dfbfc-fc44-40f0-abd7-f5aedcc35214,MAS008,618adb7f-2df5-427c-88c6-0423de99d875,,,
Catálogo organizado,1414,,,MC,MC NAILS,MONOMERO 16oz. 480ml,Sistema acrílico: polvos y monómeros,IMPORTED,831fb8c2-a282-4c21-8179-581d74cb1460,MCN-SIS-59413F,0586fa87-8078-49c2-ad37-30986360fe04,MCN-SIS-59413F-E6AD56,9e4a384d-8169-41ff-8520-ec406560a384,,,
Catálogo organizado,1415,MCN009,,MC,MC NAILS,MONOMERO 1oz. 30ml,Sistema acrílico: polvos y monómeros,IMPORTED,831fb8c2-a282-4c21-8179-581d74cb1460,MCN-SIS-59413F,24c27a0b-63e6-4e60-b144-ab916354b9b7,MCN009,709b3d90-d53d-42b2-8f74-e05e13405056,,,
Catálogo organizado,1416,MCN010,,MC,MC NAILS,MONOMERO 2oz. 60ml,Sistema acrílico: polvos y monómeros,IMPORTED,831fb8c2-a282-4c21-8179-581d74cb1460,MCN-SIS-59413F,d336474f-571a-431b-aafb-b2355a9bd6e8,MCN010,b583c60a-7831-4aaf-8ead-3ba64138de79,,,
Catálogo organizado,1417,MCN011,,MC,MC NAILS,MONOMERO 4oz. 120ml,Sistema acrílico: polvos y monómeros,IMPORTED,831fb8c2-a282-4c21-8179-581d74cb1460,MCN-SIS-59413F,21a452bf-0163-4287-8b09-7c7f8405c351,MCN011,2dabca21-b6de-4653-ad11-927bea93cd26,,,
Catálogo organizado,1418,MCN012,,MC,MC NAILS,MONOMERO 8oz. 240ml,Sistema acrílico: polvos y monómeros,IMPORTED,831fb8c2-a282-4c21-8179-581d74cb1460,MCN-SIS-59413F,1285336c-648e-448c-b0d8-e685da414660,MCN012,775881f1-6956-4ce8-a144-072a26bcdd50,,,
Catálogo organizado,1419,,,MAY,MC NAILS,MONOMERO CON OLOR 4oz. 120ml.,Sistema acrílico: polvos y monómeros,IMPORTED,8c4cdac1-d6b0-4ebc-859a-0eb279575f38,MCN-SIS-169497,70615ac8-ff95-48d0-ae14-80997f51390c,MCN-SIS-169497-3B3C53,1ad276de-62a1-4735-9f7a-cf9e537130c8,,,
Catálogo organizado,1420,,,MAY,MC NAILS,MONOMERO CON OLOR 8oz. 240ml.,Sistema acrílico: polvos y monómeros,IMPORTED,8c4cdac1-d6b0-4ebc-859a-0eb279575f38,MCN-SIS-169497,927e2188-61b8-4970-b851-e9309399c76c,MCN-SIS-169497-2BC200,cae98dde-3ec3-45cc-912d-157e3e7364f0,,,
Catálogo organizado,1421,MCN015,,MC,MC NAILS,POLVO ACRILICO 1OZ KING COLOR 8,Sistema acrílico: polvos y monómeros,IMPORTED,29c9d6e7-06ed-41e9-9331-bb08fd190491,MCN-SIS-55882A,245f3a53-ad0f-4fd2-a1e2-b00a26b784a2,MCN015,ee2088b3-ea14-4b7b-a642-24530c6636d0,,,
Catálogo organizado,1422,MCN016,,MC,MC NAILS,POLVO ACRILICO 1OZ TALAVERA 1,Sistema acrílico: polvos y monómeros,IMPORTED,29c9d6e7-06ed-41e9-9331-bb08fd190491,MCN-SIS-55882A,cba05c2c-615f-4aba-b6a9-320271132fa1,MCN016,d1a82294-bb57-479d-9286-74a723180495,,,
Catálogo organizado,1423,MCN017,,MC,MC NAILS,POLVO ACRILICO 1OZ TALAVERA 2,Sistema acrílico: polvos y monómeros,IMPORTED,29c9d6e7-06ed-41e9-9331-bb08fd190491,MCN-SIS-55882A,d50d8440-cc6c-4ff6-9bca-53b019813569,MCN017,ccdb931e-f55b-45a4-b10d-478b2df78441,,,
Catálogo organizado,1424,MCN018,,MC,MC NAILS,POLVO ACRILICO 1OZ TALAVERA 3,Sistema acrílico: polvos y monómeros,IMPORTED,29c9d6e7-06ed-41e9-9331-bb08fd190491,MCN-SIS-55882A,c5a0d11e-7811-46c6-ae6f-9431daaa53b0,MCN018,bd00e4fe-73ec-4a15-b7bf-e6a35d7cef90,,,
Catálogo organizado,1425,MCN019,,MC,MC NAILS,POLVO ACRILICO 1OZ TALAVERA 4,Sistema acrílico: polvos y monómeros,IMPORTED,29c9d6e7-06ed-41e9-9331-bb08fd190491,MCN-SIS-55882A,82372b07-8d83-4ec7-997e-ebca3d77ce2e,MCN019,aafebc2c-1d34-4a1a-ad3c-539eea62c8d1,,,
Catálogo organizado,1426,MCN020,,MC,MC NAILS,POLVO ACRILICO 1OZ TALAVERA 5,Sistema acrílico: polvos y monómeros,IMPORTED,29c9d6e7-06ed-41e9-9331-bb08fd190491,MCN-SIS-55882A,25418784-1ebc-4a05-bdca-525970ed51a9,MCN020,87c615d2-2695-4039-9d4d-2f3915c05d63,,,
Catálogo organizado,1427,MCN021,,MC,MC NAILS,POLVO ACRILICO 1OZ TALAVERA 6,Sistema acrílico: polvos y monómeros,IMPORTED,29c9d6e7-06ed-41e9-9331-bb08fd190491,MCN-SIS-55882A,083754e4-0ebe-4a7b-bd08-d220441cc9a3,MCN021,0efb1cfa-0393-4ebf-9fb8-0d5c7cb4973f,,,
Catálogo organizado,1428,MCN022,,MC,MC NAILS,POLVO ACRILICO 1OZ TALAVERA 7,Sistema acrílico: polvos y monómeros,IMPORTED,29c9d6e7-06ed-41e9-9331-bb08fd190491,MCN-SIS-55882A,e67dc4f4-5c24-4dcd-80ba-8a389b82456b,MCN022,f4dae8e2-9d49-41a9-a59e-b87354ecbf5e,,,
Catálogo organizado,1429,MCN013,,MC,MC NAILS,POLVO ACRILICO FLEX 1/2oz CLEAR,Sistema acrílico: polvos y monómeros,IMPORTED,d7b4ce0a-c0a2-44ce-8c14-f6456e3790f4,MCN-SIS-773791,0d3219a9-8d88-4dd2-8d3c-84dccf8dd0c8,MCN013,9243edab-834f-41a2-9acc-5dd47a3f92b9,,,
Catálogo organizado,1430,MCN014,,MC,MC NAILS,POLVO ACRILICO FLEX 1/2oz WHITE,Sistema acrílico: polvos y monómeros,IMPORTED,03eb1a1c-6a8d-46d0-8580-336997cb7f14,MCN-SIS-A046F8,7cc7641b-0e4f-4101-ac87-7e19c9fa5e71,MCN014,9b0c23ed-e2db-46ec-9915-8d9c876194bc,,,
Catálogo organizado,1431,MCN023,,MC,MC NAILS,POLVO ACRILICO FLEX 1oz. CLEAR,Sistema acrílico: polvos y monómeros,IMPORTED,d7b4ce0a-c0a2-44ce-8c14-f6456e3790f4,MCN-SIS-773791,a6664dcb-3358-48c1-b1ac-bec8c60be932,MCN023,90aac431-392d-4fbe-bad2-fe6080cf9679,,,
Catálogo organizado,1432,MCN024,,MC,MC NAILS,POLVO ACRILICO FLEX 1oz. PINK,Sistema acrílico: polvos y monómeros,IMPORTED,63dfbce3-4db4-45b9-bcf2-297b6ff697ff,MCN-SIS-EF013F,2b61fabb-619c-4676-9ebb-4ddbb79d46a0,MCN024,4889a041-74b1-4259-b435-c5f2eba1db20,,,
Catálogo organizado,1433,MCN025,,MC,MC NAILS,POLVO ACRILICO FLEX 1oz. WHITE,Sistema acrílico: polvos y monómeros,IMPORTED,03eb1a1c-6a8d-46d0-8580-336997cb7f14,MCN-SIS-A046F8,bbaa2050-137b-4ac7-a3dc-8e17195858e6,MCN025,92a5592a-3ee6-4022-8b40-d0b5872b5994,,,
Catálogo organizado,1434,MCN026,,MC,MC NAILS,POLVO ACRILICO FLEX 2oz. CLEAR,Sistema acrílico: polvos y monómeros,IMPORTED,d7b4ce0a-c0a2-44ce-8c14-f6456e3790f4,MCN-SIS-773791,318f85e0-7a3c-4cf9-9415-92416f098f64,MCN026,28a7b938-1155-4939-874f-8405cacd6ff1,,,
Catálogo organizado,1435,MCN027,,MC,MC NAILS,POLVO ACRILICO FLEX 2oz. PINK,Sistema acrílico: polvos y monómeros,IMPORTED,63dfbce3-4db4-45b9-bcf2-297b6ff697ff,MCN-SIS-EF013F,627417a7-95ce-423c-a43e-6d5ea60cf49e,MCN027,f3eee178-4298-42ef-a0ab-7dc465db598b,,,
Catálogo organizado,1436,MCN028,,MC,MC NAILS,POLVO ACRILICO FLEX 2oz. WHITE,Sistema acrílico: polvos y monómeros,IMPORTED,03eb1a1c-6a8d-46d0-8580-336997cb7f14,MCN-SIS-A046F8,8767adb3-7691-4de5-8815-6afd0544ef2d,MCN028,0efcb6c6-8eb9-4b7f-90c5-66c38a66ef55,,,
Catálogo organizado,1437,MCN029,,MC,MC NAILS,POLVO ACRILICO FLEX 4oz. CLEAR,Sistema acrílico: polvos y monómeros,IMPORTED,d7b4ce0a-c0a2-44ce-8c14-f6456e3790f4,MCN-SIS-773791,f6980e5d-9de5-4b4d-8f59-f5981fd28997,MCN029,b2c98576-1e0d-4e3d-83be-ada4dcbd46cf,,,
Catálogo organizado,1438,,,LIVING ALADO MAJU,MIA SECRET,POLVO ACRILICO MULTIBALANCE NATURAL PINK 1OZ.,Sistema acrílico: polvos y monómeros,IMPORTED,b8b83d4e-c64e-4f09-8cb2-07d28f0601cf,MIA-SIS-BE52CE,b9c3edc0-ec1b-4836-a028-b32e38b5d4ee,MIA-SIS-BE52CE-6073D0,f0e7f6d7-9d1c-4195-8639-ef3dc75f46ac,,,
Catálogo organizado,1439,,,MYSTYLE,MYSTYLE,POLVO ACRILICO 230GR,Sistema acrílico: polvos y monómeros,IMPORTED,a2bd33b6-abf5-48f7-82e5-3d33cdb3773a,MYS-SIS-D30483,74edc10f-fb7b-4bc9-849d-7ba97c5a4023,MYS-SIS-D30483-53ED2F,84d908eb-293e-4f0d-8ed4-2f47bb6e3e46,,,
Catálogo organizado,1440,OTR218,SS-151,CHINO PUNO,OTROS,CORONA P/MONOMERO VIDRIO,Sistema acrílico: polvos y monómeros,IMPORTED,13504547-eabb-4441-b3ce-60870d2c0713,GEN-SIS-0687B8,2c4d9d47-d64b-4b88-97e5-f2a823297ea6,OTR218,e9b257f5-787b-4bee-a08c-8f9a3378c2d3,,,
Catálogo organizado,1441,OTR134,,MAY,OTROS,MINI POLVOS ACRILICOS X12 CLEAR,Sistema acrílico: polvos y monómeros,IMPORTED,4c2d196b-bd6c-4489-b0d0-04c2b954e82e,GEN-SIS-FD2ED7,b748c4d8-56a7-4600-811a-b56507ae16f7,OTR134,87a7a5fc-2792-4348-8857-a6501133f765,,,
Catálogo organizado,1442,OTR135,,MAY,OTROS,MINI POLVOS ACRILICOS X12 NUDE,Sistema acrílico: polvos y monómeros,IMPORTED,4c2d196b-bd6c-4489-b0d0-04c2b954e82e,GEN-SIS-FD2ED7,b167ee1e-3108-4ffe-9d8d-6cd5b5f1ab7a,OTR135,8d2a7293-2666-43b6-8327-15ad0c40acfd,,,
Catálogo organizado,1443,,,MAY,OTROS,MINI POLVOS ACRILICOS X12 PASTELES,Sistema acrílico: polvos y monómeros,IMPORTED,4c2d196b-bd6c-4489-b0d0-04c2b954e82e,GEN-SIS-FD2ED7,39681c6f-c211-4e87-a963-a103825a15db,GEN-SIS-FD2ED7-AD5E37,af69001c-d2db-4655-95dd-a65aef5aded3,,,
Catálogo organizado,1444,OTR133,,MAY,OTROS,MINI POLVOS ACRILICOS X12 PAYASOS,Sistema acrílico: polvos y monómeros,IMPORTED,4c2d196b-bd6c-4489-b0d0-04c2b954e82e,GEN-SIS-FD2ED7,0dfd5dfd-61ed-4b7f-95ac-c0b6e0f5fb52,OTR133,b607c88f-8d3c-4782-9119-8ebc90137ad9,,,
Catálogo organizado,1445,OTR136,,MAY,OTROS,MINI POLVOS ACRILICOS X12 WHITE,Sistema acrílico: polvos y monómeros,IMPORTED,4c2d196b-bd6c-4489-b0d0-04c2b954e82e,GEN-SIS-FD2ED7,e381a89b-f1b2-4ab2-8233-72f4c8f81be0,OTR136,ebead3c7-90e2-449d-92cb-00108837c0e2,,,
Catálogo organizado,1446,,,MAY,WAPIZIMA,ACRILICO COVER QUEEN 2oz.,Sistema acrílico: polvos y monómeros,IMPORTED,bfa913fe-e4d2-406b-95fe-20f2cc3f146e,WAP-SIS-F28187,c0a474b6-35c8-43e2-9201-e4d02729f1e1,WAP-SIS-F28187-AE1F60,a4fac1b5-6d83-4fc4-9f12-0c6e97e8830f,,,
Catálogo organizado,1447,,,MAY,WAPIZIMA,ACRILICO COVER TAPAROSA 2oz.,Sistema acrílico: polvos y monómeros,IMPORTED,bfa913fe-e4d2-406b-95fe-20f2cc3f146e,WAP-SIS-F28187,33d04200-1544-4ca6-8448-586558ddc3c3,WAP-SIS-F28187-B388C5,7e10ec2a-95f2-4068-ad13-f1d7a742834d,,,
Catálogo organizado,1448,,,MAY,WAPIZIMA,ACRILICO NUDE BEACH GLITER 1oz.,Sistema acrílico: polvos y monómeros,IMPORTED,0f603ac0-1502-40ae-891d-c55700ea5534,WAP-SIS-E5912B,95e209ba-050d-4291-86ee-ebcbfccfb3e6,WAP-SIS-E5912B-3AED5F,03fb6cf5-04e6-4f40-b244-797cc5317c0c,,,
Catálogo organizado,1449,,,MAY,WAPIZIMA,ACRILICO ROSE GOLD  1 Y 2,Sistema acrílico: polvos y monómeros,IMPORTED,68574678-de9f-4e0d-a5b1-7328f46ea9b4,WAP-SIS-C7E17B,16c711fa-1897-4048-829d-b522e70ef7fd,WAP-SIS-C7E17B-UNICA,dae1af0d-71d2-4a46-b53f-7cbf4fd0b7d8,,,
Catálogo organizado,1450,,,ACRYLOVE,ACRYLOVE,GELLY TIPS ALMOND X288,"Soft gel, press gel y adhesivos para uñas",IMPORTED,ad397c41-d6c2-42e5-a9ac-0eaa6dc72d10,ACR-SOF-3EFABF,3ce99cd2-79d4-4078-92c7-e61e8b606a76,ACR-SOF-3EFABF-D37959,8dea491c-d598-4e38-bf72-e8e346461553,,,
Catálogo organizado,1451,,MR-1549,REVEL,BELLESPA,PEGAMENTO DE UÑA 10G,"Soft gel, press gel y adhesivos para uñas",IMPORTED,4e884742-cab9-4ce2-8c84-d5e84195cdd4,BEL-SOF-32499E,c4634c09-0a21-47d6-be8e-01f5c966bbf5,BEL-SOF-32499E-275B4D,e607099d-7a28-4427-a627-8cee946c2b85,,,
Catálogo organizado,1452,,AC-656,BELLESPA,BELLESPA,PRESS GEL  30G EN TUBO TIPO PLASTILINA,"Soft gel, press gel y adhesivos para uñas",IMPORTED,fe09001f-c562-4c35-b41b-1611db47c16b,BEL-SOF-BAF0A9,7cb9ef39-ac95-4cbb-b5f4-57b5c53a8d0c,BEL-SOF-BAF0A9-84BD30,a732795e-647c-4f21-b5ec-5d4bc4d3e496,,,
Catálogo organizado,1453,,AC-657,BELLESPA,BELLESPA,PRESS GEL 15ML PARA SOFT GEL,"Soft gel, press gel y adhesivos para uñas",IMPORTED,bd3c8e95-b55e-431f-9359-d18a36c40742,BEL-SOF-56CBAE,5c6e045b-1081-4e33-8f1c-9afccb117499,BEL-SOF-56CBAE-98A00E,e777899c-8d01-4eef-b7bc-deff9ce6ac19,,,
Catálogo organizado,1454,,LC2030,ROSE&LIN,CHARM LIMIT,PRESS GEL 15ML,"Soft gel, press gel y adhesivos para uñas",IMPORTED,b8a43af2-6f09-41bc-a86b-f26034ab3362,CHA-SOF-7E575B,5a398a62-ebfe-4204-a0ed-55dd06d2f311,CHA-SOF-7E575B-98A00E,e1b346c9-b59c-421b-bcc1-3f8c4f75c802,,,
Catálogo organizado,1455,CHE025,,MAY,CHERIMOYA,PEGAMENTO DE JOYERIA JEWELRY 15ml.,"Soft gel, press gel y adhesivos para uñas",IMPORTED,94036c1e-3b2d-41a2-ba6b-fe0cf53b78c8,CHE-SOF-C254C9,8a797be3-0b85-40fe-99b8-c656ea632e52,CHE025,b00db82c-742f-4d1f-b3e6-1d3bce5225fb,,,
Catálogo organizado,1456,CHE004,,MAY,CHERIMOYA,PEGAMENTO DE UÑA 10ML,"Soft gel, press gel y adhesivos para uñas",IMPORTED,40e88cea-59c8-4cd5-8462-c2c301d16615,CHE-SOF-94B0C6,6dca9af4-de95-4957-afe5-267052cf539f,CHE004,d875db97-a9cd-4db5-8ebf-24cb6f7b7235,,,
Catálogo organizado,1457,CHE021,,MAY,CHERIMOYA,PRESS GEL 15ML,"Soft gel, press gel y adhesivos para uñas",IMPORTED,5a44e6af-864e-46c9-890e-1ba669ff2def,CHE-SOF-6E6ABC,12c0ab26-d334-483d-ba9a-01c8d5ba9ec6,CHE021,ed1f4eaf-e808-4a2a-ab5a-220755819e5a,,,
Catálogo organizado,1458,,,MAY,CHERIMOYA,PRESS GEL 15ML TUBO,"Soft gel, press gel y adhesivos para uñas",IMPORTED,b5b70a63-fde5-4639-b493-d6bf25020171,CHE-SOF-63C494,007244cc-9618-422c-a9e0-b263cebb41f0,CHE-SOF-63C494-98A00E,38c36964-4c08-4748-833b-75f47b97d684,,,
Catálogo organizado,1459,KEK001,,MAY,KEKESTAR,ADHESIVO PARA UÑAS,"Soft gel, press gel y adhesivos para uñas",IMPORTED,da3e0c07-dcec-4dc8-ba04-ea7562601bba,KEK-SOF-B6675A,3bd84846-26a9-49d8-b877-f01a3f3d6b90,KEK001,633b2188-b169-4433-8519-84f8dcdf4d67,,,
Catálogo organizado,1460,,PU-803,MYSTYLE,MYSTYLE,PEGAMENTO DE UÑAS,"Soft gel, press gel y adhesivos para uñas",IMPORTED,78fc3d92-11da-403b-9a40-c0a4ee40237a,MYS-SOF-F3DAF6,3efdf901-ad0c-4c89-9324-a6b5c728cd16,MYS-SOF-F3DAF6-UNICA,87dd187b-2ade-4ece-bb14-ef59b550175c,,,
Catálogo organizado,1461,,AC-663,BELLESPA,BELLESPA,UÑAS SOFT GEL MEDIUM ALMOND x120,"Tips, dual system y uñas para extensión",IMPORTED,a44b5f8f-994e-4610-b15d-54dcca8c357e,BEL-TIP-D2A12F,8929337a-a7c6-4a7b-b4af-9c864b0a0394,BEL-TIP-D2A12F-1D72C9,9e35502c-0c58-4d06-b0f7-e449c64babdf,,,
Catálogo organizado,1462,,,WEDOR,CANDY SECRET,DUAL SISTEM X120 SURTIDO,"Tips, dual system y uñas para extensión",IMPORTED,de5e658b-7300-4f06-9bdb-9bb58449c9ad,CAN-TIP-E37F96,79580951-7192-47e0-bd4e-602b00d534aa,CAN-TIP-E37F96-8057EA,047e1560-c40f-4a03-b3c4-733f76836d41,,,
Catálogo organizado,1463,,,WEDOR,CANDY SECRET,TIPS COFFI X500 TRANSPARENTE,"Tips, dual system y uñas para extensión",IMPORTED,e8b37be3-1737-4c71-bef3-8c88e0288662,CAN-TIP-A97BE9,1482e067-e0c6-459e-a796-9a41ce909953,CAN-TIP-A97BE9-BD9289,88f78fac-c921-46ba-8816-665355034ae1,,,
Catálogo organizado,1464,OTR072,,MAY,CANDY SECRET,TIPS COFFI X500 TRANSPARENTE,"Tips, dual system y uñas para extensión",IMPORTED,e8b37be3-1737-4c71-bef3-8c88e0288662,CAN-TIP-A97BE9,1482e067-e0c6-459e-a796-9a41ce909953,CAN-TIP-A97BE9-BD9289,0443442d-713f-4999-8c66-df0f2cc37b07,,,
Catálogo organizado,1465,OTR073,,MAY,CANDY SECRET,TIPS CURVA C X500 TRANSPARENTE,"Tips, dual system y uñas para extensión",IMPORTED,4062ac08-491b-4d8d-816a-335cc3061882,CAN-TIP-C0B2FD,23b9a4a1-90d7-453b-baca-c889adfd314d,OTR073,3403e55f-c41d-43c1-b152-15869d11d795,,,
Catálogo organizado,1466,,,WEDOR,CANDY SECRET,TIPS SOFT GEL ALMOND MEDIUM X550,"Tips, dual system y uñas para extensión",IMPORTED,55322db2-7b30-49fb-9aac-5df21e9ba9a3,CAN-TIP-369220,dd512f31-2e1f-4c79-95bc-ab4034a3eadc,CAN-TIP-369220-DB8089,a4dbd732-fc5c-42fe-bf79-c64aa1f2a395,,,
Catálogo organizado,1467,,,WEDOR,CANDY SECRET,UÑA BALERINA X500 TRANSPARENTE,"Tips, dual system y uñas para extensión",IMPORTED,ae397005-2d95-481c-8eef-6be5de67c1c6,CAN-TIP-6170BA,b715068c-9670-4520-a4ec-28bb80c1657c,CAN-TIP-6170BA-BD9289,1278ac04-e09c-40b6-92e3-2fb31a2acca9,,,
Catálogo organizado,1468,,,MAY,CANDY SECRET,UÑA BALERINA X500 TRANSPARENTE,"Tips, dual system y uñas para extensión",IMPORTED,ae397005-2d95-481c-8eef-6be5de67c1c6,CAN-TIP-6170BA,b715068c-9670-4520-a4ec-28bb80c1657c,CAN-TIP-6170BA-BD9289,8cabec58-5405-4bc3-b6fa-f007f8d59402,,,
Catálogo organizado,1469,SAL005,,MAY,CANDY SECRET,UÑA ENTERA X100 NATURAL,"Tips, dual system y uñas para extensión",IMPORTED,35637249-38bb-47b9-b577-5469df31bee3,CAN-TIP-F40EC9,c743ef5c-1c31-4404-b684-686bc4a3a3fb,SAL005,8623f051-45be-461f-8ac8-9ecc54e39016,,,
Catálogo organizado,1470,SAL006,,MAY,CANDY SECRET,UÑA ENTERA X100 TRANSPARENTE,"Tips, dual system y uñas para extensión",IMPORTED,2219f853-f97d-4786-b0c7-986cea7779ba,CAN-TIP-CC0427,7c2858a4-f1b2-49e7-be2d-7ac18147de0d,SAL006,7c9500c5-d04d-40f8-a183-81346a762795,,,
Catálogo organizado,1471,,,WEDOR,CANDY SECRET,UÑAS ENTERA X500 NATURAL,"Tips, dual system y uñas para extensión",IMPORTED,eef38f0c-3365-46be-b3d1-9e532c30fd76,CAN-TIP-B9E69E,e81e62bd-552a-4edf-9f08-6925b6213531,CAN-TIP-B9E69E-BD9289,a9ab03fe-a744-4424-8a6f-fa0701375d76,,,
Catálogo organizado,1472,,,WEDOR,CANDY SECRET,UÑAS ENTERA X500 TRANSPARENTE,"Tips, dual system y uñas para extensión",IMPORTED,911f06b5-bb27-4fa5-aa0a-0010ee277798,CAN-TIP-CAF64B,9a50010f-1ac8-4d44-bc30-ab3a4dc6ce0f,CAN-TIP-CAF64B-BD9289,d49e7f06-e27e-451f-90c3-f3b75937b1e3,,,
Catálogo organizado,1473,,,MAY,GUAPA,TIPS SOFT GEL ALMENDRA X550,"Tips, dual system y uñas para extensión",IMPORTED,377a88ce-9814-44a7-8540-04bd41212d7f,GUA-TIP-F38A5B,748a7f83-da2e-4552-8fbd-60f6516db612,GUA-TIP-F38A5B-A0DB8C,7de31c61-4811-44eb-ab8e-bbb0f9589b58,,,
Catálogo organizado,1474,,,MAY,GUAPA,TIPS SOFT GEL BALERINA X550,"Tips, dual system y uñas para extensión",IMPORTED,1c31c2bf-e80f-4875-a99c-181b8227ec80,GUA-TIP-D558CF,8dd568b6-bafb-462a-84b9-f3025db5a03f,GUA-TIP-D558CF-A61EED,ab59a20b-3b98-4504-95e9-9b34accc01f2,,,
Catálogo organizado,1475,,,MAY,GUAPA,TIPS SOFT GEL UÑA ENTERA PIE X550,"Tips, dual system y uñas para extensión",IMPORTED,72719919-bc80-4796-976f-d43da5e49ae9,GUA-TIP-7D2F5F,c0d27048-b662-4965-bcee-e9dc9a07433e,GUA-TIP-7D2F5F-A61EED,3d92ce05-3ff3-465b-85ba-083896d9d0db,,,
Catálogo organizado,1476,MCN034,,MC,MC NAILS,TIPS LONG SHARP NATURAL 200PZ.,"Tips, dual system y uñas para extensión",IMPORTED,4ba2a189-a50f-4ae5-b6bc-b84d74cee350,MCN-TIP-7F66B6,8bc2cdb4-25a2-47f5-96d2-9862ead07bc2,MCN034,4a1b4c05-5d63-48eb-a964-61c22419aefc,,,
Catálogo organizado,1477,,,MAY,MYSTYLE,TIPS CURVA C X500 TRANSPARENTE,"Tips, dual system y uñas para extensión",IMPORTED,4e05cddc-c7e4-4799-a60a-ab49a9f35535,MYS-TIP-E3E819,8c9999b8-262e-4856-8925-9249bc97a14f,MYS-TIP-E3E819-BD9289,fad70d67-0f17-4925-848f-9f30fd5a8427,,,
Catálogo organizado,1478,,,MAY,OTROS,TIPS COFFI XL X240und.,"Tips, dual system y uñas para extensión",IMPORTED,f95a5c55-5d4c-457c-8a37-7ecba47f03e0,GEN-TIP-AADE4A,158ec05c-dad9-423a-901b-b6eeb342eb57,GEN-TIP-AADE4A-36B2FF,34ac8431-c531-426b-bbd9-07275930d44a,,,
Catálogo organizado,1479,OTR193,SS-038,CHINO PUNO,OTROS,TIPS COFFI XL x100und.,"Tips, dual system y uñas para extensión",IMPORTED,f95a5c55-5d4c-457c-8a37-7ecba47f03e0,GEN-TIP-AADE4A,0df722d3-0283-4e08-8c31-c75fd250d98f,OTR193,697ce441-feeb-4af1-bc3e-5c75d6c0c1d5,,,
Catálogo organizado,1480,OTR194,SS-140,CHINO PUNO,OTROS,TIPS CURVA C XL x100und.,"Tips, dual system y uñas para extensión",IMPORTED,4879e4a9-0bdc-4055-a7bd-3e3151929570,GEN-TIP-EABF4E,18640584-2369-442c-b852-bbc3a6687f66,OTR194,71d08e10-245d-4607-a083-1d9738dc45d2,,,
Catálogo organizado,1481,,SS-248,CHINO PUNO,OTROS,TIPS SOFT GEL XL,"Tips, dual system y uñas para extensión",IMPORTED,fa2191d4-f37e-4753-93b0-fb0f41826a0c,GEN-TIP-914FA7,b1a8d92b-5a3a-4936-bbfb-5d6ffccf200f,GEN-TIP-914FA7-E110E4,7fb8a1ff-bafc-4961-b842-c79d1a5d08fc,,,
Catálogo organizado,1482,,,KELMAR,OTROS,UÑAS DUAL SISTEM VARIOS X288,"Tips, dual system y uñas para extensión",IMPORTED,71b1ff49-ef28-4957-8ac5-dc8dbae6fca9,GEN-TIP-67C4D0,f3cd1dff-283e-4073-8513-c9655e097e0b,GEN-TIP-67C4D0-D37959,e4fa9735-5139-41be-b4e3-53a541b3d4ae,,,
Catálogo organizado,1483,OTR109,,MAY,OTROS,UÑAS DUAL SISTEM X100 CAJA ROSA,"Tips, dual system y uñas para extensión",IMPORTED,e27c0831-bc03-44d8-82e7-36de97e39dc1,GEN-TIP-EDF3CB,93449814-ae9f-471d-9dd5-5e9cb2a7a04d,OTR109,8e973ebc-c071-4449-b2f9-0f94020f2e1d,,,
Catálogo organizado,1484,OTR071,,MAY,OTROS,UÑAS DUAL SISTEM X200 ALMOND,"Tips, dual system y uñas para extensión",IMPORTED,fe2619f3-7240-41b7-86bf-419f8f5ae81a,GEN-TIP-BDAF84,4d634f87-4006-4a72-a2d0-0c1da412d180,OTR071,835758b8-5961-4485-9595-6e2d81d96f2c,,,
Catálogo organizado,1485,,SS-376,CHINO PUNO,OTROS,UÑAS DUAL SISTEM X50 Nº16,"Tips, dual system y uñas para extensión",IMPORTED,41d40a19-50c4-4c26-8066-311d47fabc71,GEN-TIP-53F573,067d781b-f926-458d-a2a1-a835962426e0,GEN-TIP-53F573-3D717A,ac8c00f6-7250-4593-9903-b079e7fc2242,,,
Catálogo organizado,1486,,SS-376,CHINO PUNO,OTROS,UÑAS DUAL SISTEM X50 Nº3,"Tips, dual system y uñas para extensión",IMPORTED,7300fcae-38c5-4a66-b10a-f99538e44def,GEN-TIP-65E2B8,a6589073-87ff-412d-8457-6daed2775be9,GEN-TIP-65E2B8-DE74C1,44314616-8ec0-4421-ace8-30176323f7c4,import_distinct,duplicate_supplier_code,"El proveedor reutilizó el código SS-376 para artículos distintos («UÑAS DUAL SISTEM X50 Nº3» vs «UÑAS DUAL SISTEM X50 Nº16»); se importa como artículo propio y el código queda registrado solo en la primera oferta."
Catálogo organizado,1487,,SS-532,CHINO PUNO,OTROS,UÑAS SOFT GEL ALMOND X240,"Tips, dual system y uñas para extensión",IMPORTED,00c6cb73-6a01-468f-9cd0-cbcd70187aa0,GEN-TIP-E09FE8,bdc646d0-7eba-4d60-80d3-261a7172edc4,GEN-TIP-E09FE8-6BE4F6,0493a3df-ba78-44dd-8fb5-7e683556bc32,,,
Catálogo organizado,1488,,SS-534,CHINO PUNO,OTROS,UÑAS SOFT GEL BALERINA X240,"Tips, dual system y uñas para extensión",IMPORTED,658aa12d-59e8-4707-aa12-9e9686d37517,GEN-TIP-41F0B0,12ddc94c-d321-4565-a3c9-15623de92e17,GEN-TIP-41F0B0-6BE4F6,82f15b3d-1885-46d7-92cd-a61780c4e416,,,
Catálogo organizado,1489,,SS-532,CHINO PUNO,OTROS,UÑAS SOFT GEL BLISTER X 240 ALMOND,"Tips, dual system y uñas para extensión",DUPLICATE_CONFIRMED,,,,,,confirm_duplicate,duplicate_supplier_code,"«UÑAS SOFT GEL BLISTER X 240 ALMOND» = «UÑAS SOFT GEL ALMOND X240» (fila 1487): mismo artículo re-escrito; mismo código SS-532."
Catálogo organizado,1490,,SS-536,CHINO PUNO,OTROS,UÑAS SOFT GEL BLISTER X 240 BALERINA,"Tips, dual system y uñas para extensión",IMPORTED,819807bb-9955-468f-b32b-07e72139765a,GEN-TIP-BB579F,6fc1b447-e02b-439f-b8bd-ff84285b4be8,GEN-TIP-BB579F-UNICA,f10eb65f-841f-4ff0-b741-4db0a236fd4a,,,
Catálogo organizado,1491,,SS-533,CHINO PUNO,OTROS,UÑAS SOFT GEL BLISTER X 240 STILETO,"Tips, dual system y uñas para extensión",DUPLICATE_CONFIRMED,,,,,,confirm_duplicate,duplicate_supplier_code,"«UÑAS SOFT GEL BLISTER X 240 STILETO» = «UÑAS SOFT GEL STILETTO X240» (fila 1492): mismo artículo re-escrito; mismo código SS-533."
Catálogo organizado,1492,,SS-533,CHINO PUNO,OTROS,UÑAS SOFT GEL STILETTO X240,"Tips, dual system y uñas para extensión",IMPORTED,6bb3ed34-de88-43e4-9996-da4550820fbb,GEN-TIP-532ACA,2da5c325-d279-44cc-8e35-833914d3882f,GEN-TIP-532ACA-A5A7C1,e3da06ef-b302-42fe-b67b-5c768aefe23c,,,
Catálogo organizado,1493,SAL001,,MAY,SALON NAIL,TIPS COFFI X100 NATURAL,"Tips, dual system y uñas para extensión",IMPORTED,1236fa8b-070f-4333-9472-0e115a7b5ae3,SAL-TIP-24366E,935f42d4-db03-419c-8f73-cca83b15ecf4,SAL001,e9acea28-2af4-4fe3-836f-fae918f284f3,,,
Catálogo organizado,1494,SAL002,,MAY,SALON NAIL,TIPS COFFI X100 TRANSPARENTE,"Tips, dual system y uñas para extensión",IMPORTED,f0c7a6d8-4463-474e-83c8-5594f6f3db21,SAL-TIP-0F2C13,1f78d37c-60e2-4770-b2a2-6e1ba354dbe8,SAL002,64d7cd02-5f28-4479-8e8f-607cd2acd8f9,,,
Catálogo organizado,1495,SAL003,,MAY,SALON NAIL,TIPS CURVA C X100 TRANSPARENTE,"Tips, dual system y uñas para extensión",IMPORTED,88f4ac05-91a5-4793-b28d-19fe62359757,SAL-TIP-8391B7,9a04ac48-8094-4fb2-baae-22d05b035a02,SAL003,964cca61-5a62-4561-8d5f-4af062d12094,,,
Catálogo organizado,1496,SAL004,,MAY,SALON NAIL,TIPS SONRISA X100 TRANSPARENTE,"Tips, dual system y uñas para extensión",IMPORTED,61b7005a-0a52-4cad-b10c-ce452de47c86,SAL-TIP-D150A7,8918536e-f53d-450a-bb67-5cc4504febf4,SAL004,c033e0ce-93ce-4322-8aa4-47bf9bedb0eb,,,
Catálogo organizado,1497,SAL009,,MAY,SALON NAIL,UÑA BALERINA X100 NATURAL,"Tips, dual system y uñas para extensión",IMPORTED,e256b51a-5b56-4730-9a72-bc86301acc8d,SAL-TIP-6628A0,b5ef21bb-50c9-45fc-b5fe-5de23edc54f9,SAL009,33e4ce06-5e18-45a9-80ab-ed82ef38690e,,,
Catálogo organizado,1498,SAL008,,MAY,SALON NAIL,UÑA OVALADA X100 TRANSPARENTE,"Tips, dual system y uñas para extensión",IMPORTED,8f548ea7-fd2f-4021-99f7-00ab54249488,SAL-TIP-F27BBA,56ebd60b-8d79-4a99-ba75-2b29137e5e2f,SAL008,416f9519-e04d-45c4-803f-b43107c29f73,,,
Catálogo organizado,1499,SAL007,,MAY,SALON NAIL,UÑA PIE X100 NATURAL,"Tips, dual system y uñas para extensión",IMPORTED,178d552c-f6ea-45e7-b1b6-0ffe4c54b549,SAL-TIP-1F0760,77236a3c-3db1-496f-a869-882263a40b45,SAL007,dc9b86bd-ee66-48e5-b0be-5e8fd0a57116,,,
Catálogo organizado,1500,,,MAY,STRONGER,TIPS COFFI X500 NATURAL,"Tips, dual system y uñas para extensión",IMPORTED,d022c2a7-a624-493a-8a37-d8adeedc8679,STR-TIP-3D5B0F,b4af65d9-26c9-4d8c-841f-12ba21131b67,STR-TIP-3D5B0F-BD9289,49096c58-9e26-4f5a-bcb4-6cf44f3516c7,,,
Catálogo organizado,1501,,,MAY,STRONGER,TIPS SONRISA X500  TRANSPARENTE,"Tips, dual system y uñas para extensión",IMPORTED,c24e350d-d912-44f9-bfd6-e7f8ef0eeaef,STR-TIP-D60073,70a0c2d0-2059-4ea4-ab66-de9ce6aecf2d,STR-TIP-D60073-BD9289,64433641-4e38-483c-8b15-cd17f6a7638f,,,